{"type":"FeatureCollection","features":[{"type":"Feature","properties":{"y":3,"ys":[2016,2017,2018],"last":2018},"geometry":{"type":"Polygon","coordinates":[[[100.309660695467,13.7450812093497],[100.309653055044,13.7451114967939],[100.309605511206,13.745100035921],[100.309613151636,13.7450697484776],[100.309660695467,13.7450812093497]]]}},{"type":"Feature","properties":{"y":4,"ys":[2015,2016,2017,2018],"last":2018},"geometry":{"type":"Polygon","coordinates":[[[100.309077597671,13.7414127140398],[100.309057212514,13.7414484461252],[100.309012654768,13.7414241542379],[100.309033039931,13.7413884221558],[100.309077597671,13.7414127140398]]]}},{"type":"Feature","properties":{"y":1,"ys":[2025],"last":2025},"geometry":{"type":"Polygon","coordinates":[[[100.315850768698,13.7292207839433],[100.315845936579,13.7292622751406],[100.315775874073,13.7292544769137],[100.315780706204,13.7292129857167],[100.315850768698,13.7292207839433]]]}},{"type":"Feature","properties":{"y":4,"ys":[2015,2016,2017,2018],"last":2018},"geometry":{"type":"Polygon","coordinates":[[[100.308174808027,13.7439820083955],[100.308155999741,13.744015771702],[100.308067494693,13.7439686582268],[100.308086302991,13.7439348949266],[100.308174808027,13.7439820083955]]]}},{"type":"Feature","properties":{"y":2,"ys":[2025,2026],"last":2026},"geometry":{"type":"Polygon","coordinates":[[[100.318281430619,13.7298770142389],[100.318250749861,13.7300052709295],[100.318148959993,13.7299819998597],[100.318179640806,13.7298537431764],[100.318281430619,13.7298770142389]]]}},{"type":"Feature","properties":{"y":3,"ys":[2017,2020,2025],"last":2025},"geometry":{"type":"Polygon","coordinates":[[[100.310607942347,13.7415766239681],[100.31056119522,13.7416739948066],[100.31048614335,13.7416395622517],[100.310532890505,13.7415421914252],[100.310607942347,13.7415766239681]]]}},{"type":"Feature","properties":{"y":4,"ys":[2015,2016,2017,2018],"last":2018},"geometry":{"type":"Polygon","coordinates":[[[100.308061471631,13.7435823841735],[100.308018053119,13.7436588355434],[100.307697148354,13.7434846786278],[100.307740566948,13.7434082273089],[100.308061471631,13.7435823841735]]]}},{"type":"Feature","properties":{"y":4,"ys":[2015,2016,2017,2018],"last":2018},"geometry":{"type":"Polygon","coordinates":[[[100.3092067,13.7430117],[100.3091869,13.7430468],[100.309068,13.7429826],[100.3090878,13.7429475],[100.3092067,13.7430117]]]}},{"type":"Feature","properties":{"y":4,"ys":[2015,2016,2017,2018],"last":2018},"geometry":{"type":"Polygon","coordinates":[[[100.308758907812,13.7431526298196],[100.308738147203,13.743188531649],[100.308655764903,13.7431430083885],[100.308676525522,13.7431071065655],[100.308758907812,13.7431526298196]]]}},{"type":"Feature","properties":{"y":3,"ys":[2016,2017,2018],"last":2018},"geometry":{"type":"Polygon","coordinates":[[[100.309599053529,13.745055533878],[100.309587970604,13.7450884262086],[100.309543077586,13.7450738083189],[100.309554160518,13.7450409159897],[100.309599053529,13.745055533878]]]}},{"type":"Feature","properties":{"y":1,"ys":[2018],"last":2018},"geometry":{"type":"Polygon","coordinates":[[[100.29174961266,13.7423733703292],[100.291690681282,13.7424424796807],[100.291509631524,13.74229494748],[100.291568562926,13.7422258381696],[100.29174961266,13.7423733703292]]]}},{"type":"Feature","properties":{"y":1,"ys":[2018],"last":2018},"geometry":{"type":"Polygon","coordinates":[[[100.291516610833,13.7421083558315],[100.291477324005,13.7421546630802],[100.291434051953,13.74211958101],[100.291473338785,13.7420732737676],[100.291516610833,13.7421083558315]]]}},{"type":"Feature","properties":{"y":1,"ys":[2017],"last":2017},"geometry":{"type":"Polygon","coordinates":[[[100.32402709013,13.7332948851606],[100.323991588873,13.733375325449],[100.323924642439,13.7333470889814],[100.323960143717,13.7332666487009],[100.32402709013,13.7332948851606]]]}},{"type":"Feature","properties":{"y":4,"ys":[2017,2018,2021,2025],"last":2025},"geometry":{"type":"Polygon","coordinates":[[[100.323619149105,13.732276777152],[100.32359640637,13.7323279542142],[100.323440640675,13.7322618002158],[100.323449396031,13.732242098423],[100.323426706485,13.7322324621165],[100.323440693897,13.7322009868598],[100.323619149105,13.732276777152]]]}},{"type":"Feature","properties":{"y":1,"ys":[2019],"last":2019},"geometry":{"type":"Polygon","coordinates":[[[100.310466852712,13.7243332765932],[100.310433801688,13.7244656724993],[100.310299010832,13.7244335123943],[100.310317153003,13.7243608386104],[100.310344951752,13.7243674711949],[100.310359860673,13.724307749083],[100.310466852712,13.7243332765932]]]}},{"type":"Feature","properties":{"y":1,"ys":[2025],"last":2025},"geometry":{"type":"Polygon","coordinates":[[[100.315837008769,13.7293389341332],[100.315833463851,13.7293693727021],[100.315763401313,13.7293615744744],[100.31576694624,13.7293311359058],[100.315837008769,13.7293389341332]]]}},{"type":"Feature","properties":{"y":4,"ys":[2015,2016,2017,2018],"last":2018},"geometry":{"type":"Polygon","coordinates":[[[100.309257131915,13.7423194910861],[100.309213857696,13.7423956049348],[100.308962808499,13.742259208251],[100.309006082786,13.7421830944338],[100.309257131915,13.7423194910861]]]}},{"type":"Feature","properties":{"y":1,"ys":[2017],"last":2017},"geometry":{"type":"Polygon","coordinates":[[[100.323984724564,13.7331432552101],[100.323942950214,13.7332237974996],[100.323875041958,13.7331901369133],[100.323916816327,13.7331095946335],[100.323984724564,13.7331432552101]]]}},{"type":"Feature","properties":{"y":4,"ys":[2015,2016,2017,2018],"last":2018},"geometry":{"type":"Polygon","coordinates":[[[100.30878849033,13.7416356485218],[100.308775197796,13.7416684937637],[100.308729513256,13.7416508258154],[100.308742805796,13.7416179805755],[100.30878849033,13.7416356485218]]]}},{"type":"Feature","properties":{"y":4,"ys":[2015,2016,2017,2018],"last":2018},"geometry":{"type":"Polygon","coordinates":[[[100.309060222349,13.741962687523],[100.309012229303,13.7420465701608],[100.308828290448,13.7419460020479],[100.308876283545,13.7418621194412],[100.309060222349,13.741962687523]]]}},{"type":"Feature","properties":{"y":4,"ys":[2015,2016,2017,2018],"last":2018},"geometry":{"type":"Polygon","coordinates":[[[100.308077030846,13.7435474982255],[100.308063171178,13.7435779950483],[100.308018189412,13.743558460243],[100.308032049085,13.7435279634223],[100.308077030846,13.7435474982255]]]}},{"type":"Feature","properties":{"y":4,"ys":[2015,2016,2017,2018],"last":2018},"geometry":{"type":"Polygon","coordinates":[[[100.309533474549,13.742467227767],[100.309490732488,13.7425431288897],[100.309240708783,13.7424085839613],[100.309283450908,13.7423326828763],[100.309533474549,13.742467227767]]]}},{"type":"Feature","properties":{"y":3,"ys":[2018,2020,2025],"last":2025},"geometry":{"type":"Polygon","coordinates":[[[100.315397019949,13.7293221519923],[100.315383858308,13.7293931631444],[100.315251683978,13.7293697500492],[100.31526484566,13.7292987389006],[100.315397019949,13.7293221519923]]]}},{"type":"Feature","properties":{"y":2,"ys":[2024,2025],"last":2025},"geometry":{"type":"Polygon","coordinates":[[[100.299772068267,13.7429119700915],[100.299778532348,13.7430392707028],[100.299732407747,13.7430415088293],[100.299725943691,13.7429142082151],[100.299772068267,13.7429119700915]]]}},{"type":"Feature","properties":{"y":5,"ys":[2015,2016,2017,2018,2020],"last":2020},"geometry":{"type":"Polygon","coordinates":[[[100.309688581085,13.742168517016],[100.309646814118,13.7422442988191],[100.309437238074,13.7421339190337],[100.309479005095,13.7420581372618],[100.309688581085,13.742168517016]]]}},{"type":"Feature","properties":{"y":2,"ys":[2025,2026],"last":2026},"geometry":{"type":"Polygon","coordinates":[[[100.297647348114,13.7437934842637],[100.297617702231,13.7438208377684],[100.297576016112,13.7437776643614],[100.297605661995,13.7437503108618],[100.297647348114,13.7437934842637]]]}},{"type":"Feature","properties":{"y":1,"ys":[2018],"last":2018},"geometry":{"type":"Polygon","coordinates":[[[100.29176742939,13.7429006223188],[100.291708906941,13.74296824529],[100.291523682964,13.7428150651108],[100.291582205436,13.7427474421815],[100.29176742939,13.7429006223188]]]}},{"type":"Feature","properties":{"y":4,"ys":[2015,2016,2017,2018],"last":2018},"geometry":{"type":"Polygon","coordinates":[[[100.309135081163,13.741826886506],[100.309115012607,13.7418620115756],[100.309028053123,13.7418145330946],[100.30904812169,13.7417794080315],[100.309135081163,13.741826886506]]]}},{"type":"Feature","properties":{"y":4,"ys":[2015,2016,2017,2018],"last":2018},"geometry":{"type":"Polygon","coordinates":[[[100.308907141839,13.7417464562588],[100.308863591058,13.7418239461039],[100.308678755906,13.7417246763049],[100.308722306736,13.7416471864881],[100.308907141839,13.7417464562588]]]}},{"type":"Feature","properties":{"y":3,"ys":[2016,2017,2018],"last":2018},"geometry":{"type":"Polygon","coordinates":[[[100.308094141898,13.7448615267972],[100.308051316878,13.7449665480136],[100.307961954346,13.7449317266786],[100.308004779403,13.7448267054744],[100.308094141898,13.7448615267972]]]}},{"type":"Feature","properties":{"y":1,"ys":[2025],"last":2025},"geometry":{"type":"Polygon","coordinates":[[[100.322851871736,13.732872710223],[100.32279574333,13.7329862953451],[100.322697191255,13.732939753731],[100.322753319701,13.7328261686272],[100.322851871736,13.732872710223]]]}},{"type":"Feature","properties":{"y":1,"ys":[2026],"last":2026},"geometry":{"type":"Polygon","coordinates":[[[100.304858225323,13.7427341079311],[100.304826698532,13.7427859139028],[100.304785887897,13.7427621810115],[100.304817414694,13.7427103750441],[100.304858225323,13.7427341079311]]]}},{"type":"Feature","properties":{"y":4,"ys":[2015,2016,2017,2018],"last":2018},"geometry":{"type":"Polygon","coordinates":[[[100.30824389218,13.7440625590179],[100.30820218551,13.7441374279013],[100.307973769904,13.7440158365143],[100.308015476629,13.7439409676709],[100.30824389218,13.7440625590179]]]}},{"type":"Feature","properties":{"y":1,"ys":[2025],"last":2025},"geometry":{"type":"Polygon","coordinates":[[[100.303674790755,13.7332376884897],[100.303672541335,13.7332894339448],[100.303640789019,13.733288114816],[100.303643038446,13.7332363693606],[100.303674790755,13.7332376884897]]]}},{"type":"Feature","properties":{"y":3,"ys":[2016,2017,2018],"last":2018},"geometry":{"type":"Polygon","coordinates":[[[100.309723630062,13.7451620735828],[100.309688740348,13.7452406691236],[100.309365118946,13.7451033895997],[100.309400008757,13.745024794096],[100.309723630062,13.7451620735828]]]}},{"type":"Feature","properties":{"y":1,"ys":[2018],"last":2018},"geometry":{"type":"Polygon","coordinates":[[[100.291401810503,13.7420152834103],[100.291362523665,13.7420615906417],[100.291321647854,13.7420284512354],[100.291360934696,13.7419821440101],[100.291401810503,13.7420152834103]]]}},{"type":"Feature","properties":{"y":5,"ys":[2018,2020,2022,2025,2026],"last":2026},"geometry":{"type":"Polygon","coordinates":[[[100.315221341838,13.72928483111],[100.31519986703,13.7293787499962],[100.315137656081,13.7293651552516],[100.315159130913,13.7292712363687],[100.315221341838,13.72928483111]]]}},{"type":"Feature","properties":{"y":4,"ys":[2015,2016,2017,2018],"last":2018},"geometry":{"type":"Polygon","coordinates":[[[100.309186872891,13.743046845173],[100.309144669986,13.74312153429],[100.308896002646,13.7429872638302],[100.308938205613,13.7429125747503],[100.309186872891,13.743046845173]]]}},{"type":"Feature","properties":{"y":4,"ys":[2015,2016,2017,2018],"last":2018},"geometry":{"type":"Polygon","coordinates":[[[100.308379286185,13.744094192712],[100.308360181966,13.7441277585421],[100.308274827913,13.7440813360479],[100.30829393214,13.7440477702258],[100.308379286185,13.744094192712]]]}},{"type":"Feature","properties":{"y":2,"ys":[2017,2018],"last":2018},"geometry":{"type":"Polygon","coordinates":[[[100.30888796135,13.7453865702109],[100.308848325573,13.7454727730593],[100.308525520469,13.7453309410263],[100.308565156349,13.7452447382239],[100.30888796135,13.7453865702109]]]}},{"type":"Feature","properties":{"y":1,"ys":[2017],"last":2017},"geometry":{"type":"Polygon","coordinates":[[[100.323718520588,13.733176861322],[100.323682226334,13.7331585644965],[100.323665921366,13.7331894742259],[100.323641659603,13.7331772432706],[100.323676445383,13.7331112990137],[100.32373700139,13.7331418267894],[100.323718520588,13.733176861322]]]}},{"type":"Feature","properties":{"y":4,"ys":[2016,2017,2023,2025],"last":2025},"geometry":{"type":"Polygon","coordinates":[[[100.293483933139,13.7396796285797],[100.293457837059,13.7397394120127],[100.293310261925,13.739677852276],[100.29333635804,13.7396180688562],[100.293483933139,13.7396796285797]]]}},{"type":"Feature","properties":{"y":3,"ys":[2016,2017,2018],"last":2018},"geometry":{"type":"Polygon","coordinates":[[[100.308457390594,13.7450055848623],[100.308438822937,13.7450471688828],[100.308387611046,13.7450253179339],[100.308406178712,13.7449837339156],[100.308457390594,13.7450055848623]]]}},{"type":"Feature","properties":{"y":2,"ys":[2025,2026],"last":2026},"geometry":{"type":"Polygon","coordinates":[[[100.306091624842,13.7334182321295],[100.30609852075,13.7334000459412],[100.306374873825,13.7335001900823],[100.306381695147,13.7334822005369],[100.306767128641,13.7336218722905],[100.306627416898,13.7339903285275],[100.306604825495,13.7339821419747],[100.306584503967,13.7340357350306],[100.306607095375,13.7340439215849],[100.306576236693,13.7341253037822],[100.306553645277,13.7341171172256],[100.306538400928,13.7341573204233],[100.306560992347,13.7341655069813],[100.30649370201,13.7343429684862],[100.305374496665,13.7339373936145],[100.305634209173,13.7332524740829],[100.306091624842,13.7334182321295]]]}},{"type":"Feature","properties":{"y":1,"ys":[2017],"last":2017},"geometry":{"type":"Polygon","coordinates":[[[100.323575425898,13.7327075943204],[100.323525278749,13.7328024614836],[100.32346129181,13.7327701366248],[100.323502710122,13.7326917825108],[100.323536949536,13.7327090795474],[100.323545678392,13.732692566508],[100.323575425898,13.7327075943204]]]}},{"type":"Feature","properties":{"y":1,"ys":[2025],"last":2025},"geometry":{"type":"Polygon","coordinates":[[[100.320002673893,13.7341553958372],[100.320027263225,13.734137476837],[100.320048932567,13.7341658944861],[100.319933389069,13.7342500945376],[100.319848982942,13.7341394023766],[100.319939937094,13.734073121359],[100.320002673893,13.7341553958372]]]}},{"type":"Feature","properties":{"y":4,"ys":[2015,2016,2017,2018],"last":2018},"geometry":{"type":"Polygon","coordinates":[[[100.3080031734,13.7436835597493],[100.307955973601,13.743766523726],[100.30763401993,13.7435914913148],[100.30768121982,13.7435085273903],[100.3080031734,13.7436835597493]]]}},{"type":"Feature","properties":{"y":3,"ys":[2016,2017,2018],"last":2018},"geometry":{"type":"Polygon","coordinates":[[[100.30896203738,13.7449840017566],[100.30892275683,13.7450711086015],[100.308601738834,13.7449327760712],[100.308641019485,13.7448456692767],[100.30896203738,13.7449840017566]]]}},{"type":"Feature","properties":{"y":4,"ys":[2015,2016,2017,2018],"last":2018},"geometry":{"type":"Polygon","coordinates":[[[100.308393953696,13.7425703510173],[100.308374976268,13.7426037037503],[100.308283607346,13.7425540236373],[100.308302584785,13.7425206709096],[100.308393953696,13.7425703510173]]]}},{"type":"Feature","properties":{"y":5,"ys":[2015,2016,2017,2018,2025],"last":2025},"geometry":{"type":"Polygon","coordinates":[[[100.309160810911,13.7412507352491],[100.309113353441,13.7413335691489],[100.308884453334,13.741208247574],[100.308931910868,13.7411254137109],[100.309160810911,13.7412507352491]]]}},{"type":"Feature","properties":{"y":1,"ys":[2025],"last":2025},"geometry":{"type":"Polygon","coordinates":[[[100.322951315131,13.7329196727064],[100.322895186766,13.7330332578475],[100.32279652812,13.7329866659653],[100.322852656526,13.7328730808431],[100.322951315131,13.7329196727064]]]}},{"type":"Feature","properties":{"y":4,"ys":[2015,2016,2017,2018],"last":2018},"geometry":{"type":"Polygon","coordinates":[[[100.308795569801,13.7437314179789],[100.30874839486,13.7438149433403],[100.308498151121,13.7436798822157],[100.308545326134,13.7435963568959],[100.308795569801,13.7437314179789]]]}},{"type":"Feature","properties":{"y":4,"ys":[2015,2016,2017,2018],"last":2018},"geometry":{"type":"Polygon","coordinates":[[[100.308573782645,13.7434805911523],[100.308531205936,13.743555913314],[100.308283560725,13.7434221446691],[100.308326137497,13.7433468225445],[100.308573782645,13.7434805911523]]]}},{"type":"Feature","properties":{"y":1,"ys":[2017],"last":2017},"geometry":{"type":"Polygon","coordinates":[[[100.324174024727,13.7330364346125],[100.324135037234,13.7331180959459],[100.324065809406,13.7330865093128],[100.324104796921,13.7330048479887],[100.324174024727,13.7330364346125]]]}},{"type":"Feature","properties":{"y":1,"ys":[2018],"last":2018},"geometry":{"type":"Polygon","coordinates":[[[100.290648797864,13.7429251853627],[100.290640148235,13.7429494984572],[100.29061141389,13.7429397297933],[100.290620063521,13.7429154166995],[100.290648797864,13.7429251853627]]]}},{"type":"Feature","properties":{"y":4,"ys":[2015,2016,2017,2018],"last":2018},"geometry":{"type":"Polygon","coordinates":[[[100.308633489608,13.7440257824207],[100.308585023261,13.7441100997148],[100.308338066853,13.7439744506073],[100.308386533269,13.7438901333553],[100.308633489608,13.7440257824207]]]}},{"type":"Feature","properties":{"y":4,"ys":[2015,2016,2017,2018],"last":2018},"geometry":{"type":"Polygon","coordinates":[[[100.30907281675,13.7425576976359],[100.309053741692,13.7425910539951],[100.309012798098,13.7425686796043],[100.30903187316,13.7425353232475],[100.30907281675,13.7425576976359]]]}},{"type":"Feature","properties":{"y":5,"ys":[2015,2016,2017,2018,2025],"last":2025},"geometry":{"type":"Polygon","coordinates":[[[100.308987221404,13.7413634429044],[100.308966836236,13.7413991749832],[100.308925845383,13.7413768276611],[100.308946230556,13.741341095585],[100.308987221404,13.7413634429044]]]}},{"type":"Feature","properties":{"y":4,"ys":[2017,2018,2021,2025],"last":2025},"geometry":{"type":"Polygon","coordinates":[[[100.324219768337,13.7324766970722],[100.324234802249,13.7325175597046],[100.324205672578,13.7325278019918],[100.324190638669,13.732486939357],[100.324219768337,13.7324766970722]]]}},{"type":"Feature","properties":{"y":1,"ys":[2025],"last":2025},"geometry":{"type":"Polygon","coordinates":[[[100.306595063201,13.7349324203443],[100.306581964802,13.7349630326257],[100.306501163919,13.7349299922168],[100.306514262326,13.7348993799395],[100.306595063201,13.7349324203443]]]}},{"type":"Feature","properties":{"y":4,"ys":[2015,2016,2017,2018],"last":2018},"geometry":{"type":"Polygon","coordinates":[[[100.308513725755,13.7428117377844],[100.308467008541,13.7428948705679],[100.30819274002,13.7427475856764],[100.308239457316,13.7426644529312],[100.308513725755,13.7428117377844]]]}},{"type":"Feature","properties":{"y":7,"ys":[2017,2020,2021,2022,2024,2025,2026],"last":2026},"geometry":{"type":"Polygon","coordinates":[[[100.31616278805,13.7318063789895],[100.316152761068,13.7318474924246],[100.316088290254,13.731832465567],[100.316098317247,13.7317913521336],[100.31616278805,13.7318063789895]]]}},{"type":"Feature","properties":{"y":1,"ys":[2018],"last":2018},"geometry":{"type":"Polygon","coordinates":[[[100.291543004614,13.7428173857365],[100.29154173777,13.7428516563299],[100.291519115454,13.7428508572025],[100.291492155819,13.7428155895124],[100.291543004614,13.7428173857365]]]}},{"type":"Feature","properties":{"y":1,"ys":[2018],"last":2018},"geometry":{"type":"Polygon","coordinates":[[[100.291162587874,13.7415399397352],[100.291108619739,13.74161765445],[100.290834454331,13.7414357140111],[100.290888422525,13.7413579993507],[100.291162587874,13.7415399397352]]]}},{"type":"Feature","properties":{"y":2,"ys":[2016,2017],"last":2017},"geometry":{"type":"Polygon","coordinates":[[[100.307447686418,13.744442329845],[100.307399207266,13.7445365646995],[100.307318716753,13.7444969953312],[100.307367195932,13.7444027604901],[100.307447686418,13.744442329845]]]}},{"type":"Feature","properties":{"y":1,"ys":[2017],"last":2017},"geometry":{"type":"Polygon","coordinates":[[[100.324301076462,13.7330944045283],[100.324262089006,13.7331760658783],[100.324148930693,13.7331244351212],[100.324187918182,13.7330427737862],[100.324301076462,13.7330944045283]]]}},{"type":"Feature","properties":{"y":1,"ys":[2018],"last":2018},"geometry":{"type":"Polygon","coordinates":[[[100.291653694056,13.7427528067857],[100.291633470844,13.7427823585863],[100.291602257055,13.7427619463784],[100.29162248027,13.7427323945805],[100.291653694056,13.7427528067857]]]}},{"type":"Feature","properties":{"y":4,"ys":[2015,2016,2017,2018],"last":2018},"geometry":{"type":"Polygon","coordinates":[[[100.309544059089,13.7418417011522],[100.309498055221,13.7419245795316],[100.309247114837,13.7417914713091],[100.309293118776,13.7417085929701],[100.309544059089,13.7418417011522]]]}},{"type":"Feature","properties":{"y":2,"ys":[2024,2025],"last":2025},"geometry":{"type":"Polygon","coordinates":[[[100.319664297695,13.7334274713379],[100.319478773119,13.7335640455623],[100.319410432857,13.7334753255119],[100.319595957412,13.73333875134],[100.319664297695,13.7334274713379]]]}},{"type":"Feature","properties":{"y":4,"ys":[2015,2016,2017,2018],"last":2018},"geometry":{"type":"Polygon","coordinates":[[[100.309210124845,13.7416605489927],[100.309162730126,13.7417438782596],[100.308980000753,13.7416445615144],[100.309027395524,13.7415612322782],[100.309210124845,13.7416605489927]]]}},{"type":"Feature","properties":{"y":1,"ys":[2025],"last":2025},"geometry":{"type":"Polygon","coordinates":[[[100.315143297786,13.7467948374924],[100.315102563897,13.7468824172545],[100.315053480923,13.7468606027653],[100.315094214828,13.7467730230098],[100.315143297786,13.7467948374924]]]}},{"type":"Feature","properties":{"y":4,"ys":[2015,2016,2017,2018],"last":2018},"geometry":{"type":"Polygon","coordinates":[[[100.309276400907,13.7422855993625],[100.309257131915,13.7423194910861],[100.309135437263,13.7422533736306],[100.309154706269,13.7422194819151],[100.309276400907,13.7422855993625]]]}},{"type":"Feature","properties":{"y":4,"ys":[2015,2016,2017,2018],"last":2018},"geometry":{"type":"Polygon","coordinates":[[[100.308854473323,13.7429973993284],[100.308807733302,13.7430801178042],[100.308557116423,13.742944794193],[100.308603856513,13.7428620757583],[100.308854473323,13.7429973993284]]]}},{"type":"Feature","properties":{"y":2,"ys":[2023,2025],"last":2025},"geometry":{"type":"Polygon","coordinates":[[[100.313399467809,13.7447377300286],[100.313367521464,13.7447687069008],[100.313353457587,13.7447548470532],[100.313385403933,13.7447238701827],[100.313399467809,13.7447377300286]]]}},{"type":"Feature","properties":{"y":1,"ys":[2017],"last":2017},"geometry":{"type":"Polygon","coordinates":[[[100.324071168373,13.7329822554023],[100.324035871557,13.7330594558189],[100.323967083905,13.7330293991832],[100.324002380742,13.7329521987746],[100.324071168373,13.7329822554023]]]}},{"type":"Feature","properties":{"y":2,"ys":[2017,2018],"last":2018},"geometry":{"type":"Polygon","coordinates":[[[100.32419378076,13.7325577718982],[100.324204119828,13.7325908551513],[100.324175414051,13.7325994286462],[100.324165074986,13.7325663453916],[100.32419378076,13.7325577718982]]]}},{"type":"Feature","properties":{"y":3,"ys":[2016,2017,2018],"last":2018},"geometry":{"type":"Polygon","coordinates":[[[100.309229512904,13.7453860545751],[100.309193896141,13.7454656030087],[100.308933527142,13.7453542043164],[100.308969143981,13.7452746559163],[100.309229512904,13.7453860545751]]]}},{"type":"Feature","properties":{"y":4,"ys":[2017,2018,2020,2021],"last":2021},"geometry":{"type":"Polygon","coordinates":[[[100.315135118026,13.7375601832736],[100.315100649583,13.7376148551809],[100.31504995846,13.7375843139767],[100.315084426912,13.7375296420757],[100.315135118026,13.7375601832736]]]}},{"type":"Feature","properties":{"y":4,"ys":[2015,2016,2017,2018],"last":2018},"geometry":{"type":"Polygon","coordinates":[[[100.308835380223,13.7416647934485],[100.308816764167,13.7416979169645],[100.308774561944,13.741675251324],[100.308793178005,13.7416421278111],[100.308835380223,13.7416647934485]]]}},{"type":"Feature","properties":{"y":2,"ys":[2025,2026],"last":2026},"geometry":{"type":"Polygon","coordinates":[[[100.3039729,13.7327449],[100.3039648,13.7327647],[100.3039994,13.7327783],[100.3039714,13.7328463],[100.3039513,13.7328384],[100.3039278,13.7328954],[100.3040458,13.7329418],[100.3040645,13.7328963],[100.3041106,13.7329145],[100.3041433,13.7328349],[100.3041847,13.7328512],[100.3041777,13.7328682],[100.3042941,13.732914],[100.3043011,13.732897],[100.304265,13.7328828],[100.3043157,13.7327595],[100.3046944,13.7329084],[100.3046868,13.7329269],[100.3051619,13.7331137],[100.3051694,13.7330952],[100.305407,13.7331886],[100.3051433,13.7338296],[100.3048917,13.7337307],[100.3048788,13.7337621],[100.3042084,13.7334984],[100.3042195,13.7334714],[100.3037249,13.7332769],[100.3037443,13.7332297],[100.3037219,13.7332209],[100.3037576,13.7331342],[100.303736,13.7331257],[100.3037715,13.7330395],[100.303749,13.7330306],[100.3037845,13.7329444],[100.3037607,13.7329351],[100.3037995,13.7328406],[100.3037715,13.7328296],[100.3038295,13.7326886],[100.3039729,13.7327449]]]}},{"type":"Feature","properties":{"y":4,"ys":[2015,2016,2017,2018],"last":2018},"geometry":{"type":"Polygon","coordinates":[[[100.308254999678,13.7432614028312],[100.308233647718,13.7432981899323],[100.308141249124,13.7432469412054],[100.308162601094,13.7432101541113],[100.308254999678,13.7432614028312]]]}},{"type":"Feature","properties":{"y":1,"ys":[2017],"last":2017},"geometry":{"type":"Polygon","coordinates":[[[100.324344854621,13.733422547237],[100.324331552584,13.7334546584021],[100.32424937082,13.7334221234604],[100.324262672867,13.7333900122994],[100.324344854621,13.733422547237]]]}},{"type":"Feature","properties":{"y":2,"ys":[2025,2026],"last":2026},"geometry":{"type":"Polygon","coordinates":[[[100.305147838539,13.7338897381371],[100.305060305781,13.7341024643663],[100.303982565951,13.7336786487876],[100.303902068511,13.7338742748715],[100.303663375488,13.7337804092194],[100.303688527526,13.7337192845503],[100.303622853117,13.733693458137],[100.303678630003,13.7335579087211],[100.303658480813,13.7335499850617],[100.303692514137,13.7334672769618],[100.303670634944,13.7334586729764],[100.303704185223,13.7333771387433],[100.303686516957,13.7333701907008],[100.303706036012,13.7333227552748],[100.305147838539,13.7338897381371]]]}},{"type":"Feature","properties":{"y":1,"ys":[2017],"last":2017},"geometry":{"type":"Polygon","coordinates":[[[100.324203854188,13.7332728150745],[100.324170975179,13.7333407014559],[100.324085204413,13.733301001657],[100.324118083443,13.7332331152849],[100.324203854188,13.7332728150745]]]}},{"type":"Feature","properties":{"y":4,"ys":[2015,2016,2017,2018],"last":2018},"geometry":{"type":"Polygon","coordinates":[[[100.309213808033,13.7426346292018],[100.309195189445,13.7426679595468],[100.309122210951,13.7426290030682],[100.309140829548,13.7425956727278],[100.309213808033,13.7426346292018]]]}},{"type":"Feature","properties":{"y":4,"ys":[2015,2016,2017,2018],"last":2018},"geometry":{"type":"Polygon","coordinates":[[[100.308800783805,13.7427915700551],[100.3087814758,13.7428260525928],[100.308712456426,13.7427891219873],[100.308731764438,13.742754639454],[100.308800783805,13.7427915700551]]]}},{"type":"Feature","properties":{"y":1,"ys":[2025],"last":2025},"geometry":{"type":"Polygon","coordinates":[[[100.293789441725,13.7415446995396],[100.29376507983,13.7416000969671],[100.293716075222,13.74157950299],[100.293740437127,13.7415241055665],[100.293789441725,13.7415446995396]]]}},{"type":"Feature","properties":{"y":4,"ys":[2015,2016,2017,2018],"last":2018},"geometry":{"type":"Polygon","coordinates":[[[100.30895362604,13.743258399925],[100.308934140896,13.7432923669251],[100.308891349158,13.7432689094227],[100.308910834307,13.7432349424257],[100.30895362604,13.743258399925]]]}},{"type":"Feature","properties":{"y":5,"ys":[2015,2016,2017,2018,2025],"last":2025},"geometry":{"type":"Polygon","coordinates":[[[100.309414808738,13.7413877913951],[100.30936808216,13.7414715376011],[100.309139751207,13.7413497939023],[100.30918647785,13.7412660477336],[100.309414808738,13.7413877913951]]]}},{"type":"Feature","properties":{"y":1,"ys":[2025],"last":2025},"geometry":{"type":"Polygon","coordinates":[[[100.293654960773,13.740650241442],[100.293622184121,13.7406365008271],[100.293657298207,13.7405564575143],[100.293690074849,13.7405701981253],[100.293654960773,13.740650241442]]]}},{"type":"Feature","properties":{"y":1,"ys":[2018],"last":2018},"geometry":{"type":"Polygon","coordinates":[[[100.291766513651,13.7426907644351],[100.291745994976,13.7427252563562],[100.291708513195,13.7427039489936],[100.291729031875,13.7426694570753],[100.291766513651,13.7426907644351]]]}},{"type":"Feature","properties":{"y":1,"ys":[2018],"last":2018},"geometry":{"type":"Polygon","coordinates":[[[100.291577620591,13.7423931839394],[100.29133509815,13.7426796909244],[100.291268435001,13.7426257670697],[100.29151095748,13.7423392601466],[100.291577620591,13.7423931839394]]]}},{"type":"Feature","properties":{"y":1,"ys":[2025],"last":2025},"geometry":{"type":"Polygon","coordinates":[[[100.2912973,13.7411428],[100.2912313,13.7412442],[100.2911173,13.7411731],[100.2911833,13.7410718],[100.2912973,13.7411428]]]}},{"type":"Feature","properties":{"y":4,"ys":[2015,2016,2017,2018],"last":2018},"geometry":{"type":"Polygon","coordinates":[[[100.309094867019,13.7426135276854],[100.3090519004,13.742688662965],[100.30880131278,13.7425517245718],[100.308844279463,13.7424765893305],[100.309094867019,13.7426135276854]]]}},{"type":"Feature","properties":{"y":1,"ys":[2017],"last":2017},"geometry":{"type":"Polygon","coordinates":[[[100.323377600894,13.7326203627498],[100.323337683236,13.7327033136069],[100.323271238401,13.7326727559024],[100.323311156079,13.7325898050542],[100.323377600894,13.7326203627498]]]}},{"type":"Feature","properties":{"y":4,"ys":[2015,2016,2017,2018],"last":2018},"geometry":{"type":"Polygon","coordinates":[[[100.309452099482,13.7420419868915],[100.309410360266,13.7421179939592],[100.30915891535,13.7419860426623],[100.309200654632,13.7419100356316],[100.309452099482,13.7420419868915]]]}},{"type":"Feature","properties":{"y":1,"ys":[2017],"last":2017},"geometry":{"type":"Polygon","coordinates":[[[100.323924271924,13.7332437924984],[100.323884497939,13.7333208386184],[100.323820688454,13.7332893577598],[100.323860462458,13.7332123116485],[100.323924271924,13.7332437924984]]]}},{"type":"Feature","properties":{"y":1,"ys":[2018],"last":2018},"geometry":{"type":"Polygon","coordinates":[[[100.291692613359,13.7422588973882],[100.291658387861,13.7422990339369],[100.291612962344,13.7422620179942],[100.291647187845,13.7422218814514],[100.291692613359,13.7422588973882]]]}},{"type":"Feature","properties":{"y":1,"ys":[2026],"last":2026},"geometry":{"type":"Polygon","coordinates":[[[100.304871750666,13.7425476041864],[100.304861331179,13.7425805674037],[100.304818098228,13.7425675084087],[100.304828517722,13.7425345451924],[100.304871750666,13.7425476041864]]]}},{"type":"Feature","properties":{"y":4,"ys":[2015,2016,2017,2018],"last":2018},"geometry":{"type":"Polygon","coordinates":[[[100.309057212514,13.7414484461252],[100.309015246867,13.7415220054974],[100.308831845611,13.7414220191391],[100.308873811303,13.7413484597945],[100.309057212514,13.7414484461252]]]}},{"type":"Feature","properties":{"y":4,"ys":[2015,2016,2017,2018],"last":2018},"geometry":{"type":"Polygon","coordinates":[[[100.308672434133,13.7434854581948],[100.308664373825,13.7435090953075],[100.30861571744,13.7434932401093],[100.308623777753,13.7434696029974],[100.308672434133,13.7434854581948]]]}},{"type":"Feature","properties":{"y":1,"ys":[2018],"last":2018},"geometry":{"type":"Polygon","coordinates":[[[100.291729185596,13.7426620787906],[100.291707075221,13.7426957946764],[100.29167622514,13.7426764618441],[100.291698335518,13.7426427459608],[100.291729185596,13.7426620787906]]]}},{"type":"Feature","properties":{"y":1,"ys":[2018],"last":2018},"geometry":{"type":"Polygon","coordinates":[[[100.291773904784,13.7428317412944],[100.291751643977,13.7428677428658],[100.291713587469,13.7428456520387],[100.29173584828,13.7428096504704],[100.291773904784,13.7428317412944]]]}},{"type":"Feature","properties":{"y":1,"ys":[2018],"last":2018},"geometry":{"type":"Polygon","coordinates":[[[100.291321647854,13.7420284512354],[100.291290780251,13.7420034258113],[100.291330067096,13.7419571185906],[100.291360934696,13.7419821440101],[100.291321647854,13.7420284512354]]]}},{"type":"Feature","properties":{"y":1,"ys":[2025],"last":2025},"geometry":{"type":"Polygon","coordinates":[[[100.292064643158,13.7359801158971],[100.292022350278,13.7360417374643],[100.291977488891,13.7360123129081],[100.292019781778,13.7359506913479],[100.292064643158,13.7359801158971]]]}},{"type":"Feature","properties":{"y":2,"ys":[2017,2018],"last":2018},"geometry":{"type":"Polygon","coordinates":[[[100.308937756013,13.7452593200889],[100.30890231591,13.745339768346],[100.308581650232,13.7452047790069],[100.308617090433,13.7451243307879],[100.308937756013,13.7452593200889]]]}},{"type":"Feature","properties":{"y":1,"ys":[2025],"last":2025},"geometry":{"type":"Polygon","coordinates":[[[100.3090793,13.7335718],[100.3090367,13.733697],[100.3089522,13.7336695],[100.3089948,13.7335443],[100.3090793,13.7335718]]]}},{"type":"Feature","properties":{"y":2,"ys":[2025,2026],"last":2026},"geometry":{"type":"Polygon","coordinates":[[[100.297660734273,13.7438752234533],[100.297532059147,13.7439865085473],[100.297447372045,13.7438929360782],[100.297576047167,13.7437816510287],[100.297660734273,13.7438752234533]]]}},{"type":"Feature","properties":{"y":3,"ys":[2016,2017,2018],"last":2018},"geometry":{"type":"Polygon","coordinates":[[[100.30866143407,13.7446654020183],[100.308647775058,13.7446899407067],[100.308602330607,13.7446657683501],[100.308615989622,13.7446412296652],[100.30866143407,13.7446654020183]]]}},{"type":"Feature","properties":{"y":2,"ys":[2025,2026],"last":2026},"geometry":{"type":"Polygon","coordinates":[[[100.314196568617,13.726077325968],[100.314183315935,13.7261303195706],[100.314133433477,13.7261183970497],[100.314146686169,13.7260654034495],[100.314196568617,13.726077325968]]]}},{"type":"Feature","properties":{"y":2,"ys":[2016,2017],"last":2017},"geometry":{"type":"Polygon","coordinates":[[[100.292540033219,13.7403274189535],[100.29251818291,13.7403903054142],[100.2921816966,13.7402785791653],[100.292203546995,13.740215692727],[100.292540033219,13.7403274189535]]]}},{"type":"Feature","properties":{"y":5,"ys":[2018,2020,2021,2022,2025],"last":2025},"geometry":{"type":"Polygon","coordinates":[[[100.315419581375,13.7291511103033],[100.315412634721,13.7292141316799],[100.315315153303,13.7292038624341],[100.315322099983,13.7291408410578],[100.315419581375,13.7291511103033]]]}},{"type":"Feature","properties":{"y":1,"ys":[2026],"last":2026},"geometry":{"type":"Polygon","coordinates":[[[100.324355024183,13.734528727871],[100.324294989769,13.7345499986958],[100.324285232664,13.7345236811604],[100.324345267072,13.734502410339],[100.324355024183,13.734528727871]]]}},{"type":"Feature","properties":{"y":3,"ys":[2016,2017,2018],"last":2018},"geometry":{"type":"Polygon","coordinates":[[[100.309020108828,13.7448487593592],[100.308983785027,13.7449304735339],[100.308662791621,13.7447941219571],[100.308699115523,13.7447124078184],[100.309020108828,13.7448487593592]]]}},{"type":"Feature","properties":{"y":1,"ys":[2025],"last":2025},"geometry":{"type":"Polygon","coordinates":[[[100.326716636466,13.7339731871304],[100.326693504951,13.7340361575178],[100.32643192371,13.7339443273754],[100.326455055293,13.733881357007],[100.326716636466,13.7339731871304]]]}},{"type":"Feature","properties":{"y":4,"ys":[2015,2016,2017,2018],"last":2018},"geometry":{"type":"Polygon","coordinates":[[[100.309475369644,13.7425677947058],[100.309429062962,13.7426502417619],[100.309180208982,13.7425166770879],[100.309226515733,13.7424342300735],[100.309475369644,13.7425677947058]]]}},{"type":"Feature","properties":{"y":2,"ys":[2017,2018],"last":2018},"geometry":{"type":"Polygon","coordinates":[[[100.307858358223,13.7447625062823],[100.307811462172,13.7448682877899],[100.307722006831,13.7448303909873],[100.307768902917,13.7447246094934],[100.307858358223,13.7447625062823]]]}},{"type":"Feature","properties":{"y":1,"ys":[2017],"last":2017},"geometry":{"type":"Polygon","coordinates":[[[100.323706427848,13.7329984261782],[100.323667719057,13.7330749267343],[100.323598055458,13.7330412395391],[100.323636764268,13.7329647389921],[100.323706427848,13.7329984261782]]]}},{"type":"Feature","properties":{"y":3,"ys":[2016,2017,2018],"last":2018},"geometry":{"type":"Polygon","coordinates":[[[100.309562031667,13.7455245684644],[100.309526916687,13.7456056602135],[100.309264789719,13.7454971938827],[100.30929990478,13.7454161021637],[100.309562031667,13.7455245684644]]]}},{"type":"Feature","properties":{"y":5,"ys":[2015,2016,2017,2018,2026],"last":2026},"geometry":{"type":"Polygon","coordinates":[[[100.309803490852,13.7415984646538],[100.309754693678,13.741684938953],[100.309424703811,13.7415069919914],[100.309473501081,13.7414205177489],[100.309803490852,13.7415984646538]]]}},{"type":"Feature","properties":{"y":2,"ys":[2017,2026],"last":2026},"geometry":{"type":"Polygon","coordinates":[[[100.306280778693,13.7441947474407],[100.306269731731,13.7442296894245],[100.306238619046,13.7442202899256],[100.306249666013,13.7441853479428],[100.306280778693,13.7441947474407]]]}},{"type":"Feature","properties":{"y":4,"ys":[2015,2016,2017,2018],"last":2018},"geometry":{"type":"Polygon","coordinates":[[[100.308625879137,13.743845629236],[100.308607728161,13.7438773752805],[100.308445743977,13.7437888725826],[100.308463894969,13.7437571265479],[100.308625879137,13.743845629236]]]}},{"type":"Feature","properties":{"y":7,"ys":[2015,2016,2017,2018,2020,2025,2026],"last":2026},"geometry":{"type":"Polygon","coordinates":[[[100.309631424055,13.7422694096751],[100.309584834218,13.7423527189738],[100.309376455923,13.7422413588522],[100.309423045819,13.7421580495877],[100.309631424055,13.7422694096751]]]}},{"type":"Feature","properties":{"y":1,"ys":[2018],"last":2018},"geometry":{"type":"Polygon","coordinates":[[[100.291689001689,13.742782457212],[100.291667030595,13.7428186269526],[100.291630942187,13.7427976785356],[100.291652913286,13.7427615087979],[100.291689001689,13.742782457212]]]}},{"type":"Feature","properties":{"y":2,"ys":[2025,2026],"last":2026},"geometry":{"type":"Polygon","coordinates":[[[100.318353042132,13.7299214851684],[100.31832635187,13.7300244227387],[100.318249391228,13.7300053517538],[100.318276081523,13.7299024141891],[100.318353042132,13.7299214851684]]]}},{"type":"Feature","properties":{"y":3,"ys":[2016,2017,2018],"last":2018},"geometry":{"type":"Polygon","coordinates":[[[100.307412577098,13.7442741107818],[100.307353985688,13.7443784258633],[100.307270382325,13.7443335531627],[100.307328973763,13.7442292380994],[100.307412577098,13.7442741107818]]]}},{"type":"Feature","properties":{"y":1,"ys":[2018],"last":2018},"geometry":{"type":"Polygon","coordinates":[[[100.290615411702,13.7428936368244],[100.290611259005,13.7429185677172],[100.290584989951,13.7429143863937],[100.290589142651,13.7428894555011],[100.290615411702,13.7428936368244]]]}},{"type":"Feature","properties":{"y":1,"ys":[2017],"last":2017},"geometry":{"type":"Polygon","coordinates":[[[100.307633236296,13.7446693317206],[100.307585207832,13.7447741269583],[100.307495035062,13.7447346355431],[100.307543063561,13.7446298403199],[100.307633236296,13.7446693317206]]]}},{"type":"Feature","properties":{"y":4,"ys":[2015,2016,2017,2018],"last":2018},"geometry":{"type":"Polygon","coordinates":[[[100.309533048541,13.7416656394689],[100.309523802211,13.741693967515],[100.309481404427,13.7416807430733],[100.309490650762,13.7416524150284],[100.309533048541,13.7416656394689]]]}},{"type":"Feature","properties":{"y":2,"ys":[2016,2017],"last":2017},"geometry":{"type":"Polygon","coordinates":[[[100.307353985688,13.7443784258633],[100.307295941239,13.7444817670502],[100.307212337846,13.7444368943337],[100.307270382325,13.7443335531627],[100.307353985688,13.7443784258633]]]}},{"type":"Feature","properties":{"y":2,"ys":[2025,2026],"last":2026},"geometry":{"type":"Polygon","coordinates":[[[100.312140006039,13.7425262052695],[100.312113239009,13.7425190648089],[100.312122507744,13.7424858621765],[100.31214927477,13.7424930026362],[100.312140006039,13.7425262052695]]]}},{"type":"Feature","properties":{"y":1,"ys":[2018],"last":2018},"geometry":{"type":"Polygon","coordinates":[[[100.291313423186,13.7421839522612],[100.291069751177,13.7424683473958],[100.291003633623,13.7424142122337],[100.291247305675,13.7421298171668],[100.291313423186,13.7421839522612]]]}},{"type":"Feature","properties":{"y":4,"ys":[2015,2016,2017,2018],"last":2018},"geometry":{"type":"Polygon","coordinates":[[[100.308178769318,13.7433966430901],[100.308131173235,13.7434804652517],[100.307812734204,13.7433076769972],[100.307860330375,13.7432238548884],[100.308178769318,13.7433966430901]]]}},{"type":"Feature","properties":{"y":4,"ys":[2015,2016,2017,2018],"last":2018},"geometry":{"type":"Polygon","coordinates":[[[100.308710702838,13.7423576381077],[100.308699998696,13.7423899955246],[100.308655379184,13.7423758902463],[100.308666083332,13.7423435328307],[100.308710702838,13.7423576381077]]]}},{"type":"Feature","properties":{"y":2,"ys":[2019,2026],"last":2026},"geometry":{"type":"Polygon","coordinates":[[[100.295612377561,13.7459821937778],[100.295576582799,13.7459505143995],[100.295612333682,13.7459119137285],[100.295648128442,13.745943593102],[100.295612377561,13.7459821937778]]]}},{"type":"Feature","properties":{"y":4,"ys":[2015,2016,2017,2018],"last":2018},"geometry":{"type":"Polygon","coordinates":[[[100.308302415097,13.742906249466],[100.308283921794,13.7429382509695],[100.308246651688,13.7429176692592],[100.308265144994,13.742885667758],[100.308302415097,13.742906249466]]]}},{"type":"Feature","properties":{"y":4,"ys":[2015,2016,2017,2018],"last":2018},"geometry":{"type":"Polygon","coordinates":[[[100.309414715145,13.7415915750263],[100.309408068998,13.7416181321924],[100.309368068405,13.7416085660603],[100.309374714557,13.7415820088951],[100.309414715145,13.7415915750263]]]}},{"type":"Feature","properties":{"y":1,"ys":[2017],"last":2017},"geometry":{"type":"Polygon","coordinates":[[[100.323882709404,13.7328844057372],[100.323832404391,13.7329720373446],[100.32376663027,13.7329359529132],[100.323816935303,13.7328483213173],[100.323882709404,13.7328844057372]]]}},{"type":"Feature","properties":{"y":4,"ys":[2015,2016,2017,2018],"last":2018},"geometry":{"type":"Polygon","coordinates":[[[100.30784490217,13.7443188527169],[100.307823904992,13.744368493805],[100.307780776993,13.7443510616781],[100.30780177418,13.744301420593],[100.30784490217,13.7443188527169]]]}},{"type":"Feature","properties":{"y":4,"ys":[2015,2016,2017,2018],"last":2018},"geometry":{"type":"Polygon","coordinates":[[[100.309238529459,13.7414983995628],[100.309223992356,13.7415356483242],[100.309185084453,13.7415211377072],[100.309199621562,13.7414838889476],[100.309238529459,13.7414983995628]]]}},{"type":"Feature","properties":{"y":4,"ys":[2015,2016,2017,2018],"last":2018},"geometry":{"type":"Polygon","coordinates":[[[100.309016210847,13.7433373558573],[100.308973060293,13.7434125770166],[100.308724283613,13.7432762029937],[100.30876743423,13.7432009818747],[100.309016210847,13.7433373558573]]]}},{"type":"Feature","properties":{"y":4,"ys":[2015,2016,2017,2018],"last":2018},"geometry":{"type":"Polygon","coordinates":[[[100.309201537041,13.7424193974376],[100.309154514465,13.7425032790638],[100.308900294105,13.7423670941668],[100.308947316757,13.7422832125764],[100.309201537041,13.7424193974376]]]}},{"type":"Feature","properties":{"y":1,"ys":[2017],"last":2017},"geometry":{"type":"Polygon","coordinates":[[[100.307977776471,13.7448128957277],[100.307928617833,13.7449177504225],[100.307840209599,13.7448781432102],[100.307889368272,13.7447732885301],[100.307977776471,13.7448128957277]]]}},{"type":"Feature","properties":{"y":1,"ys":[2017],"last":2017},"geometry":{"type":"Polygon","coordinates":[[[100.323479362611,13.7328810435062],[100.323441821307,13.7329588537966],[100.323375307609,13.7329281849265],[100.323412848932,13.7328503746446],[100.323479362611,13.7328810435062]]]}},{"type":"Feature","properties":{"y":4,"ys":[2017,2018,2021,2025],"last":2025},"geometry":{"type":"Polygon","coordinates":[[[100.323549,13.7323214],[100.3235241,13.7323752],[100.3234835,13.7323572],[100.3234912,13.7323406],[100.3233315,13.7322701],[100.3233487,13.7322329],[100.323549,13.7323214]]]}},{"type":"Feature","properties":{"y":2,"ys":[2017,2026],"last":2026},"geometry":{"type":"Polygon","coordinates":[[[100.3060193,13.7440919],[100.3061156,13.744131],[100.306078,13.7442196],[100.3059817,13.7441805],[100.3060193,13.7440919]]]}},{"type":"Feature","properties":{"y":1,"ys":[2017],"last":2017},"geometry":{"type":"Polygon","coordinates":[[[100.323894184473,13.7331016919759],[100.323855070537,13.7331775363691],[100.323788062233,13.7331445108082],[100.323827176187,13.7330686664239],[100.323894184473,13.7331016919759]]]}},{"type":"Feature","properties":{"y":2,"ys":[2017,2018],"last":2018},"geometry":{"type":"Polygon","coordinates":[[[100.307739101672,13.7447123341723],[100.307694164826,13.7448179029678],[100.307604034628,13.7447812417141],[100.307648971509,13.7446756729314],[100.307739101672,13.7447123341723]]]}},{"type":"Feature","properties":{"y":1,"ys":[2017],"last":2017},"geometry":{"type":"Polygon","coordinates":[[[100.323987230353,13.732935121631],[100.323943317011,13.7330143710531],[100.323877959312,13.7329797602802],[100.323921872672,13.7329005108681],[100.323987230353,13.732935121631]]]}},{"type":"Feature","properties":{"y":3,"ys":[2016,2017,2018],"last":2018},"geometry":{"type":"Polygon","coordinates":[[[100.308663051158,13.744710754947],[100.308629145178,13.7447884016396],[100.308305490355,13.744653348044],[100.308339396428,13.7445757013867],[100.308663051158,13.744710754947]]]}},{"type":"Feature","properties":{"y":3,"ys":[2016,2017,2018],"last":2018},"geometry":{"type":"Polygon","coordinates":[[[100.308602067972,13.7450673153296],[100.308583500339,13.7451088993559],[100.308514718645,13.7450795518263],[100.308533286289,13.7450379678026],[100.308602067972,13.7450673153296]]]}},{"type":"Feature","properties":{"y":1,"ys":[2017],"last":2017},"geometry":{"type":"Polygon","coordinates":[[[100.323797538678,13.7328348382501],[100.323754994079,13.7329141982337],[100.323687284898,13.7328795081812],[100.323729829516,13.7328001482076],[100.323797538678,13.7328348382501]]]}},{"type":"Feature","properties":{"y":4,"ys":[2015,2016,2017,2018],"last":2018},"geometry":{"type":"Polygon","coordinates":[[[100.309113219926,13.7421969421057],[100.309093950915,13.7422308338185],[100.309053758127,13.742208996795],[100.309073027142,13.7421751050848],[100.309113219926,13.7421969421057]]]}},{"type":"Feature","properties":{"y":4,"ys":[2015,2016,2017,2018],"last":2018},"geometry":{"type":"Polygon","coordinates":[[[100.30926552729,13.7415615113065],[100.309224409992,13.7416352920047],[100.309042031909,13.7415381657675],[100.309083149253,13.7414643850958],[100.30926552729,13.7415615113065]]]}},{"type":"Feature","properties":{"y":4,"ys":[2015,2016,2017,2018],"last":2018},"geometry":{"type":"Polygon","coordinates":[[[100.308577557507,13.7422881212914],[100.308558565918,13.7423216694815],[100.308424838438,13.7422493272048],[100.308443830043,13.7422157790218],[100.308577557507,13.7422881212914]]]}},{"type":"Feature","properties":{"y":2,"ys":[2017,2026],"last":2026},"geometry":{"type":"Polygon","coordinates":[[[100.306303566825,13.7442775460412],[100.30625858199,13.7443634921514],[100.306187071128,13.7443277250697],[100.306232055986,13.7442417789712],[100.306303566825,13.7442775460412]]]}},{"type":"Feature","properties":{"y":1,"ys":[2025],"last":2025},"geometry":{"type":"Polygon","coordinates":[[[100.288376538719,13.7404285212855],[100.288315865029,13.7405627495268],[100.288162232757,13.7404963866584],[100.288222906525,13.7403621584479],[100.288376538719,13.7404285212855]]]}},{"type":"Feature","properties":{"y":4,"ys":[2015,2016,2017,2018],"last":2018},"geometry":{"type":"Polygon","coordinates":[[[100.307874247787,13.7438179925839],[100.307861882336,13.7438468231735],[100.307822598752,13.7438307226185],[100.307834964206,13.7438018920304],[100.307874247787,13.7438179925839]]]}},{"type":"Feature","properties":{"y":2,"ys":[2016,2025],"last":2025},"geometry":{"type":"Polygon","coordinates":[[[100.292121721187,13.7402217956716],[100.292086398921,13.7402903810325],[100.292012276627,13.7402546900746],[100.292047923035,13.7401854753689],[100.292121721187,13.7402217956716]]]}},{"type":"Feature","properties":{"y":2,"ys":[2017,2018],"last":2018},"geometry":{"type":"Polygon","coordinates":[[[100.309509378652,13.7456461611421],[100.309471017414,13.7457347494487],[100.309208890317,13.7456262830673],[100.309247251646,13.7455376947881],[100.309509378652,13.7456461611421]]]}},{"type":"Feature","properties":{"y":6,"ys":[2016,2017,2022,2023,2024,2025],"last":2025},"geometry":{"type":"Polygon","coordinates":[[[100.293221324719,13.7395543449574],[100.293198734,13.739616764069],[100.293127892782,13.7395922628395],[100.293150483519,13.7395298437328],[100.293221324719,13.7395543449574]]]}},{"type":"Feature","properties":{"y":2,"ys":[2016,2025],"last":2025},"geometry":{"type":"Polygon","coordinates":[[[100.292153529954,13.7403270552519],[100.292118955832,13.7403149523789],[100.29214151165,13.7402533769199],[100.292176085763,13.7402654797908],[100.292153529954,13.7403270552519]]]}},{"type":"Feature","properties":{"y":1,"ys":[2025],"last":2025},"geometry":{"type":"Polygon","coordinates":[[[100.322735859753,13.7328179230904],[100.3226797313,13.7329315081908],[100.322587799414,13.7328880929234],[100.322643927906,13.7327745078407],[100.322735859753,13.7328179230904]]]}},{"type":"Feature","properties":{"y":4,"ys":[2015,2016,2017,2018],"last":2018},"geometry":{"type":"Polygon","coordinates":[[[100.30839715744,13.7429529862179],[100.308385801136,13.742980692079],[100.308340237715,13.7429628453655],[100.308351594023,13.742935139506],[100.30839715744,13.7429529862179]]]}},{"type":"Feature","properties":{"y":4,"ys":[2015,2016,2017,2018],"last":2018},"geometry":{"type":"Polygon","coordinates":[[[100.308911269466,13.7420864996818],[100.308891691141,13.7421208982391],[100.308666226776,13.7419982691339],[100.308685805125,13.7419638705965],[100.308911269466,13.7420864996818]]]}},{"type":"Feature","properties":{"y":1,"ys":[2017],"last":2017},"geometry":{"type":"Polygon","coordinates":[[[100.323466247678,13.7324553069487],[100.323440423486,13.7325140710294],[100.323371215828,13.7324850050504],[100.323397040036,13.7324262409756],[100.323466247678,13.7324553069487]]]}},{"type":"Feature","properties":{"y":2,"ys":[2025,2026],"last":2026},"geometry":{"type":"Polygon","coordinates":[[[100.3244497091,13.7344142508704],[100.324477869955,13.7345230198846],[100.324435738676,13.7345334443438],[100.324407577839,13.7344246753232],[100.3244497091,13.7344142508704]]]}},{"type":"Feature","properties":{"y":2,"ys":[2025,2026],"last":2026},"geometry":{"type":"Polygon","coordinates":[[[100.305332950985,13.733011514208],[100.305324105658,13.7330377513859],[100.305252216824,13.7330145895897],[100.305261062159,13.7329883524132],[100.305332950985,13.733011514208]]]}},{"type":"Feature","properties":{"y":1,"ys":[2026],"last":2026},"geometry":{"type":"Polygon","coordinates":[[[100.324397727961,13.7345499623952],[100.324337086685,13.7345838301224],[100.324314859882,13.7345457965209],[100.324375501152,13.7345119287992],[100.324397727961,13.7345499623952]]]}},{"type":"Feature","properties":{"y":4,"ys":[2015,2016,2017,2018],"last":2018},"geometry":{"type":"Polygon","coordinates":[[[100.309313469667,13.7428612061011],[100.309267039529,13.7429443524592],[100.309017721026,13.7428113104876],[100.30906415123,13.7427281641764],[100.309313469667,13.7428612061011]]]}},{"type":"Feature","properties":{"y":3,"ys":[2016,2017,2018],"last":2018},"geometry":{"type":"Polygon","coordinates":[[[100.30821507946,13.7449262338394],[100.308172621532,13.7450282660931],[100.308074933856,13.7449894215245],[100.308117391823,13.7448873892842],[100.30821507946,13.7449262338394]]]}},{"type":"Feature","properties":{"y":3,"ys":[2015,2017,2018],"last":2018},"geometry":{"type":"Polygon","coordinates":[[[100.308031667166,13.7431340854354],[100.308020057484,13.7431658925757],[100.307971690324,13.7431490223001],[100.307983300012,13.7431172151612],[100.308031667166,13.7431340854354]]]}},{"type":"Feature","properties":{"y":1,"ys":[2026],"last":2026},"geometry":{"type":"Polygon","coordinates":[[[100.306068860822,13.7442431789776],[100.306037470816,13.7443296296906],[100.305937430832,13.7442949186001],[100.305968820873,13.7442084678969],[100.306068860822,13.7442431789776]]]}},{"type":"Feature","properties":{"y":1,"ys":[2025],"last":2025},"geometry":{"type":"Polygon","coordinates":[[[100.324306882982,13.7337388670129],[100.324185783588,13.7337774181497],[100.324168062875,13.7337242198908],[100.32418571663,13.7337185999474],[100.324172564164,13.7336791157277],[100.324276009766,13.7336461845515],[100.324306882982,13.7337388670129]]]}},{"type":"Feature","properties":{"y":2,"ys":[2024,2025],"last":2025},"geometry":{"type":"Polygon","coordinates":[[[100.299769226007,13.7428559958611],[100.299772068267,13.7429119700915],[100.299725943691,13.7429142082151],[100.299723101442,13.7428582339832],[100.299769226007,13.7428559958611]]]}},{"type":"Feature","properties":{"y":4,"ys":[2015,2016,2017,2018],"last":2018},"geometry":{"type":"Polygon","coordinates":[[[100.308186809423,13.7441650299585],[100.308141674459,13.7442460529978],[100.307913258765,13.7441244615691],[100.307958393792,13.744043438566],[100.308186809423,13.7441650299585]]]}},{"type":"Feature","properties":{"y":2,"ys":[2016,2025],"last":2025},"geometry":{"type":"Polygon","coordinates":[[[100.292085310703,13.7400870007275],[100.291996868602,13.7402577915464],[100.291880444829,13.7402001781491],[100.291968887,13.7400293873658],[100.292085310703,13.7400870007275]]]}},{"type":"Feature","properties":{"y":1,"ys":[2017],"last":2017},"geometry":{"type":"Polygon","coordinates":[[[100.323459448417,13.7326668321164],[100.323423719105,13.732745607063],[100.32336021436,13.7327180801269],[100.323395943692,13.7326393051878],[100.323459448417,13.7326668321164]]]}},{"type":"Feature","properties":{"y":4,"ys":[2015,2016,2017,2018],"last":2018},"geometry":{"type":"Polygon","coordinates":[[[100.309394707726,13.7421414821221],[100.309348830317,13.7422253625041],[100.309097028178,13.7420937558012],[100.30914290566,13.7420098754594],[100.309394707726,13.7421414821221]]]}},{"type":"Feature","properties":{"y":1,"ys":[2025],"last":2025},"geometry":{"type":"Polygon","coordinates":[[[100.314898889181,13.7478978772234],[100.314886560439,13.747962423075],[100.314818977608,13.7479500879104],[100.314831306368,13.7478855420605],[100.314898889181,13.7478978772234]]]}},{"type":"Feature","properties":{"y":1,"ys":[2017],"last":2017},"geometry":{"type":"Polygon","coordinates":[[[100.324260965835,13.7333912086975],[100.32425502684,13.7334143319456],[100.324217237106,13.7334050561651],[100.324223176104,13.7333819329176],[100.324260965835,13.7333912086975]]]}},{"type":"Feature","properties":{"y":2,"ys":[2021,2022],"last":2022},"geometry":{"type":"Polygon","coordinates":[[[100.313151177355,13.7287965743526],[100.313140371566,13.7288626878969],[100.313098084659,13.7288560824575],[100.31310889046,13.7287899689139],[100.313151177355,13.7287965743526]]]}},{"type":"Feature","properties":{"y":3,"ys":[2016,2017,2018],"last":2018},"geometry":{"type":"Polygon","coordinates":[[[100.309121148176,13.745287395856],[100.309101498025,13.7453312835492],[100.309039101477,13.7453045872201],[100.309058751639,13.7452606995308],[100.309121148176,13.745287395856]]]}},{"type":"Feature","properties":{"y":4,"ys":[2015,2016,2017,2018],"last":2018},"geometry":{"type":"Polygon","coordinates":[[[100.30930593084,13.7419190394779],[100.309293669732,13.7419504110762],[100.309253267552,13.7419353214545],[100.309265528666,13.7419039498578],[100.30930593084,13.7419190394779]]]}},{"type":"Feature","properties":{"y":1,"ys":[2017],"last":2017},"geometry":{"type":"Polygon","coordinates":[[[100.307636367429,13.7446461510545],[100.307629912549,13.7446672326397],[100.307558907495,13.744646457474],[100.30756536238,13.7446253758905],[100.307636367429,13.7446461510545]]]}},{"type":"Feature","properties":{"y":4,"ys":[2015,2016,2017,2018],"last":2018},"geometry":{"type":"Polygon","coordinates":[[[100.30969210462,13.7417463149099],[100.309673758078,13.7417799130078],[100.309628129114,13.7417561029049],[100.309646475662,13.7417225048101],[100.30969210462,13.7417463149099]]]}},{"type":"Feature","properties":{"y":4,"ys":[2015,2016,2017,2018],"last":2018},"geometry":{"type":"Polygon","coordinates":[[[100.30900086613,13.7415467542194],[100.308955535597,13.7416292091213],[100.308769561803,13.7415315060399],[100.308814892389,13.7414490511674],[100.30900086613,13.7415467542194]]]}},{"type":"Feature","properties":{"y":4,"ys":[2015,2016,2017,2018],"last":2018},"geometry":{"type":"Polygon","coordinates":[[[100.308849997494,13.741848133102],[100.308802929834,13.741931880447],[100.308618094614,13.7418326106086],[100.308665162327,13.7417488632941],[100.308849997494,13.741848133102]]]}},{"type":"Feature","properties":{"y":1,"ys":[2017],"last":2017},"geometry":{"type":"Polygon","coordinates":[[[100.324599494215,13.7332459299138],[100.324534308867,13.7331902453055],[100.32461385557,13.7331012534637],[100.324679040908,13.733156938052],[100.324599494215,13.7332459299138]]]}},{"type":"Feature","properties":{"y":4,"ys":[2015,2016,2017,2018],"last":2018},"geometry":{"type":"Polygon","coordinates":[[[100.308253604621,13.7436419835896],[100.308241434962,13.743669401044],[100.308198450058,13.7436511687524],[100.308210619722,13.7436237512999],[100.308253604621,13.7436419835896]]]}},{"type":"Feature","properties":{"y":4,"ys":[2015,2016,2017,2018],"last":2018},"geometry":{"type":"Polygon","coordinates":[[[100.3085224421,13.7442160086967],[100.308480033554,13.744290519946],[100.3082324193,13.7441558472691],[100.308274827913,13.7440813360479],[100.3085224421,13.7442160086967]]]}},{"type":"Feature","properties":{"y":1,"ys":[2018],"last":2018},"geometry":{"type":"Polygon","coordinates":[[[100.291762288494,13.7421708415446],[100.291682291012,13.7421322830195],[100.291830786701,13.7418378749644],[100.291910784102,13.74187643345],[100.291762288494,13.7421708415446]]]}},{"type":"Feature","properties":{"y":3,"ys":[2016,2017,2018],"last":2018},"geometry":{"type":"Polygon","coordinates":[[[100.309720932145,13.7451058241954],[100.30971323335,13.7451380226671],[100.309670272093,13.7451282067016],[100.309677970894,13.7450960082309],[100.309720932145,13.7451058241954]]]}},{"type":"Feature","properties":{"y":4,"ys":[2015,2016,2017,2018],"last":2018},"geometry":{"type":"Polygon","coordinates":[[[100.307531050571,13.7440794217738],[100.307507232323,13.7441219749245],[100.307398582866,13.7440638612736],[100.3073604828,13.7441319299104],[100.307282611457,13.744090278592],[100.307344529817,13.7439796568289],[100.307531050571,13.7440794217738]]]}},{"type":"Feature","properties":{"y":4,"ys":[2015,2016,2017,2018],"last":2018},"geometry":{"type":"Polygon","coordinates":[[[100.308541546303,13.7441824428515],[100.3085224421,13.7442160086967],[100.308437115546,13.7441696012536],[100.308456219757,13.7441360354164],[100.308541546303,13.7441824428515]]]}},{"type":"Feature","properties":{"y":2,"ys":[2025,2026],"last":2026},"geometry":{"type":"Polygon","coordinates":[[[100.324414979119,13.7344187799017],[100.324420457852,13.734454718859],[100.324385109703,13.7344598686501],[100.324379630975,13.7344239296916],[100.324414979119,13.7344187799017]]]}},{"type":"Feature","properties":{"y":1,"ys":[2018],"last":2018},"geometry":{"type":"Polygon","coordinates":[[[100.291473338785,13.7420732737676],[100.291434051953,13.74211958101],[100.291362523665,13.7420615906417],[100.291401810503,13.7420152834103],[100.291473338785,13.7420732737676]]]}},{"type":"Feature","properties":{"y":5,"ys":[2016,2017,2022,2023,2025],"last":2025},"geometry":{"type":"Polygon","coordinates":[[[100.293266535322,13.7395699815385],[100.293243944614,13.7396324006531],[100.293198734,13.739616764069],[100.293221324719,13.7395543449574],[100.293266535322,13.7395699815385]]]}},{"type":"Feature","properties":{"y":3,"ys":[2016,2017,2018],"last":2018},"geometry":{"type":"Polygon","coordinates":[[[100.309034315762,13.7448237201836],[100.309020893983,13.7448534837859],[100.308897362486,13.7448002518677],[100.308910784277,13.7447704882733],[100.309034315762,13.7448237201836]]]}},{"type":"Feature","properties":{"y":1,"ys":[2017],"last":2017},"geometry":{"type":"Polygon","coordinates":[[[100.324311595024,13.732995076222],[100.324270773878,13.7330805783724],[100.324187918182,13.7330427737862],[100.324228739354,13.7329572716472],[100.324311595024,13.732995076222]]]}},{"type":"Feature","properties":{"y":1,"ys":[2017],"last":2017},"geometry":{"type":"Polygon","coordinates":[[[100.308504958121,13.7452220079441],[100.308466531013,13.7453074702499],[100.308206652295,13.7451958090266],[100.308245079489,13.7451103467478],[100.308504958121,13.7452220079441]]]}},{"type":"Feature","properties":{"y":1,"ys":[2025],"last":2025},"geometry":{"type":"Polygon","coordinates":[[[100.314583279832,13.7240294951181],[100.314565933722,13.7240816930269],[100.314508859281,13.7240635655127],[100.314526099866,13.7240120134557],[100.314583279832,13.7240294951181]]]}},{"type":"Feature","properties":{"y":4,"ys":[2015,2016,2017,2018],"last":2018},"geometry":{"type":"Polygon","coordinates":[[[100.309037918576,13.7427141658175],[100.308991488364,13.7427973121239],[100.308739889699,13.7426630529364],[100.308786319978,13.7425799066772],[100.309037918576,13.7427141658175]]]}},{"type":"Feature","properties":{"y":4,"ys":[2015,2016,2017,2018],"last":2018},"geometry":{"type":"Polygon","coordinates":[[[100.308635172979,13.7430842557348],[100.308614412355,13.7431201575544],[100.308579273687,13.7431007404131],[100.308600034315,13.7430648385963],[100.308635172979,13.7430842557348]]]}},{"type":"Feature","properties":{"y":1,"ys":[2018],"last":2018},"geometry":{"type":"Polygon","coordinates":[[[100.291150254072,13.7420507727878],[100.290904268419,13.7423440875996],[100.290826026764,13.7422813838508],[100.291072012469,13.7419880691169],[100.291150254072,13.7420507727878]]]}},{"type":"Feature","properties":{"y":1,"ys":[2017],"last":2017},"geometry":{"type":"Polygon","coordinates":[[[100.324300816132,13.7326524137421],[100.324321977362,13.7327033921829],[100.324288319058,13.7327167446526],[100.324267157833,13.7326657662084],[100.324300816132,13.7326524137421]]]}},{"type":"Feature","properties":{"y":1,"ys":[2017],"last":2017},"geometry":{"type":"Polygon","coordinates":[[[100.323376908273,13.7328270487477],[100.323335332168,13.7329038393603],[100.323273329531,13.7328717574386],[100.323314905652,13.7327949668349],[100.323376908273,13.7328270487477]]]}},{"type":"Feature","properties":{"y":4,"ys":[2015,2016,2017,2018],"last":2018},"geometry":{"type":"Polygon","coordinates":[[[100.308910834307,13.7432349424257],[100.308891349158,13.7432689094227],[100.30876743423,13.7432009818747],[100.308786919393,13.7431670148864],[100.308910834307,13.7432349424257]]]}},{"type":"Feature","properties":{"y":1,"ys":[2018],"last":2018},"geometry":{"type":"Polygon","coordinates":[[[100.291810654059,13.7427191543808],[100.291779820666,13.7427566599193],[100.291743369018,13.7427280233801],[100.291774202414,13.742690517846],[100.291810654059,13.7427191543808]]]}},{"type":"Feature","properties":{"y":4,"ys":[2015,2016,2017,2018],"last":2018},"geometry":{"type":"Polygon","coordinates":[[[100.308481745414,13.7426180860402],[100.308462767996,13.7426514387782],[100.308420381615,13.7426283920229],[100.308439359038,13.7425950392873],[100.308481745414,13.7426180860402]]]}},{"type":"Feature","properties":{"y":4,"ys":[2015,2016,2017,2018],"last":2018},"geometry":{"type":"Polygon","coordinates":[[[100.308433246074,13.743738006974],[100.308422872384,13.7437659311473],[100.308375780986,13.7437492137691],[100.30838615468,13.7437212895973],[100.308433246074,13.743738006974]]]}},{"type":"Feature","properties":{"y":3,"ys":[2016,2017,2018],"last":2018},"geometry":{"type":"Polygon","coordinates":[[[100.309317177519,13.7451333152417],[100.309279014348,13.7452198017794],[100.308953773893,13.7450826600462],[100.308991937171,13.7449961735485],[100.309317177519,13.7451333152417]]]}},{"type":"Feature","properties":{"y":4,"ys":[2015,2016,2017,2018],"last":2018},"geometry":{"type":"Polygon","coordinates":[[[100.30787612075,13.7438685098354],[100.307832322135,13.743945311665],[100.307523984749,13.7437772808992],[100.307567783439,13.7437004791247],[100.30787612075,13.7438685098354]]]}},{"type":"Feature","properties":{"y":1,"ys":[2017],"last":2017},"geometry":{"type":"Polygon","coordinates":[[[100.323271340311,13.7325649501258],[100.323232815735,13.7326481330344],[100.323164239369,13.7326177805831],[100.323202763966,13.7325345976831],[100.323271340311,13.7325649501258]]]}},{"type":"Feature","properties":{"y":4,"ys":[2015,2016,2017,2018],"last":2018},"geometry":{"type":"Polygon","coordinates":[[[100.308761048256,13.7423873837041],[100.30874205669,13.7424209319036],[100.308698929422,13.7423976015028],[100.308717920994,13.7423640533055],[100.308761048256,13.7423873837041]]]}},{"type":"Feature","properties":{"y":2,"ys":[2025,2026],"last":2026},"geometry":{"type":"Polygon","coordinates":[[[100.311151180956,13.7290913879476],[100.311140854137,13.7292213356817],[100.31104561822,13.7292141025252],[100.311055945091,13.7290841547904],[100.311151180956,13.7290913879476]]]}},{"type":"Feature","properties":{"y":4,"ys":[2016,2017,2018,2026],"last":2026},"geometry":{"type":"Polygon","coordinates":[[[100.309031580759,13.7432994357439],[100.309022129317,13.7433238163164],[100.308982476312,13.7433091268645],[100.308991927759,13.7432847462931],[100.309031580759,13.7432994357439]]]}},{"type":"Feature","properties":{"y":1,"ys":[2018],"last":2018},"geometry":{"type":"Polygon","coordinates":[[[100.314609201892,13.7294111354666],[100.314603349474,13.7294499648725],[100.31464127071,13.7294554272796],[100.314614298793,13.7296343796401],[100.314472041494,13.7296138880059],[100.314504865955,13.7293961062463],[100.314609201892,13.7294111354666]]]}},{"type":"Feature","properties":{"y":4,"ys":[2015,2016,2017,2018],"last":2018},"geometry":{"type":"Polygon","coordinates":[[[100.308685805125,13.7419638705965],[100.308666226776,13.7419982691339],[100.308574919302,13.7419486072895],[100.30859449766,13.7419142087596],[100.308685805125,13.7419638705965]]]}},{"type":"Feature","properties":{"y":1,"ys":[2025],"last":2025},"geometry":{"type":"Polygon","coordinates":[[[100.306238631277,13.7342997455736],[100.306231091495,13.7343198589154],[100.306452194336,13.7343990683896],[100.306304579616,13.7347928500738],[100.30542676496,13.7344783739893],[100.305581920884,13.7340644793821],[100.306238631277,13.7342997455736]]]}},{"type":"Feature","properties":{"y":4,"ys":[2015,2016,2017,2018],"last":2018},"geometry":{"type":"Polygon","coordinates":[[[100.308508105133,13.7433931241623],[100.308504134477,13.7434202026122],[100.308462460009,13.7434143630065],[100.30846643067,13.7433872845569],[100.308508105133,13.7433931241623]]]}},{"type":"Feature","properties":{"y":4,"ys":[2017,2018,2021,2025],"last":2025},"geometry":{"type":"Polygon","coordinates":[[[100.323379697508,13.7321524145786],[100.323377472493,13.7321715153935],[100.323347733059,13.7321682046092],[100.323349958076,13.7321491037943],[100.323379697508,13.7321524145786]]]}},{"type":"Feature","properties":{"y":3,"ys":[2016,2017,2018],"last":2018},"geometry":{"type":"Polygon","coordinates":[[[100.308583500339,13.7451088993559],[100.308548066619,13.7451882565899],[100.308228644839,13.7450519666081],[100.308264078655,13.7449726094108],[100.308583500339,13.7451088993559]]]}},{"type":"Feature","properties":{"y":3,"ys":[2020,2021,2025],"last":2025},"geometry":{"type":"Polygon","coordinates":[[[100.31554381774,13.7395197860731],[100.315548574034,13.7395019121857],[100.315581375761,13.7395102535222],[100.315558463289,13.7395963573513],[100.315434249008,13.7395647701776],[100.315452405225,13.7394965402419],[100.31554381774,13.7395197860731]]]}},{"type":"Feature","properties":{"y":1,"ys":[2017],"last":2017},"geometry":{"type":"Polygon","coordinates":[[[100.323595550963,13.7329513267824],[100.323568112929,13.7330033417225],[100.323607585705,13.7330232409577],[100.323595477074,13.7330461955819],[100.323491107194,13.7329935800358],[100.323530653878,13.7329186104816],[100.323595550963,13.7329513267824]]]}},{"type":"Feature","properties":{"y":4,"ys":[2015,2016,2017,2018],"last":2018},"geometry":{"type":"Polygon","coordinates":[[[100.308162601094,13.7432101541113],[100.308141249124,13.7432469412054],[100.30805471711,13.7431989463137],[100.308076069091,13.7431621592262],[100.308162601094,13.7432101541113]]]}},{"type":"Feature","properties":{"y":3,"ys":[2015,2017,2018],"last":2018},"geometry":{"type":"Polygon","coordinates":[[[100.308343259976,13.7431028312366],[100.308295340425,13.7431863410238],[100.308019884627,13.7430352968983],[100.308067804254,13.7429517871569],[100.308343259976,13.7431028312366]]]}},{"type":"Feature","properties":{"y":4,"ys":[2015,2016,2017,2018],"last":2018},"geometry":{"type":"Polygon","coordinates":[[[100.308957551985,13.7434362411508],[100.308910651316,13.743519137278],[100.308661285555,13.7433843164908],[100.308708186295,13.7433014204047],[100.308957551985,13.7434362411508]]]}},{"type":"Feature","properties":{"y":1,"ys":[2018],"last":2018},"geometry":{"type":"Polygon","coordinates":[[[100.291501240624,13.7421740530584],[100.291442651807,13.7422431114628],[100.291263059013,13.7420975095994],[100.291321647854,13.7420284512354],[100.291501240624,13.7421740530584]]]}},{"type":"Feature","properties":{"y":4,"ys":[2015,2016,2017,2018],"last":2018},"geometry":{"type":"Polygon","coordinates":[[[100.308853010582,13.7436297164029],[100.308809493616,13.7437067652252],[100.308559249971,13.7435717041525],[100.308602767001,13.7434946553707],[100.308853010582,13.7436297164029]]]}},{"type":"Feature","properties":{"y":3,"ys":[2016,2017,2018],"last":2018},"geometry":{"type":"Polygon","coordinates":[[[100.309133919597,13.744864470517],[100.309115310037,13.7449069974184],[100.309046488009,13.7448782188433],[100.30906509758,13.744835691946],[100.309133919597,13.744864470517]]]}},{"type":"Feature","properties":{"y":1,"ys":[2018],"last":2018},"geometry":{"type":"Polygon","coordinates":[[[100.290588828125,13.742876202609],[100.290576840176,13.7428986798749],[100.290546444171,13.7428831883283],[100.290558432122,13.7428607110637],[100.290588828125,13.742876202609]]]}},{"type":"Feature","properties":{"y":4,"ys":[2015,2016,2017,2018],"last":2018},"geometry":{"type":"Polygon","coordinates":[[[100.30758806776,13.7436649101931],[100.307711778471,13.7437323273433],[100.307691494165,13.7437678962833],[100.307567783439,13.7437004791247],[100.30758806776,13.7436649101931]]]}},{"type":"Feature","properties":{"y":2,"ys":[2025,2026],"last":2026},"geometry":{"type":"Polygon","coordinates":[[[100.314154813957,13.7260329028181],[100.314133433477,13.7261183970497],[100.314062875507,13.726101532808],[100.314076128215,13.7260485392111],[100.314099359112,13.7260540916902],[100.314107486906,13.7260215910592],[100.314154813957,13.7260329028181]]]}},{"type":"Feature","properties":{"y":2,"ys":[2025,2026],"last":2026},"geometry":{"type":"Polygon","coordinates":[[[100.31406956844,13.7258725997418],[100.314065173995,13.7259080296769],[100.314040852377,13.7259051465294],[100.314045246826,13.7258697165944],[100.31406956844,13.7258725997418]]]}},{"type":"Feature","properties":{"y":4,"ys":[2015,2016,2017,2018],"last":2018},"geometry":{"type":"Polygon","coordinates":[[[100.308831674784,13.7435751180833],[100.308813026265,13.743608136165],[100.308690099682,13.7435417904624],[100.308708748215,13.7435087723888],[100.308831674784,13.7435751180833]]]}},{"type":"Feature","properties":{"y":4,"ys":[2015,2016,2017,2018],"last":2018},"geometry":{"type":"Polygon","coordinates":[[[100.308925757886,13.7417133327373],[100.308907141839,13.7417464562588],[100.308816764167,13.7416979169645],[100.308835380223,13.7416647934485],[100.308925757886,13.7417133327373]]]}},{"type":"Feature","properties":{"y":4,"ys":[2015,2016,2017,2018],"last":2018},"geometry":{"type":"Polygon","coordinates":[[[100.308698382654,13.7417105763975],[100.308683380943,13.74174477386],[100.308656141559,13.7417333549303],[100.308671143274,13.7416991574691],[100.308698382654,13.7417105763975]]]}},{"type":"Feature","properties":{"y":2,"ys":[2025,2026],"last":2026},"geometry":{"type":"Polygon","coordinates":[[[100.297727517929,13.7439541748199],[100.297651901879,13.7440154592378],[100.297590144834,13.7439426438214],[100.297665760881,13.7438813594225],[100.297727517929,13.7439541748199]]]}},{"type":"Feature","properties":{"y":3,"ys":[2016,2017,2018],"last":2018},"geometry":{"type":"Polygon","coordinates":[[[100.3096698,13.7452833],[100.3096308,13.7453712],[100.3093072,13.7452339],[100.3093462,13.745146],[100.3096698,13.7452833]]]}},{"type":"Feature","properties":{"y":1,"ys":[2018],"last":2018},"geometry":{"type":"Polygon","coordinates":[[[100.29175555382,13.7423077633531],[100.291728077564,13.7423494345347],[100.291689275011,13.7423249855395],[100.291716751271,13.7422833143618],[100.29175555382,13.7423077633531]]]}},{"type":"Feature","properties":{"y":4,"ys":[2015,2016,2017,2018],"last":2018},"geometry":{"type":"Polygon","coordinates":[[[100.308738147203,13.743188531649],[100.308695494892,13.7432622912973],[100.308446779881,13.7431248548595],[100.308489432256,13.7430510952435],[100.308738147203,13.743188531649]]]}},{"type":"Feature","properties":{"y":2,"ys":[2018,2025],"last":2025},"geometry":{"type":"Polygon","coordinates":[[[100.3263891,13.7342719],[100.3263251,13.7342594],[100.3263581,13.7340978],[100.3264221,13.7341103],[100.3263891,13.7342719]]]}},{"type":"Feature","properties":{"y":4,"ys":[2015,2016,2017,2018],"last":2018},"geometry":{"type":"Polygon","coordinates":[[[100.308350336931,13.7429327133769],[100.308331843634,13.7429647148836],[100.308283921794,13.7429382509695],[100.308302415097,13.742906249466],[100.308350336931,13.7429327133769]]]}},{"type":"Feature","properties":{"y":4,"ys":[2015,2016,2017,2018],"last":2018},"geometry":{"type":"Polygon","coordinates":[[[100.308469559329,13.7445776707659],[100.308460979465,13.7446067327801],[100.308419507921,13.7445950330612],[100.308428087791,13.744565971048],[100.308469559329,13.7445776707659]]]}},{"type":"Feature","properties":{"y":4,"ys":[2015,2016,2017,2018],"last":2018},"geometry":{"type":"Polygon","coordinates":[[[100.308693995802,13.7439245089381],[100.308649086132,13.7440030559375],[100.308400834245,13.7438674195421],[100.308445743977,13.7437888725826],[100.308693995802,13.7439245089381]]]}},{"type":"Feature","properties":{"y":4,"ys":[2015,2016,2017,2018],"last":2018},"geometry":{"type":"Polygon","coordinates":[[[100.308456219757,13.7441360354164],[100.308437115546,13.7441696012536],[100.308360181966,13.7441277585421],[100.308379286185,13.744094192712],[100.308456219757,13.7441360354164]]]}},{"type":"Feature","properties":{"y":4,"ys":[2015,2016,2017,2018],"last":2018},"geometry":{"type":"Polygon","coordinates":[[[100.308834436481,13.7422200734089],[100.308786412972,13.7423049633586],[100.308467633011,13.7421326302919],[100.308515656611,13.7420477403959],[100.308834436481,13.7422200734089]]]}},{"type":"Feature","properties":{"y":6,"ys":[2015,2016,2017,2018,2020,2026],"last":2026},"geometry":{"type":"Polygon","coordinates":[[[100.309705407092,13.7421313498524],[100.309693540939,13.7421609060856],[100.309652164361,13.742145031768],[100.309664030518,13.7421154755361],[100.309705407092,13.7421313498524]]]}},{"type":"Feature","properties":{"y":3,"ys":[2016,2017,2018],"last":2018},"geometry":{"type":"Polygon","coordinates":[[[100.308870593672,13.7451758516536],[100.308860416321,13.7452162983752],[100.308819760957,13.745206522908],[100.308829938314,13.7451660761873],[100.308870593672,13.7451758516536]]]}},{"type":"Feature","properties":{"y":4,"ys":[2015,2016,2017,2018],"last":2018},"geometry":{"type":"Polygon","coordinates":[[[100.308518267907,13.7435812164782],[100.308471877599,13.7436634818691],[100.308221254837,13.7435284285362],[100.308267645211,13.7434461631872],[100.308518267907,13.7435812164782]]]}},{"type":"Feature","properties":{"y":4,"ys":[2015,2016,2017,2018],"last":2018},"geometry":{"type":"Polygon","coordinates":[[[100.308575826628,13.7426692407948],[100.308556849221,13.742702593538],[100.308462767996,13.7426514387782],[100.308481745414,13.7426180860402],[100.308575826628,13.7426692407948]]]}},{"type":"Feature","properties":{"y":5,"ys":[2015,2016,2017,2018,2020],"last":2020},"geometry":{"type":"Polygon","coordinates":[[[100.309837358343,13.7418652827733],[100.30979491982,13.741943000677],[100.309585690535,13.7418338207772],[100.309628129114,13.7417561029049],[100.309837358343,13.7418652827733]]]}},{"type":"Feature","properties":{"y":4,"ys":[2015,2016,2017,2018],"last":2018},"geometry":{"type":"Polygon","coordinates":[[[100.309601129148,13.74174330121],[100.309559523892,13.7418171666434],[100.309310456403,13.7416831046743],[100.309352061721,13.7416092392782],[100.309601129148,13.74174330121]]]}},{"type":"Feature","properties":{"y":3,"ys":[2016,2017,2018],"last":2018},"geometry":{"type":"Polygon","coordinates":[[[100.308609726097,13.7448353388481],[100.308571899843,13.7449196768794],[100.308247581974,13.7447806780955],[100.308285408332,13.7446963401047],[100.308609726097,13.7448353388481]]]}},{"type":"Feature","properties":{"y":1,"ys":[2018],"last":2018},"geometry":{"type":"Polygon","coordinates":[[[100.291236748287,13.74196383366],[100.291175797069,13.7420315454096],[100.291095760447,13.7419626980218],[100.291156711673,13.7418949862915],[100.291236748287,13.74196383366]]]}},{"type":"Feature","properties":{"y":3,"ys":[2016,2017,2018],"last":2018},"geometry":{"type":"Polygon","coordinates":[[[100.307316494858,13.7442180199752],[100.307260589295,13.7443189873957],[100.307174715171,13.7442735505779],[100.307230620764,13.7441725831742],[100.307316494858,13.7442180199752]]]}},{"type":"Feature","properties":{"y":2,"ys":[2019,2026],"last":2026},"geometry":{"type":"Polygon","coordinates":[[[100.295612377561,13.7459821937778],[100.295581049084,13.746016019514],[100.295454880196,13.7459043563972],[100.295486208679,13.7458705306767],[100.295612377561,13.7459821937778]]]}},{"type":"Feature","properties":{"y":1,"ys":[2025],"last":2025},"geometry":{"type":"Polygon","coordinates":[[[100.306514262326,13.7348993799395],[100.306501163919,13.7349299922168],[100.306468323161,13.7349165632436],[100.306481421572,13.734885950968],[100.306514262326,13.7348993799395]]]}},{"type":"Feature","properties":{"y":4,"ys":[2015,2016,2017,2018],"last":2018},"geometry":{"type":"Polygon","coordinates":[[[100.309044418886,13.742924051272],[100.309024557415,13.7429592013307],[100.308938205613,13.7429125747503],[100.308958067095,13.7428774246974],[100.309044418886,13.742924051272]]]}},{"type":"Feature","properties":{"y":3,"ys":[2016,2017,2018],"last":2018},"geometry":{"type":"Polygon","coordinates":[[[100.308857309744,13.7448890710831],[100.308838516027,13.7449307471866],[100.308772526028,13.7449023108909],[100.308791319755,13.7448606347915],[100.308857309744,13.7448890710831]]]}},{"type":"Feature","properties":{"y":1,"ys":[2026],"last":2026},"geometry":{"type":"Polygon","coordinates":[[[100.310727028275,13.7453389589765],[100.310694889362,13.7453248394257],[100.310725136016,13.7452590501223],[100.310757274921,13.7452731696695],[100.310727028275,13.7453389589765]]]}},{"type":"Feature","properties":{"y":4,"ys":[2015,2016,2017,2018],"last":2018},"geometry":{"type":"Polygon","coordinates":[[[100.308666019467,13.7423361148365],[100.308654050019,13.742362257801],[100.308612434021,13.7423440499582],[100.308624403472,13.7423179069954],[100.308666019467,13.7423361148365]]]}},{"type":"Feature","properties":{"y":3,"ys":[2016,2017,2018],"last":2018},"geometry":{"type":"Polygon","coordinates":[[[100.309174771036,13.7455083180445],[100.30913598623,13.7455949420695],[100.308875617103,13.7454835433298],[100.308914401994,13.7453969193379],[100.309174771036,13.7455083180445]]]}},{"type":"Feature","properties":{"y":4,"ys":[2017,2018,2021,2025],"last":2025},"geometry":{"type":"Polygon","coordinates":[[[100.325105944448,13.7327699878033],[100.325044274052,13.7328172448671],[100.325019718232,13.7327866196469],[100.325081388627,13.7327393625892],[100.325105944448,13.7327699878033]]]}},{"type":"Feature","properties":{"y":3,"ys":[2016,2017,2018],"last":2018},"geometry":{"type":"Polygon","coordinates":[[[100.308534439842,13.7446014084041],[100.308526775511,13.7446331623756],[100.308483831295,13.7446232574475],[100.308491495632,13.7445915034769],[100.308534439842,13.7446014084041]]]}},{"type":"Feature","properties":{"y":5,"ys":[2018,2020,2022,2025,2026],"last":2026},"geometry":{"type":"Polygon","coordinates":[[[100.3150342,13.7293816],[100.3150444,13.7293378],[100.3151388,13.7293589],[100.3151286,13.7294027],[100.3150342,13.7293816]]]}},{"type":"Feature","properties":{"y":4,"ys":[2015,2016,2017,2018],"last":2018},"geometry":{"type":"Polygon","coordinates":[[[100.308912238961,13.7428960207239],[100.308869383042,13.7429725579812],[100.308618436388,13.7428382825327],[100.308661292371,13.7427617453122],[100.308912238961,13.7428960207239]]]}},{"type":"Feature","properties":{"y":4,"ys":[2015,2016,2017,2018],"last":2018},"geometry":{"type":"Polygon","coordinates":[[[100.308891691141,13.7421208982391],[100.308848596458,13.7421966143273],[100.308531824531,13.7420243233413],[100.308574919302,13.7419486072895],[100.308891691141,13.7421208982391]]]}},{"type":"Feature","properties":{"y":3,"ys":[2016,2017,2018],"last":2018},"geometry":{"type":"Polygon","coordinates":[[[100.308689069316,13.7451037939572],[100.3086701772,13.7451466785519],[100.308617090433,13.7451243307879],[100.308635982557,13.7450814461963],[100.308689069316,13.7451037939572]]]}},{"type":"Feature","properties":{"y":4,"ys":[2015,2016,2017,2018],"last":2018},"geometry":{"type":"Polygon","coordinates":[[[100.308415018557,13.7437754281917],[100.308372791466,13.7438502467885],[100.308142897645,13.7437262578808],[100.308185124796,13.7436514393188],[100.308415018557,13.7437754281917]]]}},{"type":"Feature","properties":{"y":1,"ys":[2025],"last":2025},"geometry":{"type":"Polygon","coordinates":[[[100.312486456451,13.7269794040891],[100.312472708491,13.7270497626025],[100.31237931464,13.7270323213909],[100.312393062628,13.7269619628801],[100.312486456451,13.7269794040891]]]}},{"type":"Feature","properties":{"y":1,"ys":[2025],"last":2025},"geometry":{"type":"Polygon","coordinates":[[[100.311413197195,13.7217808698233],[100.311399955812,13.7218378235873],[100.311368525138,13.7218308393244],[100.311381766528,13.7217738855616],[100.311413197195,13.7217808698233]]]}},{"type":"Feature","properties":{"y":1,"ys":[2026],"last":2026},"geometry":{"type":"Polygon","coordinates":[[[100.312442326981,13.729378173042],[100.312302905151,13.7293856622024],[100.312296453264,13.7292708694409],[100.312435875027,13.7292633802901],[100.312442326981,13.729378173042]]]}},{"type":"Feature","properties":{"y":1,"ys":[2017],"last":2017},"geometry":{"type":"Polygon","coordinates":[[[100.32368656017,13.7327863386355],[100.323650172518,13.7328604193501],[100.323584649867,13.7328296615656],[100.323621037537,13.7327555808591],[100.32368656017,13.7327863386355]]]}},{"type":"Feature","properties":{"y":3,"ys":[2017,2020,2025],"last":2025},"geometry":{"type":"Polygon","coordinates":[[[100.310519670238,13.7417703434196],[100.310477178234,13.7418585140634],[100.310399623337,13.7418227971894],[100.310442115366,13.7417346265568],[100.310519670238,13.7417703434196]]]}},{"type":"Feature","properties":{"y":2,"ys":[2025,2026],"last":2026},"geometry":{"type":"Polygon","coordinates":[[[100.297729867376,13.7438844435718],[100.297713322924,13.743907616192],[100.297682622448,13.7438866704662],[100.297699166901,13.7438634978479],[100.297729867376,13.7438844435718]]]}},{"type":"Feature","properties":{"y":3,"ys":[2016,2017,2018],"last":2018},"geometry":{"type":"Polygon","coordinates":[[[100.308533286289,13.7450379678026],[100.308514718645,13.7450795518263],[100.308461133465,13.7450566882727],[100.308479701119,13.7450151042513],[100.308533286289,13.7450379678026]]]}},{"type":"Feature","properties":{"y":4,"ys":[2015,2016,2017,2018],"last":2018},"geometry":{"type":"Polygon","coordinates":[[[100.308262700456,13.7440287957056],[100.30824389218,13.7440625590179],[100.308202456117,13.7440405015847],[100.308221264398,13.7440067382751],[100.308262700456,13.7440287957056]]]}},{"type":"Feature","properties":{"y":4,"ys":[2015,2016,2017,2018],"last":2018},"geometry":{"type":"Polygon","coordinates":[[[100.30903187316,13.7425353232475],[100.309012798098,13.7425686796043],[100.308895098698,13.7425043605065],[100.308914173772,13.7424710041579],[100.30903187316,13.7425353232475]]]}},{"type":"Feature","properties":{"y":2,"ys":[2016,2025],"last":2025},"geometry":{"type":"Polygon","coordinates":[[[100.292213909307,13.7402139641849],[100.29219274805,13.7402681356873],[100.292115534429,13.740239311872],[100.292136695704,13.7401851403754],[100.292213909307,13.7402139641849]]]}},{"type":"Feature","properties":{"y":4,"ys":[2015,2016,2017,2018],"last":2018},"geometry":{"type":"Polygon","coordinates":[[[100.308380480269,13.7429915735135],[100.308336560502,13.7430675739445],[100.308106697084,13.7429406362229],[100.308150616911,13.7428646358281],[100.308380480269,13.7429915735135]]]}},{"type":"Feature","properties":{"y":4,"ys":[2017,2018,2021,2025],"last":2025},"geometry":{"type":"Polygon","coordinates":[[[100.324869397495,13.7326647518119],[100.324847559913,13.7327440401314],[100.324755524009,13.7327198148999],[100.32477736162,13.7326405265856],[100.324869397495,13.7326647518119]]]}},{"type":"Feature","properties":{"y":4,"ys":[2015,2016,2017,2018],"last":2018},"geometry":{"type":"Polygon","coordinates":[[[100.309130573178,13.7431464822809],[100.309083833235,13.743229200802],[100.308835165804,13.7430949302891],[100.308881905817,13.7430122118088],[100.309130573178,13.7431464822809]]]}},{"type":"Feature","properties":{"y":2,"ys":[2025,2026],"last":2026},"geometry":{"type":"Polygon","coordinates":[[[100.312203397016,13.7424708049598],[100.312189973761,13.7425047024323],[100.312157727565,13.7424924999727],[100.312171150824,13.7424586025018],[100.312203397016,13.7424708049598]]]}},{"type":"Feature","properties":{"y":4,"ys":[2015,2016,2017,2018],"last":2018},"geometry":{"type":"Polygon","coordinates":[[[100.309115012607,13.7418620115756],[100.30907200983,13.7419372773175],[100.308890428914,13.7418381369931],[100.308933431737,13.7417628712788],[100.309115012607,13.7418620115756]]]}},{"type":"Feature","properties":{"y":1,"ys":[2017],"last":2017},"geometry":{"type":"Polygon","coordinates":[[[100.3240802,13.7331985],[100.3240483,13.7332747],[100.3239794,13.7332472],[100.3240113,13.733171],[100.3240802,13.7331985]]]}},{"type":"Feature","properties":{"y":4,"ys":[2017,2018,2021,2025],"last":2025},"geometry":{"type":"Polygon","coordinates":[[[100.323373134866,13.7321768141552],[100.323366079514,13.7322017091966],[100.323331674269,13.7321923906641],[100.323338729625,13.7321674956234],[100.323373134866,13.7321768141552]]]}},{"type":"Feature","properties":{"y":4,"ys":[2015,2016,2017,2018],"last":2018},"geometry":{"type":"Polygon","coordinates":[[[100.307819406532,13.7439702716202],[100.307772424882,13.7440521207414],[100.307463964573,13.7438829259693],[100.307510946306,13.7438010769026],[100.307819406532,13.7439702716202]]]}},{"type":"Feature","properties":{"y":1,"ys":[2018],"last":2018},"geometry":{"type":"Polygon","coordinates":[[[100.291667451091,13.7424678101603],[100.291427460261,13.7427548799075],[100.291350382983,13.7426933038705],[100.291590373858,13.742406234195],[100.291667451091,13.7424678101603]]]}},{"type":"Feature","properties":{"y":1,"ys":[2017],"last":2017},"geometry":{"type":"Polygon","coordinates":[[[100.3241815,13.7333412],[100.3241342,13.7334393],[100.324047,13.733399],[100.3240944,13.733301],[100.3241815,13.7333412]]]}},{"type":"Feature","properties":{"y":5,"ys":[2015,2016,2017,2018,2020],"last":2020},"geometry":{"type":"Polygon","coordinates":[[[100.309498742727,13.7420223254331],[100.309585838344,13.7420681971012],[100.309566100723,13.7421040089356],[100.309479005095,13.7420581372618],[100.309498742727,13.7420223254331]]]}},{"type":"Feature","properties":{"y":3,"ys":[2016,2017,2018],"last":2018},"geometry":{"type":"Polygon","coordinates":[[[100.309321042048,13.7449427173855],[100.309302432519,13.744985244298],[100.309244462107,13.7449610034917],[100.309263071646,13.7449184765826],[100.309321042048,13.7449427173855]]]}},{"type":"Feature","properties":{"y":1,"ys":[2017],"last":2017},"geometry":{"type":"Polygon","coordinates":[[[100.324780114124,13.7330659049043],[100.3247091141,13.7331322113838],[100.324654990181,13.7330768246858],[100.324725990205,13.7330105182217],[100.324780114124,13.7330659049043]]]}},{"type":"Feature","properties":{"y":4,"ys":[2017,2018,2021,2025],"last":2025},"geometry":{"type":"Polygon","coordinates":[[[100.324738536745,13.7326285804444],[100.324712662514,13.7327018550716],[100.324627708088,13.7326731858937],[100.324653582344,13.7325999112731],[100.324738536745,13.7326285804444]]]}},{"type":"Feature","properties":{"y":1,"ys":[2025],"last":2025},"geometry":{"type":"Polygon","coordinates":[[[100.29378514663,13.7406204017555],[100.293745722331,13.7407183381568],[100.293663540004,13.7406867238539],[100.293702964335,13.7405887874631],[100.29378514663,13.7406204017555]]]}},{"type":"Feature","properties":{"y":1,"ys":[2018],"last":2018},"geometry":{"type":"Polygon","coordinates":[[[100.291609239787,13.7421958212128],[100.291571387675,13.7422289522682],[100.291545684702,13.7422008903344],[100.291583536814,13.7421677592824],[100.291609239787,13.7421958212128]]]}},{"type":"Feature","properties":{"y":4,"ys":[2015,2016,2017,2018],"last":2018},"geometry":{"type":"Polygon","coordinates":[[[100.308341621895,13.7436910281677],[100.308322231098,13.7437253850654],[100.308239234822,13.7436806225754],[100.308258625629,13.7436462656834],[100.308341621895,13.7436910281677]]]}},{"type":"Feature","properties":{"y":3,"ys":[2016,2017,2018],"last":2018},"geometry":{"type":"Polygon","coordinates":[[[100.307526915122,13.7443347226248],[100.307472235355,13.7444331916611],[100.307394354903,13.7443918653356],[100.307449034697,13.744293396314],[100.307526915122,13.7443347226248]]]}},{"type":"Feature","properties":{"y":1,"ys":[2025],"last":2025},"geometry":{"type":"Polygon","coordinates":[[[100.319939937094,13.734073121359],[100.319848982942,13.7341394023766],[100.319785919836,13.734056699857],[100.319876873977,13.7339904188614],[100.319939937094,13.734073121359]]]}},{"type":"Feature","properties":{"y":3,"ys":[2024,2025,2026],"last":2026},"geometry":{"type":"Polygon","coordinates":[[[100.299178896123,13.7442426684743],[100.299170812076,13.7442759004353],[100.299128247615,13.7442660059823],[100.299136331668,13.7442327740222],[100.299178896123,13.7442426684743]]]}},{"type":"Feature","properties":{"y":4,"ys":[2015,2016,2017,2018],"last":2018},"geometry":{"type":"Polygon","coordinates":[[[100.308593367144,13.7434399813542],[100.308581399407,13.7434691639713],[100.308541424303,13.7434534981869],[100.308553218702,13.7434247382579],[100.308593367144,13.7434399813542]]]}},{"type":"Feature","properties":{"y":3,"ys":[2016,2017,2018],"last":2018},"geometry":{"type":"Polygon","coordinates":[[[100.309368298652,13.7450127867418],[100.309333448932,13.7450924261139],[100.309011638191,13.7449578581786],[100.309046488009,13.7448782188433],[100.309368298652,13.7450127867418]]]}},{"type":"Feature","properties":{"y":3,"ys":[2016,2017,2018],"last":2018},"geometry":{"type":"Polygon","coordinates":[[[100.309526284496,13.7450261587145],[100.309515688939,13.7450580147294],[100.30947396561,13.7450447536118],[100.309484561173,13.7450128975983],[100.309526284496,13.7450261587145]]]}},{"type":"Feature","properties":{"y":3,"ys":[2016,2017,2018],"last":2018},"geometry":{"type":"Polygon","coordinates":[[[100.308408854388,13.7449856871154],[100.308390280078,13.7450274200189],[100.308265467658,13.7449743363297],[100.308284041986,13.7449326034375],[100.308408854388,13.7449856871154]]]}},{"type":"Feature","properties":{"y":4,"ys":[2015,2016,2017,2018],"last":2018},"geometry":{"type":"Polygon","coordinates":[[[100.308463037612,13.7443154239844],[100.308416886375,13.7443976897657],[100.308169619482,13.7442651329601],[100.308215770789,13.7441828672189],[100.308463037612,13.7443154239844]]]}},{"type":"Feature","properties":{"y":1,"ys":[2018],"last":2018},"geometry":{"type":"Polygon","coordinates":[[[100.291404916999,13.7422580520857],[100.291160515168,13.7425449833013],[100.29108366125,13.7424824269227],[100.291328063122,13.7421954957781],[100.291404916999,13.7422580520857]]]}},{"type":"Feature","properties":{"y":2,"ys":[2017,2025],"last":2025},"geometry":{"type":"Polygon","coordinates":[[[100.32318529833,13.7327270064252],[100.323146169888,13.7328061653465],[100.323082022705,13.7327758623753],[100.323121151165,13.7326967034624],[100.32318529833,13.7327270064252]]]}},{"type":"Feature","properties":{"y":4,"ys":[2015,2016,2017,2018],"last":2018},"geometry":{"type":"Polygon","coordinates":[[[100.309621288297,13.7416931626128],[100.309605840615,13.7417404145769],[100.309561559182,13.7417265806198],[100.309577000346,13.7416793486216],[100.309621288297,13.7416931626128]]]}},{"type":"Feature","properties":{"y":4,"ys":[2015,2016,2017,2018],"last":2018},"geometry":{"type":"Polygon","coordinates":[[[100.309772785526,13.7417884157803],[100.309754438992,13.7418220138833],[100.309673758078,13.7417799130078],[100.30969210462,13.7417463149099],[100.309772785526,13.7417884157803]]]}},{"type":"Feature","properties":{"y":3,"ys":[2016,2017,2018],"last":2018},"geometry":{"type":"Polygon","coordinates":[[[100.309029603355,13.7452470504498],[100.309021355119,13.7452839770212],[100.308981692806,13.7452749736164],[100.308990438035,13.7452381598622],[100.309029603355,13.7452470504498]]]}},{"type":"Feature","properties":{"y":4,"ys":[2015,2016,2017,2018],"last":2018},"geometry":{"type":"Polygon","coordinates":[[[100.308358687289,13.7438755428657],[100.308312166677,13.7439587573074],[100.308080610012,13.743835055073],[100.30812713069,13.7437518406691],[100.308358687289,13.7438755428657]]]}},{"type":"Feature","properties":{"y":1,"ys":[2018],"last":2018},"geometry":{"type":"Polygon","coordinates":[[[100.291204604287,13.7418520943352],[100.291172823225,13.7419025959937],[100.291128495435,13.7418759384867],[100.291160276505,13.7418254368334],[100.291204604287,13.7418520943352]]]}},{"type":"Feature","properties":{"y":3,"ys":[2015,2016,2025],"last":2025},"geometry":{"type":"Polygon","coordinates":[[[100.308044018679,13.7407399149844],[100.308041157853,13.7407662135183],[100.308016250548,13.7407636242828],[100.308019111377,13.740737325749],[100.308044018679,13.7407399149844]]]}},{"type":"Feature","properties":{"y":4,"ys":[2015,2016,2017,2018],"last":2018},"geometry":{"type":"Polygon","coordinates":[[[100.30937073641,13.7427616677129],[100.309328310666,13.7428376168635],[100.309079785143,13.7427049521811],[100.309122210951,13.7426290030682],[100.30937073641,13.7427616677129]]]}},{"type":"Feature","properties":{"y":3,"ys":[2018,2020,2025],"last":2025},"geometry":{"type":"Polygon","coordinates":[[[100.314630001637,13.7293029267627],[100.314626661985,13.7293358535182],[100.314548920868,13.7293283176817],[100.314552260531,13.7292953909262],[100.314630001637,13.7293029267627]]]}},{"type":"Feature","properties":{"y":4,"ys":[2015,2016,2017,2018],"last":2018},"geometry":{"type":"Polygon","coordinates":[[[100.308557048469,13.7427011907923],[100.3085144576,13.7427772163908],[100.308240595634,13.7426306054317],[100.308283186575,13.7425545798707],[100.308557048469,13.7427011907923]]]}},{"type":"Feature","properties":{"y":2,"ys":[2018,2021],"last":2021},"geometry":{"type":"Polygon","coordinates":[[[100.32542202915,13.7311813506027],[100.325412992713,13.7312322052766],[100.325370707686,13.7312250244607],[100.325379744132,13.7311741697878],[100.32542202915,13.7311813506027]]]}},{"type":"Feature","properties":{"y":4,"ys":[2015,2016,2017,2018],"last":2018},"geometry":{"type":"Polygon","coordinates":[[[100.307653949421,13.7441238180991],[100.30763308801,13.7441765865038],[100.307513081673,13.7441312501818],[100.307533943108,13.7440784817854],[100.307653949421,13.7441238180991]]]}},{"type":"Feature","properties":{"y":1,"ys":[2025],"last":2025},"geometry":{"type":"Polygon","coordinates":[[[100.315854651551,13.729258404421],[100.315845927153,13.7293308190839],[100.315765002843,13.7293215012202],[100.315773727266,13.729249086558],[100.315854651551,13.729258404421]]]}},{"type":"Feature","properties":{"y":1,"ys":[2017],"last":2017},"geometry":{"type":"Polygon","coordinates":[[[100.323790808425,13.7330459441613],[100.323750581919,13.7331201279157],[100.323686842112,13.7330870964393],[100.323727068634,13.7330129126937],[100.323790808425,13.7330459441613]]]}},{"type":"Feature","properties":{"y":4,"ys":[2017,2020,2021,2025],"last":2025},"geometry":{"type":"Polygon","coordinates":[[[100.315997018222,13.7395706685836],[100.315983764651,13.7396258463656],[100.315959345338,13.7396202411631],[100.315972598915,13.7395650633817],[100.315997018222,13.7395706685836]]]}},{"type":"Feature","properties":{"y":2,"ys":[2017,2026],"last":2026},"geometry":{"type":"Polygon","coordinates":[[[100.306411748035,13.7443261561066],[100.306370258687,13.7444129398494],[100.306295158068,13.7443786304474],[100.306336647439,13.7442918467147],[100.306411748035,13.7443261561066]]]}},{"type":"Feature","properties":{"y":2,"ys":[2019,2026],"last":2026},"geometry":{"type":"Polygon","coordinates":[[[100.295342660764,13.7460255208938],[100.295311876776,13.7459982761379],[100.295371819212,13.7459335556929],[100.295402603196,13.7459608004419],[100.295342660764,13.7460255208938]]]}},{"type":"Feature","properties":{"y":3,"ys":[2016,2017,2018],"last":2018},"geometry":{"type":"Polygon","coordinates":[[[100.308609133455,13.7446397034151],[100.308591479848,13.7446804124117],[100.308541343439,13.7446596361901],[100.308558997054,13.7446189271972],[100.308609133455,13.7446397034151]]]}},{"type":"Feature","properties":{"y":3,"ys":[2017,2018,2021],"last":2021},"geometry":{"type":"Polygon","coordinates":[[[100.324888620507,13.7329802144547],[100.324816084483,13.7330384260521],[100.324764674422,13.7329772042058],[100.324837210443,13.7329189926242],[100.324888620507,13.7329802144547]]]}},{"type":"Feature","properties":{"y":4,"ys":[2015,2016,2017,2018],"last":2018},"geometry":{"type":"Polygon","coordinates":[[[100.30874205669,13.7424209319036],[100.308699710233,13.7424957359848],[100.308382491904,13.742324131234],[100.308424838438,13.7422493272048],[100.30874205669,13.7424209319036]]]}},{"type":"Feature","properties":{"y":4,"ys":[2015,2016,2017,2018],"last":2018},"geometry":{"type":"Polygon","coordinates":[[[100.30868335957,13.743286918185],[100.308636191261,13.7433703932834],[100.308384845144,13.7432346740636],[100.308432013524,13.7431511990069],[100.30868335957,13.743286918185]]]}},{"type":"Feature","properties":{"y":1,"ys":[2018],"last":2018},"geometry":{"type":"Polygon","coordinates":[[[100.29162021314,13.7427205568534],[100.291602916617,13.742753281338],[100.291565191079,13.7427342267794],[100.291582487607,13.7427015022972],[100.29162021314,13.7427205568534]]]}},{"type":"Feature","properties":{"y":3,"ys":[2016,2017,2018],"last":2018},"geometry":{"type":"Polygon","coordinates":[[[100.308956648085,13.7452164354778],[100.308937756013,13.7452593200889],[100.308877573845,13.7452339854885],[100.308896465927,13.7451911008811],[100.308956648085,13.7452164354778]]]}},{"type":"Feature","properties":{"y":1,"ys":[2017],"last":2017},"geometry":{"type":"Polygon","coordinates":[[[100.323286705811,13.7327815739935],[100.323248077689,13.7328586721998],[100.32318421778,13.732828094674],[100.32322284592,13.7327509964759],[100.323286705811,13.7327815739935]]]}},{"type":"Feature","properties":{"y":4,"ys":[2015,2016,2017,2018],"last":2018},"geometry":{"type":"Polygon","coordinates":[[[100.308233647718,13.7432981899323],[100.308190571542,13.7433724054545],[100.307874914659,13.7431973266424],[100.307917990916,13.7431231111658],[100.308233647718,13.7432981899323]]]}},{"type":"Feature","properties":{"y":3,"ys":[2016,2017,2018],"last":2018},"geometry":{"type":"Polygon","coordinates":[[[100.309788879397,13.7452826458541],[100.309769839363,13.7453259029165],[100.30970034145,13.7452966714669],[100.309719381496,13.7452534144089],[100.309788879397,13.7452826458541]]]}},{"type":"Feature","properties":{"y":4,"ys":[2015,2016,2017,2018],"last":2018},"geometry":{"type":"Polygon","coordinates":[[[100.308467147681,13.7433771707891],[100.30845693838,13.7434038113929],[100.308419879948,13.743390240326],[100.308430089253,13.7433635997233],[100.308467147681,13.7433771707891]]]}},{"type":"Feature","properties":{"y":5,"ys":[2015,2016,2017,2018,2020],"last":2020},"geometry":{"type":"Polygon","coordinates":[[[100.309779511601,13.7419665165979],[100.309733054796,13.7420509451802],[100.309523760098,13.7419408929861],[100.309570216963,13.7418564644378],[100.309779511601,13.7419665165979]]]}},{"type":"Feature","properties":{"y":4,"ys":[2015,2016,2017,2018],"last":2018},"geometry":{"type":"Polygon","coordinates":[[[100.308682353189,13.7425221377643],[100.308635251826,13.7426041615468],[100.308319677121,13.7424309907261],[100.308366778574,13.7423489669974],[100.308682353189,13.7425221377643]]]}},{"type":"Feature","properties":{"y":3,"ys":[2016,2017,2018],"last":2018},"geometry":{"type":"Polygon","coordinates":[[[100.308791713979,13.744714079335],[100.308777631271,13.7447457597943],[100.308699115523,13.7447124078184],[100.308713198241,13.7446807273618],[100.308791713979,13.744714079335]]]}}]}