rank,GID_3,NAME_3,NAME_2,NAME_1,TYPE_3,cells,risk_mean,risk_max,risk_p75,risk_p90,risk_p95,class_max,class_3plus_cells,class_3plus_pct,risk_mean_norm,risk_max_norm,risk_p75_norm,risk_p90_norm,risk_p95_norm
1,THA.10.21.6_1,ThaWangPhrao,SanPaTong,ChiangMai,Tambon,711,0.6273888945579529,0.8486757278442383,0.6350048184394836,0.7477598190307617,0.7948631048202515,5,711,100.0,0.4830303399441771,0.8549468528551476,0.4958304139953514,0.6853376070371056,0.764504042460815
2,THA.10.7.10_1,SopMaeKha,HangDong,ChiangMai,Tambon,740,0.6256589293479919,0.8545708060264587,0.6375413537025452,0.7283824682235718,0.7940616607666016,5,740,100.0,0.48012278950933684,0.864854703621996,0.500093565742356,0.6527701169852276,0.7631570564097242
3,THA.32.13.9_1,ThaWangPha,ThaWangPha,Nan,Tambon,729,0.6315136551856995,0.8553797602653503,0.6432650685310364,0.7134073972702026,0.8284761905670166,5,729,100.0,0.4899628201395953,0.8662143120323341,0.5097134063279694,0.6276015333561872,0.8209975149980676
4,THA.10.4.1_1,HuaiSai,DoiSaket,ChiangMai,Tambon,970,0.6305331587791443,0.8120418787002563,0.6439684629440308,0.7129786610603333,0.7620118856430054,5,970,100.0,0.48831490101565916,0.793376386931811,0.5108956004666666,0.6268809569271007,0.70929103814497
5,THA.10.21.3_1,MaeKa,SanPaTong,ChiangMai,Tambon,1895,0.6150914430618286,0.8549864292144775,0.6303118467330933,0.7087739706039429,0.7759227156639099,5,1895,100.0,0.4623620280965703,0.8655532410111271,0.48794294212768496,0.619814138765409,0.7326709533267229
6,THA.47.7.8_1,RongKat,SungMen,Phrae,Tambon,2133,0.5938851237297058,0.8442284464836121,0.636498749256134,0.7005586624145508,0.7731600403785706,5,2004,93.95218002812939,0.426720592858189,0.8474723124542816,0.49834126171099485,0.6060066802333653,0.7280277283179424
7,THA.75.4.9_1,NgioNgam,MuangUttaradit,Uttaradit,Tambon,2954,0.6188441514968872,0.8604251146316528,0.6397597789764404,0.7000494599342346,0.7805882096290588,5,2954,100.0,0.46866920062198175,0.8746940330100741,0.5038220704155341,0.6051508642409164,0.7405122433879374
8,THA.10.18.9_1,ThungLuang,Phrao,ChiangMai,Tambon,595,0.6180446147918701,0.8192326426506042,0.6322028040885925,0.6993788480758667,0.7564036250114441,5,595,100.0,0.46732542024942986,0.8054618952011593,0.4911210718667047,0.6040237677021075,0.6998652412884183
9,THA.47.3.2_1,HuaiMa,MuangPhrae,Phrae,Tambon,1969,0.6115638613700867,0.8261529803276062,0.636593759059906,0.6961318850517273,0.7736446857452393,5,1969,100.0,0.4564332258162108,0.8170928983601552,0.498500944573217,0.5985666008767931,0.7288422711992023
10,THA.20.6.2_1,BanPaen,MuangLamphun,Lamphun,Tambon,1353,0.6229404807090759,0.8069594502449036,0.6386796236038208,0.6959798336029053,0.7530202269554138,5,1353,100.0,0.47555389617167854,0.7848343555774699,0.502006654587937,0.5983110481907651,0.6941787682701137
11,THA.19.7.1_1,BaHaeo,MuangLampang,Lampang,Tambon,2319,0.6174123883247375,0.856415331363678,0.6371399164199829,0.6917710304260254,0.7864803075790405,5,2319,100.0,0.46626283799121765,0.8679547951240828,0.49941887058735845,0.5912373177847239,0.7504150852820687
12,THA.10.16.7_1,PaDaet,MuangChiangMai,ChiangMai,Tambon,1336,0.6216062307357788,0.8552154302597046,0.6364225745201111,0.6911134719848633,0.7699085474014282,5,1336,100.0,0.4733114238562189,0.8659381227907115,0.498213234924345,0.5901321601084161,0.722562948006098
13,THA.20.6.11_1,WiangYong,MuangLamphun,Lamphun,Tambon,1448,0.6268143057823181,0.8458663821220398,0.6383541226387024,0.6903394460678101,0.7568743228912354,5,1448,100.0,0.48206462928431426,0.8502251888996167,0.501459585509772,0.5888312556863228,0.700656342645362
14,THA.10.23.1_1,ChaiSathan,Saraphi,ChiangMai,Tambon,560,0.6259966492652893,0.8259038329124451,0.6377009153366089,0.6893717646598816,0.7541987299919128,5,560,100.0,0.48069039496564214,0.8166741566010031,0.5003617407876312,0.5872048747150703,0.696159476897376
15,THA.47.7.1_1,BanKat,SungMen,Phrae,Tambon,493,0.6314292550086975,0.8208543658256531,0.6449353694915771,0.6883739829063416,0.7562887072563171,5,493,100.0,0.48982096886424614,0.8081875233789134,0.5125206791310126,0.5855279041293747,0.6996720991564457
16,THA.10.4.7_1,PaLan,DoiSaket,ChiangMai,Tambon,1067,0.6228035092353821,0.8233991861343384,0.6353189945220947,0.6876319646835327,0.7562614679336548,5,1067,100.0,0.47532368838159916,0.8124645997920716,0.4963584493571913,0.5842807950002634,0.6996263180598111
17,THA.10.18.10_1,Wiang,Phrao,ChiangMai,Tambon,723,0.6226993203163147,0.8246318101882935,0.6375718712806702,0.6875900626182556,0.7471107840538025,5,723,100.0,0.47514857819140827,0.8145362695478771,0.5001448565989794,0.5842103702498606,0.6842467747367688
18,THA.11.9.6_1,SiMueangChum,MaeSai,ChiangRai,Tambon,4823,0.6272687911987305,0.8198688626289368,0.6391555070877075,0.6865040063858032,0.7479010820388794,5,4823,100.0,0.4828284823736767,0.8065311893488125,0.5028064713834086,0.5823850368542837,0.6855750276038975
19,THA.41.7.3_1,MaeChai,MaeChai,Phayao,Tambon,1320,0.600347638130188,0.814476490020752,0.6341943144798279,0.6857297420501709,0.7775322198867798,5,1246,94.39393939393939,0.4375821329903792,0.7974682352318898,0.49446820097120037,0.581083731722373,0.7353760451263368
20,THA.10.20.7_1,SanKlang,SanKamphaeng,ChiangMai,Tambon,765,0.6206362247467041,0.8415967226028442,0.6369253993034363,0.6840206980705261,0.7847851514816284,5,765,100.0,0.47168113596424704,0.8430491773126917,0.49905833192917937,0.5782113435740069,0.7475660384805645
21,THA.20.6.1_1,BanKlang,MuangLamphun,Lamphun,Tambon,2713,0.6213772892951965,0.847432017326355,0.6395714282989502,0.6822484731674194,0.7421998381614685,5,2713,100.0,0.47292664225408887,0.8528565500928345,0.5035055096598113,0.5752327673240378,0.6759929539185714
22,THA.20.7.8_1,PakBong,PaSang,Lamphun,Tambon,545,0.614872395992279,0.8444392681121826,0.6325392723083496,0.6818973422050476,0.7267237305641174,5,545,100.0,0.46199387595186114,0.8478266401102914,0.4916865735964688,0.5746426219405054,0.6499822786083268
23,THA.47.7.7_1,NamCham,SungMen,Phrae,Tambon,1482,0.6268979907035828,0.842597246170044,0.6414726972579956,0.6810416579246521,0.7334631681442261,5,1482,100.0,0.48220527843021127,0.844730756061287,0.5067009700984324,0.5732044744059627,0.6613092431933928
24,THA.75.4.13_1,ThaIt,MuangUttaradit,Uttaradit,Tambon,868,0.6239455342292786,0.867713451385498,0.6383486986160278,0.67954021692276,0.7818153500556946,5,868,100.0,0.4772430884068038,0.8869435317721812,0.5014504693614268,0.570681004331072,0.7425746968179433
25,THA.75.3.8_1,ThungYang,Laplae,Uttaradit,Tambon,5561,0.6081815361976624,0.8332633376121521,0.6374716758728027,0.6793498396873474,0.7290925979614258,5,5561,100.0,0.45074855599208435,0.8290432672435953,0.4999764582982295,0.5703610375419017,0.6539636311762657
26,THA.41.1.2_1,ChadiKham,ChiangKham,Phayao,Tambon,1778,0.6133131980895996,0.823927640914917,0.6318179368972778,0.6790544390678406,0.7389032244682312,5,1778,100.0,0.4593733339237125,0.8133527731022734,0.49047422604401436,0.5698645580781797,0.6704523392737896
27,THA.10.21.7_1,ThungSatok,SanPaTong,ChiangMai,Tambon,1482,0.6176921129226685,0.8469067811965942,0.6347028613090515,0.6780157685279846,0.7570192813873291,5,1482,100.0,0.4667329707844476,0.8519737863651673,0.49532291501165165,0.5681188657588051,0.7008999742143233
28,THA.75.6.9_1,RaiOi,Phichai,Uttaradit,Tambon,7035,0.6223171353340149,0.8557977676391602,0.6378953456878662,0.6777267456054688,0.7488330602645874,5,7035,100.0,0.4745062403541634,0.8669168565196389,0.5006885196436969,0.5676331052826977,0.6871414022799988
29,THA.10.7.6_1,KhunKhong,HangDong,ChiangMai,Tambon,941,0.6028338074684143,0.7995394468307495,0.6268699169158936,0.6772875189781189,0.7165945172309875,5,941,100.0,0.4417606347884643,0.7723635648187199,0.4821580948492159,0.566894897621647,0.6329581220173415
30,THA.75.3.2_1,DanMaeKamMan,Laplae,Uttaradit,Tambon,2258,0.600000262260437,0.8338810205459595,0.6392269730567932,0.677244246006012,0.7372238636016846,5,2258,100.0,0.43699829878647034,0.8300814062029479,0.5029265841511654,0.5668221687897942,0.6676298394976862
31,THA.47.4.1_1,MaeKhamMi,NongMuangKai,Phrae,Tambon,1702,0.6141799092292786,0.8452600836753845,0.633216142654419,0.6768405437469482,0.7584977149963379,5,1702,100.0,0.4608300142873085,0.8492061838340437,0.4928241887679836,0.5661436668915316,0.7033847757918377
32,THA.19.3.1_1,KoKha,KoKha,Lampang,Tambon,1707,0.6064097285270691,0.8138896822929382,0.6341232657432556,0.6765465140342712,0.7514057755470276,5,1707,100.0,0.44777068098429557,0.7964819881938866,0.494348789445624,0.5656494915092595,0.6914653617417894
33,THA.32.15.4_1,KlangWiang,WiangSa,Nan,Tambon,2250,0.6050702333450317,0.8569671511650085,0.6311217546463013,0.6764739751815796,0.7630660533905029,5,2250,100.0,0.4455193930528538,0.8688822379963868,0.48930415337729255,0.5655275755473246,0.7110627766024736
34,THA.47.7.11_1,WiangThong,SungMen,Phrae,Tambon,882,0.6200315952301025,0.8592069149017334,0.6367926001548767,0.6760948300361633,0.7802414298057556,5,882,100.0,0.4706649358673955,0.8726466061982195,0.498835136560904,0.5648903467602511,0.739929410958572
35,THA.47.7.10_1,SungMen,SungMen,Phrae,Tambon,898,0.6224386096000671,0.8314239382743835,0.6390680074691772,0.6760075688362122,0.7234227657318115,5,898,100.0,0.47471040200611364,0.825951791002582,0.5026594108804336,0.5647436869670935,0.644434351009378
36,THA.11.8.2_1,BuaSali,MaeLao,ChiangRai,Tambon,2542,0.6019728183746338,0.8483114242553711,0.6248112320899963,0.6758385300636292,0.7552761435508728,5,2529,99.48859166011015,0.4403135714604851,0.8543345682542055,0.47869806575367607,0.5644595837065778,0.6979702845620732
37,THA.10.13.6_1,MueangKaeo,MaeRim,ChiangMai,Tambon,2174,0.6091775298118591,0.8506697416305542,0.6257198452949524,0.6758198142051697,0.7374119758605957,5,2174,100.0,0.4524225212541496,0.8582981894127257,0.480225170867675,0.5644281279859142,0.6679459995435916
38,THA.10.16.6_1,NongPaKhrang,MuangChiangMai,ChiangMai,Tambon,533,0.6157593131065369,0.8246886730194092,0.6331040263175964,0.6758124828338623,0.751811683177948,5,533,100.0,0.46348451647247935,0.81463183883932,0.49263575497636514,0.5644158061590301,0.6921475702058627
39,THA.47.4.3_1,NongMuangKhai,NongMuangKai,Phrae,Tambon,1547,0.6186074614524841,0.8602628707885742,0.636771559715271,0.6757745146751404,0.7514566779136658,5,1547,100.0,0.4682713959507872,0.8744213499793534,0.498799773919521,0.5643519931206139,0.691550913287798
40,THA.20.7.9_1,ThaTum,PaSang,Lamphun,Tambon,2121,0.6067572236061096,0.811057984828949,0.6290557384490967,0.6757383942604065,0.7429267168045044,5,2121,100.0,0.44835471554311307,0.7917227576929773,0.48583180245486857,0.5642912855832822,0.6772146179742796
41,THA.10.7.4_1,HanKaeo,HangDong,ChiangMai,Tambon,1132,0.6086337566375732,0.8468286395072937,0.629228949546814,0.6757184267044067,0.7610305547714233,5,1132,100.0,0.45150860233818185,0.8518424537225241,0.4861229181371882,0.5642577261360775,0.7076417165366731
42,THA.41.1.9_1,Yuan,ChiangKham,Phayao,Tambon,1587,0.6181153059005737,0.8348850011825562,0.6312583684921265,0.675480842590332,0.7602803111076355,5,1587,100.0,0.4674442307102802,0.831768795243895,0.4895337601026458,0.5638584188030678,0.7063807829188625
43,THA.75.9.5_1,WangDaeng,Tron,Uttaradit,Tambon,11716,0.6126712560653687,0.868506908416748,0.6383330821990967,0.6750257015228271,0.7287236452102661,5,11710,99.9487879822465,0.4582944227404424,0.8882770940443903,0.5014242228683891,0.5630934637617074,0.6533435327338848
44,THA.10.16.4_1,MaeHia,MuangChiangMai,ChiangMai,Tambon,920,0.6040319204330444,0.7965620756149292,0.6292799115180969,0.6749720573425293,0.7176638841629028,5,919,99.89130434782608,0.4437743017982053,0.7673595006193972,0.48620856986065114,0.5630033040527991,0.6347554057257025
45,THA.10.16.3_1,Haiya,MuangChiangMai,ChiangMai,Tambon,228,0.6140974164009094,0.7607948780059814,0.6372666954994202,0.674788236618042,0.6977637410163879,5,228,100.0,0.46069136869049837,0.7072456148822023,0.4996319480327452,0.5626943567836065,0.6013092592217855
46,THA.20.6.10_1,TonThong,MuangLamphun,Lamphun,Tambon,2474,0.6159510016441345,0.846400797367096,0.6316943764686584,0.6745591759681702,0.751708984375,5,2474,100.0,0.4638066871656452,0.8511233799552528,0.4902665581811621,0.5623093748265677,0.6919749644520303
47,THA.47.7.5_1,DonMun,SungMen,Phrae,Tambon,2107,0.6200754642486572,0.8237881064414978,0.6363303661346436,0.6743581891059875,0.7150475978851318,5,2107,100.0,0.4707386664737917,0.8131182576816572,0.49805826040247697,0.5619715764505244,0.6303582165447874
48,THA.75.3.6_1,PhaiLom,Laplae,Uttaradit,Tambon,8137,0.617986798286438,0.8342036604881287,0.6381241679191589,0.6736849546432495,0.7153298258781433,5,8137,100.0,0.4672282481187175,0.8306236667633046,0.5010731008909182,0.5608400721037246,0.6308325567910997
49,THA.75.6.10_1,ThaMafueang,Phichai,Uttaradit,Tambon,6800,0.6157742142677307,0.8238915205001831,0.6380730867385864,0.6736366748809814,0.717830240726471,5,6800,100.0,0.463509560836065,0.8132920655649417,0.5009872488125465,0.5607589283657071,0.6350350010007728
50,THA.32.7.5_1,KongKhwai,MuangNan,Nan,Tambon,1723,0.5865975618362427,0.859043538570404,0.6236786842346191,0.6725025773048401,0.7583348751068115,5,1720,99.82588508415554,0.4144723964029883,0.8723720197958664,0.4767945939437119,0.5588528519419299,0.7031110909865737
51,THA.75.6.5_1,NaIn,Phichai,Uttaradit,Tambon,6757,0.5958816409111023,0.8436861038208008,0.6342147588729858,0.6709546446800232,0.7110853791236877,5,6554,96.99570815450643,0.4300761368688495,0.846560797797218,0.4945025618380399,0.556251243452652,0.6236989202673616
52,THA.75.6.7_1,NaiMueang,Phichai,Uttaradit,Tambon,3239,0.6182820796966553,0.8435782194137573,0.6386922597885132,0.6708120107650757,0.7250968813896179,5,3239,100.0,0.46772452722753083,0.8463794766048578,0.5020278922082577,0.5560115188044101,0.6472480351694992
53,THA.19.3.3_1,LampangLuang,KoKha,Lampang,Tambon,6928,0.5916481614112854,0.8559085726737976,0.6286777853965759,0.6706483960151672,0.7434637546539307,5,6925,99.9566974595843,0.4229609329967104,0.8671030864072619,0.485196577216882,0.5557365316922397,0.6781172168379067
54,THA.75.6.2_1,BanKhon,Phichai,Uttaradit,Tambon,3921,0.613883376121521,0.8305009007453918,0.634684681892395,0.6705662608146667,0.7119430303573608,5,3921,100.0,0.460331631451954,0.8244004429446321,0.49529236088807715,0.5555984871601555,0.6251403736578977
55,THA.47.3.11_1,ThungHong,MuangPhrae,Phrae,Tambon,898,0.6116852760314941,0.8082362413406372,0.6327177286148071,0.6698492765426636,0.7063837051391602,5,898,100.0,0.45663728729070674,0.7869802568269433,0.4919865048947706,0.5543934525618681,0.6157968224913613
56,THA.75.6.4_1,KhoRum,Phichai,Uttaradit,Tambon,6879,0.6146634221076965,0.853970468044281,0.6346375346183777,0.6695287227630615,0.7205232977867126,5,6879,100.0,0.46164265379693586,0.8638457163018571,0.49521312052169214,0.5538546982124135,0.6395612187428812
57,THA.75.6.3_1,BanMo,Phichai,Uttaradit,Tambon,4450,0.6112437844276428,0.8624966144561768,0.6322640180587769,0.6691485047340393,0.709725022315979,5,4450,100.0,0.455895272886391,0.8781756002582976,0.49122395411231456,0.5532156662311619,0.6214125702268999
58,THA.75.4.3_1,BanKo,MuangUttaradit,Uttaradit,Tambon,1720,0.6133375763893127,0.8419394493103027,0.6330589652061462,0.6690537333488464,0.7695602774620056,5,1720,100.0,0.4594143065025386,0.8436251976751618,0.4925600208208821,0.5530563840787571,0.7219776111403741
59,THA.10.13.8_1,RimNuea,MaeRim,ChiangMai,Tambon,1003,0.6072805523872375,0.839535117149353,0.6271448731422424,0.6690337061882019,0.7782459259033203,5,1003,100.0,0.4492342735922413,0.8395842395218891,0.4826202134460984,0.553022724454098,0.7365755699646354
60,THA.41.1.8_1,Wiang,ChiangKham,Phayao,Tambon,1092,0.606836199760437,0.814153790473938,0.6263453364372253,0.6689823865890503,0.7213090062141418,5,1092,100.0,0.448487450670117,0.7969258744940788,0.4812764330735465,0.552936471665909,0.6408817579460256
61,THA.10.13.10_1,SanPong,MaeRim,ChiangMai,Tambon,2479,0.5842456221580505,0.8512933850288391,0.6261136531829834,0.6689729690551758,0.7403688430786133,5,2416,97.45865268253327,0.4105194942320827,0.8593463461175126,0.4808870433085167,0.5529206436281229,0.6729156026986204
62,THA.47.6.4_1,HuaMueang,Song,Phrae,Tambon,4112,0.6172183156013489,0.8631991744041443,0.633120059967041,0.6688807010650635,0.7114853262901306,5,4112,100.0,0.46593666019987806,0.879356391912634,0.4926627027115833,0.5527655689288005,0.6243711109860006
63,THA.10.16.10_1,ThaSala,MuangChiangMai,ChiangMai,Tambon,933,0.6083637475967407,0.7761238813400269,0.6333121061325073,0.668824315071106,0.7062163949012756,5,933,100.0,0.4510547984700098,0.7330090522351294,0.4929854744694752,0.5526708010569924,0.6155156243770215
64,THA.10.4.5_1,MaeKhue,DoiSaket,ChiangMai,Tambon,714,0.61824631690979,0.8159171938896179,0.6316893100738525,0.6687642335891724,0.7490606307983398,5,714,100.0,0.46766442075492526,0.7998896244808053,0.490258043097543,0.552569822183015,0.687523879800679
65,THA.10.4.9_1,SanPuLoei,DoiSaket,ChiangMai,Tambon,1690,0.6121973991394043,0.8393610715866089,0.6323857307434082,0.6678400635719299,0.7063673734664917,5,1690,100.0,0.45749801197841855,0.8392917213552086,0.4914285164740822,0.5510165707534326,0.6157693738688713
66,THA.10.4.4_1,MaeKhuPa,DoiSaket,ChiangMai,Tambon,932,0.6042338609695435,0.7908011078834534,0.6281498670578003,0.6676691770553589,0.7159996032714844,5,932,100.0,0.44411370301351816,0.7576770491248197,0.4843093055037694,0.5507293619918323,0.6319582508455478
67,THA.41.8.8_1,MaeSai,MuangPhayao,Phayao,Tambon,2425,0.601172685623169,0.8230422735214233,0.6271198391914368,0.6675581336021423,0.7148829698562622,5,2425,100.0,0.43896878931338973,0.811864737195468,0.4825781389152745,0.550542731394392,0.6300815264158931
68,THA.11.15.5_1,SiDonChai,Thoeng,ChiangRai,Tambon,4565,0.592838704586029,0.8336153626441956,0.6242167949676514,0.6674036383628845,0.7307752370834351,5,4554,99.75903614457832,0.4249618774697499,0.8296349152889428,0.4776989960015171,0.5502830714327359,0.6567916407123578
69,THA.75.9.2_1,HatSongKhwae,Tron,Uttaradit,Tambon,3792,0.61246657371521,0.8647222518920898,0.6359994411468506,0.6672549247741699,0.7111158967018127,5,3792,100.0,0.45795041336222986,0.881916226403451,0.49750207517596673,0.5500331286841511,0.623750211123985
70,THA.75.9.1_1,BanKaeng,Tron,Uttaradit,Tambon,4483,0.6172434687614441,0.8661348223686218,0.6331684589385986,0.667048990726471,0.7159515023231506,5,4483,100.0,0.46597893508561067,0.8842903318939169,0.4927440468045095,0.5496870155793974,0.6318774076398933
71,THA.75.4.4_1,HatKruat,MuangUttaradit,Uttaradit,Tambon,4459,0.6072084307670593,0.8239330649375916,0.6310888528823853,0.6666926145553589,0.7142412662506104,5,4459,100.0,0.4491130588724867,0.8133618892506186,0.4892488554224954,0.5490880545798829,0.6290030159424405
72,THA.10.23.2_1,Chomphu,Saraphi,ChiangMai,Tambon,1425,0.5994742512702942,0.8486804366111755,0.6195046305656433,0.6663490533828735,0.7364451885223389,5,1425,100.0,0.4361142327518967,0.8549547668740407,0.4697792669935524,0.5485106317330519,0.6663211212341542
73,THA.10.21.1_1,BanMae,SanPaTong,ChiangMai,Tambon,1777,0.607132613658905,0.8477905988693237,0.628323495388031,0.6658462882041931,0.737587571144104,5,1777,100.0,0.4489856331505629,0.8534592176581597,0.4846011224282694,0.5476656349056719,0.6682411223240848
74,THA.75.4.14_1,ThaSao,MuangUttaradit,Uttaradit,Tambon,3729,0.5907060503959656,0.8386459350585938,0.6290983557701111,0.6648023724555969,0.7252262830734253,5,3724,99.86591579511934,0.4213775281533709,0.8380897922580058,0.4859034293347235,0.5459111269703152,0.6474655204228771
75,THA.75.4.17_1,WangKaphi,MuangUttaradit,Uttaradit,Tambon,3508,0.6057505011558533,0.847129762172699,0.6298373341560364,0.6647924184799194,0.7044227719306946,5,3508,100.0,0.4466627183392662,0.852348550221863,0.48714542941366334,0.54589439733544,0.6125010844209433
76,THA.75.9.4_1,NamAng,Tron,Uttaradit,Tambon,5925,0.5585180521011353,0.8553524613380432,0.6279106140136719,0.6644051671028137,0.7164347171783447,5,5280,89.1139240506329,0.36727919837199613,0.8661684307582451,0.48390719320203807,0.545243544414576,0.6326895462622489
77,THA.20.6.5_1,MueangNga,MuangLamphun,Lamphun,Tambon,2399,0.6076142191886902,0.8479017019271851,0.6286730766296387,0.6641643643379211,0.7125636339187622,5,2399,100.0,0.4497950669816513,0.8536459484330543,0.4851886631979889,0.5448388274990318,0.626183421312513
78,THA.10.20.1_1,BuakKhang,SanKamphaeng,ChiangMai,Tambon,2771,0.6066778898239136,0.8132306933403015,0.6273701786994934,0.664020299911499,0.6988038420677185,5,2771,100.0,0.44822137935138306,0.7953744262586746,0.48299888422351356,0.5445966985918856,0.6030573558000643
79,THA.41.8.6_1,ChamPaWai,MuangPhayao,Phayao,Tambon,5368,0.5902595520019531,0.8185222148895264,0.6240070462226868,0.6635894775390625,0.7082608342170715,5,5309,98.90089418777943,0.4206270988428903,0.8042678801228497,0.4773464715396854,0.5438726159518972,0.6189517110609734
80,THA.75.9.3_1,KhoiSung,Tron,Uttaradit,Tambon,2121,0.6195787191390991,0.8020597100257874,0.6362256407737732,0.6635443568229675,0.6911013722419739,5,2121,100.0,0.46990378756930024,0.776599368120689,0.497882248615197,0.5437967816189598,0.5901118240851845
81,THA.10.22.5_1,NongChom,SanSai,ChiangMai,Tambon,1444,0.6078919768333435,0.8171330690383911,0.630643367767334,0.6635263562202454,0.7336667776107788,5,1444,100.0,0.45026189391888793,0.8019331443719404,0.48850012912873864,0.5437665280277484,0.6616514493774271
82,THA.75.6.11_1,ThaSak,Phichai,Uttaradit,Tambon,9410,0.6064381003379822,0.8576227426528931,0.6315487623214722,0.6634138226509094,0.6969015598297119,5,9410,100.0,0.44781836545256265,0.8699840898167013,0.4900218246602031,0.5435773929939495,0.5998601923447194
83,THA.47.2.4_1,PakKang,Long,Phrae,Tambon,2683,0.548137903213501,0.8612328767776489,0.6014249324798584,0.6632533669471741,0.7610748410224915,5,2555,95.22922102124487,0.34983329469822844,0.8760516378713252,0.43939274030016773,0.5433077152868592,0.7077161483852497
84,THA.20.6.8_1,SanSai,MuangLamphun,Lamphun,Tambon,5694,0.60377037525177,0.8506289720535278,0.6248737573623657,0.662496030330658,0.7137128114700317,5,5694,100.0,0.44333472312854993,0.8582296680339554,0.4788031519032815,0.5420348605519818,0.6281148426322387
85,THA.10.23.6_1,NongPhueng,Saraphi,ChiangMai,Tambon,1220,0.6027605533599854,0.8123268485069275,0.6301814317703247,0.662360429763794,0.7053467035293579,5,1220,100.0,0.4416375166970772,0.793855335341023,0.4877237538575833,0.5418069568433523,0.6140539351407083
86,THA.11.12.4_1,SanMakha,PaDaet,ChiangRai,Tambon,3357,0.5358812808990479,0.850767195224762,0.6187130808830261,0.6623033881187439,0.7642982006072998,5,2835,84.45040214477211,0.3292336044068463,0.8584619795505759,0.46844891039988235,0.5417110870195464,0.7131336449386443
87,THA.11.9.1_1,BanDai,MaeSai,ChiangRai,Tambon,2773,0.6115714907646179,0.8390142321586609,0.6291651129722595,0.6620457172393799,0.7009396553039551,5,2773,100.0,0.4564460485303667,0.838708788748389,0.4860156280835873,0.5412780198844233,0.6066470145215235
88,THA.47.5.5_1,MaeYangTan,RongKwang,Phrae,Tambon,2665,0.5940238237380981,0.8240042924880981,0.627389669418335,0.6616160869598389,0.7226178646087646,5,2665,100.0,0.4269537057944443,0.813481601308558,0.4830316422510836,0.5405559407935216,0.6430815546659352
89,THA.47.3.5_1,NaChak,MuangPhrae,Phrae,Tambon,2535,0.5914696455001831,0.838853657245636,0.6252878904342651,0.6611722707748413,0.7037034630775452,5,2535,100.0,0.4226609015209542,0.8384389106863899,0.47949918485605403,0.5398100194684865,0.6112921429019365
90,THA.47.1.4_1,PongPaWai,DenChai,Phrae,Tambon,4434,0.5106542706489563,0.8628602027893066,0.6179656982421875,0.6611501574516296,0.7314552068710327,5,3513,79.22868741542625,0.28683459880832907,0.8787866827297875,0.46719278529988023,0.5397728536329254,0.6579344651114986
91,THA.75.6.6_1,NaYang,Phichai,Uttaradit,Tambon,15827,0.5639737248420715,0.8221568465232849,0.6279471516609192,0.6610990166664124,0.6972544193267822,5,14340,90.60466291779869,0.37644854094543073,0.8103766011112084,0.4839686019815501,0.5396869013770994,0.6004532428744278
92,THA.47.6.3_1,DaenChumphon,Song,Phrae,Tambon,1539,0.6078612208366394,0.8408931493759155,0.6288638114929199,0.6608026623725891,0.708767294883728,5,1539,100.0,0.45021020235244713,0.8418666826416313,0.4855092310518853,0.5391888190741079,0.6198029188905226
93,THA.75.6.8_1,PhayaMaen,Phichai,Uttaradit,Tambon,3430,0.6028950810432434,0.8625649213790894,0.6297878623008728,0.6607252359390259,0.6995851993560791,5,3430,100.0,0.4418636172115285,0.8782904036209742,0.487062282126559,0.5390586885609168,0.6043705820490417
94,THA.11.6.2_1,ChanChawaTai,MaeChan,ChiangRai,Tambon,5220,0.5761412978172302,0.8398782014846802,0.6251608729362488,0.6605762243270874,0.703564465045929,5,5159,98.83141762452107,0.396898566120025,0.8401608609490853,0.4792857067008499,0.5388082449250603,0.6110585290784095
95,THA.10.23.5_1,NongFaek,Saraphi,ChiangMai,Tambon,932,0.5958645939826965,0.8242724537849426,0.6223165988922119,0.6601414084434509,0.6996647119522095,5,932,100.0,0.43004748611690746,0.8139322996756454,0.4745053387570743,0.5380774503956308,0.6045042187731348
96,THA.75.6.1_1,BanDara,Phichai,Uttaradit,Tambon,3780,0.609302818775177,0.8448956608772278,0.6296675205230713,0.6599462032318115,0.7038540244102478,5,3780,100.0,0.45263309426317777,0.8485936988781928,0.4868600238462412,0.5377493692326587,0.611545191151606
97,THA.11.11.5_1,MaeKhaoTom,MuangChiangRai,ChiangRai,Tambon,8114,0.6053057312965393,0.8406099677085876,0.6249395608901978,0.6597926020622253,0.7120214700698853,5,8105,99.88908060142963,0.4459151941749615,0.8413907395560496,0.4789137478128757,0.5374912119328178,0.6252722071878125
98,THA.11.9.5_1,PongPha,MaeSai,ChiangRai,Tambon,5317,0.5353357195854187,0.817823588848114,0.622759222984314,0.6596337556838989,0.7066905498504639,5,4379,82.3584728230205,0.32831668016724824,0.8030937001804997,0.4752492565330226,0.5372242390169947,0.616312536026317
99,THA.11.11.9_1,RimKok,MuangChiangRai,ChiangRai,Tambon,5854,0.5954673290252686,0.8471757769584656,0.6238729953765869,0.6596100330352783,0.7296819090843201,5,5847,99.88042364195422,0.4293798033837139,0.8524258872166155,0.47712117244486885,0.5371843683901664,0.6549540856673511
100,THA.11.11.10_1,SanSai,MuangChiangRai,ChiangRai,Tambon,2204,0.6052339673042297,0.8486906886100769,0.6217553019523621,0.6593721508979797,0.7446744441986084,5,2204,100.0,0.44579458051993304,0.8549719973961876,0.4735619676695298,0.536784560169885,0.680152021290514
101,THA.11.6.4_1,MaeRai,MaeChan,ChiangRai,Tambon,2011,0.5874301195144653,0.8066115975379944,0.6233551502227783,0.6593088507652283,0.6906125545501709,5,1960,97.4639482844356,0.41587167508524603,0.7842497199539263,0.4762508307215401,0.5366781717133731,0.5892902687821207
102,THA.41.3.3_1,Lo,Chun,Phayao,Tambon,4910,0.5767968893051147,0.8343812823295593,0.6225476264953613,0.659244954586029,0.7021518349647522,5,4612,93.93075356415478,0.3980004179403395,0.8309221955772456,0.4748936265701063,0.5365707814823177,0.6086843234104894
103,THA.11.14.1_1,MaePao,PhayaMengrai,ChiangRai,Tambon,9584,0.5679106116294861,0.8580284118652344,0.6199127435684204,0.6588864922523499,0.7234652638435364,5,9340,97.45409015025042,0.38306526180476097,0.8706658975709572,0.4704651820234363,0.5359683142719013,0.6445057775343243
104,THA.11.15.4_1,SanSaiNgam,Thoeng,ChiangRai,Tambon,2873,0.6151589155197144,0.8548297882080078,0.6289874315261841,0.6586368680000305,0.7040725350379944,5,2873,100.0,0.46247542897488614,0.8652899746611147,0.4857169990921919,0.5355487710931144,0.611912441699226
105,THA.10.16.5_1,NongHoi,MuangChiangMai,ChiangMai,Tambon,383,0.6076433062553406,0.8491082787513733,0.6303860545158386,0.6585425734519958,0.678691565990448,5,383,100.0,0.4498439535793705,0.855673840641312,0.48806766305834154,0.5353902903603444,0.5692546777361418
106,THA.11.2.3_1,PaSak,ChiangSaen,ChiangRai,Tambon,5468,0.5621045231819153,0.8422099351882935,0.618376612663269,0.658446729183197,0.7005829215049744,5,5398,98.7198244330651,0.3733069759772461,0.8440798029629686,0.46788340867011824,0.5352292050137614,0.6060474524572829
107,THA.10.6.4_1,SanSai,Fang,ChiangMai,Tambon,4260,0.5660517811775208,0.8238239288330078,0.6206108927726746,0.6580683588981628,0.7430112361907959,5,4165,97.76995305164318,0.3799411277136319,0.8131784643317173,0.47163856054615144,0.5345932785335944,0.6773566696045374
108,THA.41.3.4_1,ThungRuangThong,Chun,Phayao,Tambon,6597,0.5618589520454407,0.8113325238227844,0.6214904189109802,0.6574824452400208,0.6893497705459595,5,6061,91.87509474003335,0.3728942448653545,0.7921841750476795,0.4731167790624312,0.5336085341574064,0.5871679092344179
109,THA.11.9.4_1,MaeSai,MaeSai,ChiangRai,Tambon,3108,0.6051160097122192,0.8025830388069153,0.6253744959831238,0.6571888327598572,0.678787887096405,5,3108,100.0,0.445596329337789,0.7774789261698172,0.47964474269721386,0.5331150600173147,0.5694165645023594
110,THA.10.22.1_1,NA,SanSai,ChiangMai,Tambon,3909,0.5978378057479858,0.8406239748001099,0.624387800693512,0.6566351056098938,0.6945801973342896,5,3909,100.0,0.43336386074292,0.8414142812578201,0.4779864051180261,0.5321844114664717,0.5959586812078916
111,THA.10.20.5_1,RongWuaDaeng,SanKamphaeng,ChiangMai,Tambon,1673,0.5718291401863098,0.8185790181159973,0.6165785789489746,0.6565595269203186,0.7480447292327881,5,1577,94.26180514046622,0.38965112800815366,0.8043633492368382,0.4648614555824187,0.5320573864543653,0.6858164552688633
112,THA.11.13.11_1,SantiSuk,Phan,ChiangRai,Tambon,1945,0.6011894941329956,0.8155148029327393,0.6200571060180664,0.6563426852226257,0.7510185837745667,5,1945,100.0,0.4389970393555144,0.7992133264865382,0.47070781181785415,0.5316929408754668,0.6908146089983798
113,THA.75.4.1_1,BanDan,MuangUttaradit,Uttaradit,Tambon,4148,0.5368833541870117,0.8275161385536194,0.6160243153572083,0.6563258767127991,0.7117427587509155,5,3603,86.86113789778206,0.33091778776925446,0.819383956740971,0.46392990543448664,0.5316646908333422,0.6248037774113064
114,THA.19.2.5_1,PongYangKhok,HangChat,Lampang,Tambon,3284,0.594388484954834,0.824333667755127,0.622059166431427,0.6561642289161682,0.7007688283920288,5,3284,100.0,0.42756659146011244,0.8140351819212553,0.4740726723317685,0.531393009577165,0.6063599059373774
115,THA.10.11.5_1,SanTonMue,MaeAi,ChiangMai,Tambon,2950,0.5760887265205383,0.8251557946205139,0.6151165962219238,0.655826985836029,0.699572741985321,5,2950,100.0,0.39681020960529484,0.8154169295490031,0.46240430298230284,0.5308262055404944,0.604349644961084
116,THA.19.5.2_1,MaePu,MaePhrik,Lampang,Tambon,4714,0.5825616717338562,0.8388411998748779,0.6119053363800049,0.6556441783905029,0.7248300909996033,5,4714,100.0,0.40768928079199496,0.8384179735984323,0.45700714245213975,0.5305189612880256,0.6467996408838617
117,THA.11.13.10_1,SanMakhet,Phan,ChiangRai,Tambon,6126,0.5781549215316772,0.8252785801887512,0.6174747943878174,0.6556440591812134,0.7088167667388916,5,5817,94.95592556317337,0.4002828610600818,0.8156232951049489,0.46636772378591435,0.5305187609331169,0.6198860661776271
118,THA.10.21.8_1,ThungTom,SanPaTong,ChiangMai,Tambon,1820,0.5965202450752258,0.8336440324783325,0.6206871867179871,0.6554715037345886,0.7117342948913574,5,1820,100.0,0.4311494381146763,0.8296831006444816,0.47176678768771,0.530228747202795,0.6247895522127898
119,THA.11.9.3_1,KoChang,MaeSai,ChiangRai,Tambon,4755,0.5991034507751465,0.8483548760414124,0.6246713399887085,0.6552761197090149,0.6925700902938843,5,4755,100.0,0.43549102880843127,0.8544075976184212,0.47846294926833394,0.5299003655074599,0.592580296737641
120,THA.11.13.3_1,DoiNgam,Phan,ChiangRai,Tambon,3558,0.5992717742919922,0.8202748894691467,0.6196048259735107,0.655125617980957,0.7024343013763428,5,3558,100.0,0.4357739299394948,0.8072135981677945,0.4699476652943023,0.5296474174352448,0.609159064366619
121,THA.75.4.7_1,KhungTaphao,MuangUttaradit,Uttaradit,Tambon,4513,0.598419189453125,0.8131762146949768,0.6233401298522949,0.6550291776657104,0.6850740909576416,5,4513,100.0,0.43434099163257794,0.7952828640654055,0.4762255860030458,0.5294853303141184,0.5799817797246042
122,THA.11.14.2_1,MaeTam,PhayaMengrai,ChiangRai,Tambon,11782,0.5398209691047668,0.8533922433853149,0.6179351806640625,0.6549242734909058,0.7040618658065796,5,10369,88.00712951960618,0.33585503360653063,0.8628738948172793,0.4671414944432568,0.5293090179944754,0.6118945099348987
123,THA.32.13.10_1,Yom,ThaWangPha,Nan,Tambon,1699,0.5214892029762268,0.815056324005127,0.6072895526885986,0.6549224257469177,0.7005590200424194,5,1454,85.5797527957622,0.305044856458731,0.7984427615077349,0.44924940038784705,0.5293059124933908,0.6060072812980914
124,THA.75.4.10_1,PaSao,MuangUttaradit,Uttaradit,Tambon,5694,0.5865682363510132,0.8540925979614258,0.6230216026306152,0.6548289060592651,0.689441442489624,5,5681,99.77168949771689,0.41442310909545166,0.8640509799058051,0.47569023768703883,0.5291487340675273,0.5873219821591968
125,THA.32.7.4_1,DuTai,MuangNan,Nan,Tambon,2858,0.5492961406707764,0.860358476638794,0.6117575764656067,0.6545954942703247,0.7259445190429688,5,2678,93.70188943317005,0.3517799429910143,0.8745820346161189,0.45675880254282436,0.5287564391563215,0.6486726587477056
126,THA.11.16.3_1,WiangChai,WiangChai,ChiangRai,Tambon,6168,0.5914412140846252,0.8363804221153259,0.6176432371139526,0.6544326543807983,0.7087506651878357,5,6159,99.85408560311284,0.4226131168752328,0.8342821473958971,0.4666508252718866,0.5284827543510575,0.619774969380761
127,THA.41.1.1_1,AngThong,ChiangKham,Phayao,Tambon,7768,0.5696574449539185,0.8556908965110779,0.6192058324813843,0.6541419625282288,0.6920434832572937,5,7591,97.72142121524202,0.3860011624591802,0.8667372383440025,0.4692770774149328,0.5279941889062285,0.591695228928524
128,THA.10.20.2_1,ChaeChang,SanKamphaeng,ChiangMai,Tambon,1777,0.5976161360740662,0.8269879221916199,0.6219637393951416,0.6539947986602783,0.691246509552002,5,1777,100.0,0.4329913007902198,0.8184961841405867,0.473912288227366,0.5277468507714566,0.5903557561865088
129,THA.10.21.2_1,BanKlang,SanPaTong,ChiangMai,Tambon,2058,0.592082142829895,0.8461257219314575,0.6159907579421997,0.6537935137748718,0.6970188021659851,5,2058,100.0,0.423690325041779,0.8506610610034615,0.46387350552769174,0.5274085515081415,0.6000572413974113
130,THA.10.14.10_1,SanMahaPhon,MaeTaeng,ChiangMai,Tambon,2421,0.5430042743682861,0.8478221297264099,0.6082530617713928,0.6534135937690735,0.7440090775489807,5,2271,93.80421313506815,0.34120521091060707,0.8535122115315069,0.45086876893729555,0.5267700204141617,0.6790337403676873
131,THA.75.3.7_1,SiPhanomMat,Laplae,Uttaradit,Tambon,307,0.6007508635520935,0.8110770583152771,0.6273543238639832,0.6532795429229736,0.686189591884613,5,307,100.0,0.438259833469007,0.7917548144783669,0.4829722370206584,0.526544721319345,0.5818566007826264
132,THA.10.4.3_1,MaeHoiNgoen,DoiSaket,ChiangMai,Tambon,999,0.5849308967590332,0.8235906362533569,0.6194677352905273,0.6530568599700928,0.7170001268386841,5,999,100.0,0.41167123442465986,0.8127863697754202,0.4697172571493143,0.526170458349921,0.6336398295941431
133,THA.11.9.2_1,HuaiKhrai,MaeSai,ChiangRai,Tambon,9236,0.5088794231414795,0.8106105327606201,0.6186579465866089,0.6529954075813293,0.6946315765380859,5,7020,76.00692940666956,0.2838516147503688,0.7909707255432272,0.4683562462546154,0.5260671753944938,0.596045034173535
134,THA.19.7.4_1,BanPao,MuangLampang,Lampang,Tambon,5137,0.5759068131446838,0.8494583964347839,0.6169726848602295,0.6529521942138672,0.7137701511383057,5,5137,100.0,0.3965044680146411,0.8562622830081206,0.4655238289105321,0.5259945467400954,0.6282112133433163
135,THA.10.20.6_1,SanKamphaeng,SanKamphaeng,ChiangMai,Tambon,2131,0.5932310223579407,0.8467452526092529,0.6191694736480713,0.6527470350265503,0.6881963610649109,5,2131,100.0,0.4256212454742331,0.8517023054638988,0.4692159691677838,0.5256497359422481,0.5852293753154337
136,THA.11.13.7_1,MueangPhan,Phan,ChiangRai,Tambon,2699,0.5758548378944397,0.7969054579734802,0.6198668479919434,0.6525545716285706,0.6859756708145142,5,2616,96.92478695813264,0.3964171132744544,0.767936622933865,0.4703880453835925,0.5253262629421758,0.5814970638989907
137,THA.11.16.4_1,WiangNuea,WiangChai,ChiangRai,Tambon,9197,0.5662078857421875,0.8301267027854919,0.6191449165344238,0.6524480581283569,0.6896690130233765,5,8657,94.12852016962053,0.38020349246655527,0.8237715288862691,0.4691746960565947,0.5251472458312655,0.587704459679877
138,THA.10.23.7_1,PaBong,Saraphi,ChiangMai,Tambon,747,0.5964782238006592,0.8415994048118591,0.6197328567504883,0.6522918343544006,0.6953796744346619,5,747,100.0,0.4310788130093648,0.8430536852981371,0.4701628464662303,0.5248846807234335,0.5973023614029892
139,THA.47.3.4_1,MueangMo,MuangPhrae,Phrae,Tambon,851,0.5761570334434509,0.7728478908538818,0.6101988554000854,0.6522050499916077,0.6782809495925903,5,851,100.0,0.39692501296797145,0.7275030989895501,0.4541390619343104,0.5247388223499106,0.5685645552531755
140,THA.11.2.5_1,Wiang,ChiangSaen,ChiangRai,Tambon,12532,0.5537301301956177,0.8517125248908997,0.614534854888916,0.6521772146224976,0.7048277258872986,5,11857,94.61378870092562,0.359232143819562,0.8600507939764499,0.46142657102791884,0.5246920394787327,0.6131816900457471
141,THA.11.8.5_1,PaKoDam,MaeLao,ChiangRai,Tambon,3552,0.575243353843689,0.8319764733314514,0.6132855415344238,0.6521235704421997,0.6992778182029724,5,3471,97.7195945945946,0.3953893927703534,0.8268804360043381,0.4593268515848975,0.5246018797698243,0.6038539669169968
142,THA.11.5.2_1,Ta,KhunTan,ChiangRai,Tambon,8192,0.5108621716499329,0.8535962700843811,0.6185027956962585,0.6520308256149292,0.6867803931236267,5,6147,75.03662109375,0.28718401776907615,0.8632168022434942,0.4680954843409616,0.5244460036508671,0.5828495597100705
143,THA.11.14.3_1,MaiYa,PhayaMengrai,ChiangRai,Tambon,12684,0.5304615497589111,0.8179135322570801,0.618315577507019,0.6518315672874451,0.6921752691268921,5,11019,86.8732261116367,0.3201246688383803,0.8032448679591028,0.4677808269568714,0.5241111104209998,0.5919167212800756
144,THA.11.13.2_1,CharoenMueang,Phan,ChiangRai,Tambon,5579,0.5408801436424255,0.8277506232261658,0.6133661270141602,0.6516813039779663,0.6971080303192139,5,5010,89.80103961283385,0.337635186970199,0.8197780548463548,0.4594622915031687,0.523858563058602,0.6002072070465623
145,THA.11.1.2_1,HuaiSo,ChiangKhong,ChiangRai,Tambon,27421,0.5380112528800964,0.8557947874069214,0.617676854133606,0.6516370177268982,0.6940333843231201,5,24112,87.93260639655738,0.3328134457377799,0.8669118476469218,0.46670732535613585,0.5237841312100254,0.5950396532417525
146,THA.11.13.4_1,HuaNgom,Phan,ChiangRai,Tambon,5870,0.5303342342376709,0.8143799901008606,0.6164413690567017,0.6515786051750183,0.698124349117279,5,4976,84.77001703577513,0.3199106897959045,0.7973060479333091,0.464630847082522,0.5236859573047696,0.6019153328205583
147,THA.19.2.4_1,NongLom,HangChat,Lampang,Tambon,3166,0.584962010383606,0.830155074596405,0.6164408922195435,0.6515092253684998,0.7039206027984619,5,3166,100.0,0.4117235270558267,0.8238192133545362,0.46463004566288724,0.5235693507479149,0.6116570893681067
148,THA.10.7.5_1,HangDong,HangDong,ChiangMai,Tambon,769,0.5935560464859009,0.8272954225540161,0.6174684166908264,0.6514269113540649,0.6796157360076904,5,769,100.0,0.42616751313276335,0.8190129996275403,0.4663570047982997,0.5234310056834677,0.5708079291657242
149,THA.11.6.6_1,SanSai,MaeChan,ChiangRai,Tambon,6238,0.5515025854110718,0.8322669267654419,0.6155127882957458,0.6513662338256836,0.7017800211906433,5,5924,94.9663353638987,0.3554883119958695,0.8273686007393497,0.46307018252131826,0.5233290250349469,0.6080594164503
150,THA.20.3.1_1,NA,K.WiangNongLong,Lamphun,Tambon,3224,0.5932198166847229,0.8591710925102234,0.6141518950462341,0.6512795090675354,0.7147517204284668,5,3224,100.0,0.42560241211281663,0.8725863995481596,0.4607829308837675,0.5231832668388784,0.6298609356614306
151,THA.47.4.2_1,NamRat,NongMuangKai,Phrae,Tambon,4141,0.53780597448349,0.8613232374191284,0.6193520426750183,0.6511610150337219,0.6908429861068726,5,3612,87.22530789664333,0.3324684345850239,0.8762035068921087,0.4695228127104353,0.5229841140596453,0.5896775548206092
152,THA.11.13.6_1,MuangKham,Phan,ChiangRai,Tambon,4794,0.5299619436264038,0.8068638443946838,0.6162385940551758,0.6510410904884338,0.6950369477272034,5,4015,83.75052148518982,0.31928498141608047,0.7846736709407044,0.4642900433828484,0.5227825570215079,0.5967263410405191
153,THA.75.4.8_1,NamRit,MuangUttaradit,Uttaradit,Tambon,5309,0.534252941608429,0.8282168507575989,0.6100284457206726,0.6506557464599609,0.6999401450157166,5,4796,90.33716330759088,0.32649685653166016,0.8205616428942228,0.45385265459234486,0.5221349097791829,0.604967138789652
154,THA.20.7.4_1,MuangNoi,PaSang,Lamphun,Tambon,805,0.5819940567016602,0.8450016975402832,0.6096834540367126,0.6504800319671631,0.7725434899330139,5,805,100.0,0.40673529089429017,0.8487719145694683,0.4532728274866098,0.5218395866437808,0.7269914927302223
155,THA.20.6.7_1,PaSak,MuangLamphun,Lamphun,Tambon,6689,0.5496295094490051,0.8191739916801453,0.6172013282775879,0.6500319242477417,0.6846833229064941,5,6180,92.39049185229482,0.3523402354931526,0.8053633205860862,0.4659081096253904,0.521086452542033,0.579325016333934
156,THA.19.3.6_1,WangPhrao,KoKha,Lampang,Tambon,4178,0.5474020838737488,0.8476674556732178,0.6138665676116943,0.650008499622345,0.7001583576202393,5,3956,94.68645284825276,0.34859660402436876,0.8532522510374878,0.46030338140982935,0.5210470828024764,0.6053338884500004
157,THA.19.12.6_1,ThoenBuri,Thoen,Lampang,Tambon,5596,0.5315707325935364,0.8593695163726807,0.6116454005241394,0.6494531631469727,0.7045653462409973,5,4893,87.4374553252323,0.3219888710862422,0.8729198902936662,0.45657026857375155,0.520113729460366,0.6127407088917308
158,THA.20.7.7_1,PaSang,PaSang,Lamphun,Tambon,934,0.597466766834259,0.8449608683586121,0.6234447360038757,0.6493512988090515,0.6950461864471436,5,934,100.0,0.4327402560896372,0.8487032930132437,0.4764013974354171,0.5199425261908945,0.5967418685459422
159,THA.11.6.1_1,NA,MaeChan,ChiangRai,Tambon,14702,0.5443716049194336,0.8388943076133728,0.6152288913726807,0.6493347883224487,0.6854939460754395,5,13551,92.1711331791593,0.3435032817132268,0.8385072317102515,0.46259303730628437,0.5199147770360416,0.5806874297129936
160,THA.19.9.5_1,LuangNuea,Ngao,Lampang,Tambon,1637,0.5718214511871338,0.8291375041007996,0.6187058091163635,0.6492560505867004,0.7322703003883362,5,1636,99.93891264508247,0.38963820511654346,0.822108983853999,0.4684366887504526,0.5197824426188551,0.6593043917996338
161,THA.41.5.1_1,NA,K.PhuKamYao,Phayao,Tambon,22323,0.5217012763023376,0.84670490026474,0.6136133074760437,0.648605465888977,0.6932700276374817,5,19307,86.48927115531066,0.30540128784128207,0.8516344853273088,0.45987772740632754,0.5186890057047053,0.5937566805839865
162,THA.75.4.16_1,WangDin,MuangUttaradit,Uttaradit,Tambon,4694,0.5543742775917053,0.8095411658287048,0.6066914796829224,0.6484847664833069,0.6928087472915649,5,4549,96.91095014912653,0.36031476156864267,0.7891734418348663,0.4482442198109732,0.5184861463596615,0.592981407264829
163,THA.75.8.3_1,PaKhai,ThongSaenKhan,Uttaradit,Tambon,14768,0.5481182932853699,0.8537247180938721,0.6139050722122192,0.6484729051589966,0.69038987159729,5,13486,91.31906825568798,0.3498003363157497,0.8634326846576025,0.4603680960453347,0.5184662110462473,0.5889160058126967
164,THA.10.5.6_1,ThaDuea,DoiTao,ChiangMai,Tambon,23485,0.44425806403160095,0.8483055830001831,0.5558537244796753,0.6484611630439758,0.6779429912567139,5,15984,68.0604641260379,0.17524257469681795,0.8543247508636799,0.36280126616288094,0.5184464760877419,0.5679965490870528
165,THA.41.1.3_1,ChiangBan,ChiangKham,Phayao,Tambon,5489,0.5600487589836121,0.8253346085548401,0.6121152639389038,0.6481451392173767,0.6993691325187683,5,5365,97.74093641829113,0.36985185557696904,0.815717461912031,0.45735996744633445,0.5179153352248173,0.6040074387770497
166,THA.20.7.2_1,MaeRaeng,PaSang,Lamphun,Tambon,1304,0.5921501517295837,0.8020643591880798,0.6165359616279602,0.6478143334388733,0.6797097325325012,5,1304,100.0,0.42380462751718395,0.7766071819621277,0.46478982870256375,0.5173593503532157,0.5709659090112225
167,THA.20.2.2_1,HuaiYap,BanThi,Lamphun,Tambon,4615,0.5349544882774353,0.8018597364425659,0.6152447462081909,0.6477600932121277,0.6935522556304932,5,3964,85.89382448537378,0.32767594516927284,0.7762632727613695,0.4626196845091395,0.5172681888697639,0.5942310208302988
168,THA.11.6.8_1,ThaKhaoPlueak,MaeChan,ChiangRai,Tambon,12256,0.5287182927131653,0.8453211784362793,0.6135343909263611,0.6477270126342773,0.6890753507614136,5,10998,89.73563968668408,0.3171947788312216,0.8493088657247448,0.4597450924567779,0.5172125903826037,0.5867066922346245
169,THA.41.1.6_1,NamWaen,ChiangKham,Phayao,Tambon,10905,0.5243621468544006,0.832126259803772,0.6133995652198792,0.6473358869552612,0.6930568814277649,5,9317,85.43787253553415,0.3098734097580454,0.8271321819471011,0.45951849105505493,0.5165552259272075,0.5933984460072572
170,THA.11.8.4_1,DongMada,MaeLao,ChiangRai,Tambon,6573,0.551828920841217,0.8427289128303528,0.6089173555374146,0.6473089456558228,0.7223616242408752,5,6371,96.92682184694964,0.35603678355839535,0.8449520480579298,0.45198524666594403,0.5165099457178446,0.6426508917897163
171,THA.75.4.11_1,PhaChuk,MuangUttaradit,Uttaradit,Tambon,8436,0.557851254940033,0.8638172745704651,0.6108551025390625,0.647273063659668,0.6978080868721008,5,8194,97.13134186818397,0.3661585131902652,0.880395232114167,0.4552420157066227,0.5164496388903304,0.6013837912478164
172,THA.11.17.7_1,WiangKalong,WiangPaPao,ChiangRai,Tambon,4006,0.5288719534873962,0.8297906517982483,0.608353853225708,0.6471235752105713,0.6932406425476074,5,3609,90.0898652021967,0.3174530363085169,0.8232067283986855,0.4510381690125889,0.516198393834839,0.5937072930989956
173,THA.20.6.6_1,NongChangKhuen,MuangLamphun,Lamphun,Tambon,796,0.5919981598854065,0.826252281665802,0.6086807250976562,0.6470534205436707,0.7273370027542114,5,796,100.0,0.4235491750086103,0.81725979399909,0.4515875421722038,0.5160804849710777,0.651013004436058
174,THA.47.3.13_1,WangThong,MuangPhrae,Phrae,Tambon,3630,0.5059731602668762,0.8457579612731934,0.6100732088088989,0.646950364112854,0.7061827778816223,5,2890,79.61432506887053,0.27896706225407686,0.8500429661101675,0.4539278878605562,0.5159072781525194,0.6154591242927722
175,THA.10.16.2_1,ChangPhueak,MuangChiangMai,ChiangMai,Tambon,273,0.5938448905944824,0.768174946308136,0.6162492036819458,0.6467341184616089,0.6890071630477905,5,273,100.0,0.42665297307650774,0.7196492867465428,0.46430787496972137,0.5155438343481643,0.5865920892268565
176,THA.11.12.1_1,NA,PaDaet,ChiangRai,Tambon,8144,0.5065227150917053,0.8116019368171692,0.6125869750976562,0.6467199325561523,0.6905285120010376,5,6565,80.6114931237721,0.27989069838311587,0.7926369771413081,0.45815277182000197,0.5155199921140308,0.5891490185714976
177,THA.41.3.2_1,HongHin,Chun,Phayao,Tambon,23855,0.51441490650177,0.8545093536376953,0.6121301651000977,0.6465858221054077,0.6886675357818604,5,19444,81.50911758541186,0.29315509493516817,0.8647514206665687,0.4573850118099201,0.5152945928417599,0.5860212780920122
178,THA.10.22.4_1,MueangLen,SanSai,ChiangMai,Tambon,1418,0.5299131870269775,0.8402038812637329,0.6104625463485718,0.6465022563934326,0.7288521528244019,5,1237,87.23554301833568,0.31920303625842816,0.8407082305596133,0.4545822469923222,0.5151541440507715,0.6535595153254475
179,THA.11.1.4_1,Sathan,ChiangKhong,ChiangRai,Tambon,7462,0.5142781734466553,0.8553204536437988,0.6126951575279236,0.6458950638771057,0.6854526400566101,5,5921,79.3487000804074,0.2929252878549062,0.8661146354652631,0.4583345938996338,0.5141336363233833,0.5806180067371342
180,THA.19.7.10_1,TonThongChai,MuangLampang,Lampang,Tambon,6652,0.5670810341835022,0.8552592396736145,0.6091553568840027,0.6454443335533142,0.6903609037399292,5,6652,100.0,0.3816709919952203,0.8660117532196533,0.45238525524113415,0.5133760944136443,0.5888673195698861
181,THA.32.10.6_1,Pua,Pua,Nan,Tambon,4149,0.515182614326477,0.8290414810180664,0.6032475829124451,0.6454285383224487,0.6894134879112244,5,3780,91.1062906724512,0.2944453805471011,0.821947597975053,0.4424560666765108,0.5133495473882436,0.5872749989331101
182,THA.47.5.8_1,RongKhem,RongKwang,Phrae,Tambon,4933,0.5432801246643066,0.8398879170417786,0.6127538084983826,0.6452720761299133,0.6908489465713501,5,4668,94.62801540644638,0.3416688321693047,0.840177189874143,0.45843316851470695,0.5130865815705942,0.5896875725660435
183,THA.10.16.1_1,NA,MuangChiangMai,ChiangMai,Tambon,8392,0.4943673014640808,0.860717236995697,0.6159404516220093,0.6451292037963867,0.6811673045158386,5,6133,73.0815061963775,0.25946110940920747,0.8751850027138073,0.4637889557562266,0.5128464562125349,0.5734156484797169
184,THA.10.4.10_1,TalatKhwan,DoiSaket,ChiangMai,Tambon,1153,0.5850926637649536,0.7857113480567932,0.6123413443565369,0.6451168656349182,0.6741360425949097,5,1153,100.0,0.41194311603574574,0.7491226959435945,0.45773994053065603,0.512825719479486,0.5615982150781895
185,THA.41.4.1_1,NA,DokKhamTai,Phayao,Tambon,76333,0.498466819524765,0.8330835700035095,0.6110308170318604,0.6449670195579529,0.684855580329895,5,58934,77.20645068319075,0.2663511644527115,0.828741132041298,0.45553733884202474,0.5125738733592686,0.5796145291769841
186,THA.47.3.10_1,ThaKham,MuangPhrae,Phrae,Tambon,1911,0.5352385640144348,0.8615346550941467,0.6133754253387451,0.6449177861213684,0.6887421011924744,5,1649,86.28990057561487,0.3281533909166698,0.876558836322662,0.45947791918604614,0.5124911267819816,0.5861466000873948
187,THA.10.23.10_1,ThaWangTan,Saraphi,ChiangMai,Tambon,1378,0.5853503346443176,0.7704530358314514,0.6121494174003601,0.6445810794830322,0.6739650368690491,5,1378,100.0,0.4123761831708689,0.7234780690515179,0.4574173691276728,0.5119252243424002,0.5613108059616805
188,THA.32.10.1_1,ChaiWatthana,Pua,Nan,Tambon,3921,0.5569096207618713,0.8246164917945862,0.6007127165794373,0.6445491313934326,0.6955500245094299,5,3919,99.94899260392756,0.36457590976656046,0.8145105239421111,0.4381957198982277,0.5118715292268725,0.5975886685675005
189,THA.47.5.3_1,MaeYangHo,RongKwang,Phrae,Tambon,6440,0.5594597458839417,0.814240574836731,0.6093834638595581,0.6444913148880005,0.6867647171020508,5,6341,98.46273291925466,0.36886190197315527,0.7970717328676017,0.45276863435890335,0.5117743570961601,0.5828232130395783
190,THA.41.7.2_1,CharoenRat,MaeChai,Phayao,Tambon,4342,0.5296757221221924,0.8326709270477295,0.608461856842041,0.6442151069641113,0.6986002922058105,5,3722,85.72086596038692,0.3188039292803272,0.8280476035248839,0.4512196905598577,0.5113101347727365,0.6027152497934842
191,THA.10.23.3_1,DonKaeo,Saraphi,ChiangMai,Tambon,2716,0.5883014798164368,0.8345878720283508,0.6090919971466064,0.644097089767456,0.6916211843490601,5,2716,100.0,0.4173361692902808,0.8312694106339971,0.4522787666071679,0.511111783413138,0.5909854716645065
192,THA.20.7.1_1,BanRuean,PaSang,Lamphun,Tambon,830,0.5917160511016846,0.7967784404754639,0.6152725219726562,0.6440558433532715,0.6797834038734436,5,830,100.0,0.4230750351172066,0.7677231447786609,0.46266636720286314,0.5110424606147329,0.57108972834479
193,THA.41.7.4_1,MaeSuk,MaeChai,Phayao,Tambon,3028,0.5273277163505554,0.8066644668579102,0.6087909936904907,0.6439821720123291,0.6874854564666748,5,2712,89.56406869220608,0.31485763882140827,0.7843385773559283,0.4517728704627377,0.5109186412811655,0.5840345588174893
194,THA.11.12.2_1,PaDaet,PaDaet,ChiangRai,Tambon,6221,0.5267939567565918,0.828572154045105,0.6085177659988403,0.6430836319923401,0.6776572465896606,5,5385,86.56164603761454,0.31396054971777004,0.8211588006995592,0.45131365701203113,0.5094084661569505,0.5675162983709343
195,THA.47.7.3_1,BanLao,SungMen,Phrae,Tambon,2370,0.5042905807495117,0.8293317556381226,0.6091893911361694,0.6430593729019165,0.6784986257553101,5,1869,78.86075949367088,0.276139152895439,0.8224354621777016,0.45244245656756377,0.5093676939330329,0.5689304033164347
196,THA.11.1.5_1,SiDonChai,ChiangKhong,ChiangRai,Tambon,12817,0.4973558187484741,0.8568835854530334,0.6080924868583679,0.6427813172340393,0.6813379526138306,5,9845,76.8120465007412,0.26448390679249223,0.8687417892053985,0.4505988908752965,0.5089003661085246,0.5737024565314999
197,THA.41.7.5_1,PaFaek,MaeChai,Phayao,Tambon,4121,0.5167236924171448,0.7840378284454346,0.6115859150886536,0.6427199244499207,0.6755434274673462,5,3186,77.31133220092211,0.29703546862912966,0.7463100135580166,0.4564702914743176,0.5087971833305518,0.5639636051301276
198,THA.75.7.6_1,RuamChit,ThaPla,Uttaradit,Tambon,2690,0.561506986618042,0.8269178867340088,0.5936421155929565,0.6426714658737183,0.7068279385566711,5,2690,100.0,0.3723026969974613,0.818378475631734,0.42631216937683414,0.5087157390601712,0.6165434450585767
199,THA.47.7.9_1,SopSai,SungMen,Phrae,Tambon,3867,0.49499791860580444,0.8455474376678467,0.608903169631958,0.6423100829124451,0.6939467191696167,5,2984,77.16576157227824,0.26052098687615244,0.8496891393414294,0.4519614044318105,0.5081083631544918,0.5948939952231382
200,THA.10.23.8_1,Saraphi,Saraphi,ChiangMai,Tambon,804,0.5859745740890503,0.784252941608429,0.6102504730224609,0.6419789791107178,0.6621787548065186,5,804,100.0,0.4134253416501992,0.7466715539907391,0.45422581560977116,0.5075518773956186,0.541501615962516
201,THA.10.13.5_1,MaeSa,MaeRim,ChiangMai,Tambon,2260,0.5168647766113281,0.82607501745224,0.5941989421844482,0.6415658593177795,0.6975776553153992,5,1897,83.93805309734513,0.2972725886635586,0.816961866249875,0.4272480271553029,0.5068575474595699,0.6009965052093278
202,THA.47.6.1_1,BanKlang,Song,Phrae,Tambon,6526,0.5344993472099304,0.8416460752487183,0.6094825267791748,0.6414906978607178,0.6758053302764893,5,5871,89.96322402696904,0.3269109901279126,0.8431321242448874,0.4529351292880208,0.5067312236896439,0.564403784864509
203,THA.10.7.3_1,BanWaen,HangDong,ChiangMai,Tambon,1081,0.581815242767334,0.8341557383537292,0.6153028607368469,0.6413750648498535,0.662711501121521,5,1081,100.0,0.40643475853126226,0.8305431240900131,0.46271735752712356,0.5065368794282191,0.5423970020494303
204,THA.11.15.2_1,Ngao,Thoeng,ChiangRai,Tambon,7167,0.5039301514625549,0.8292940258979797,0.6014702320098877,0.6405553817749023,0.6871046423912048,5,5972,83.32635691363193,0.27553337982902915,0.8223720498491027,0.4394688751654681,0.5051592390760994,0.5833945250616943
205,THA.20.2.1_1,BanThi,BanThi,Lamphun,Tambon,8197,0.4989018440246582,0.8305919170379639,0.6050608158111572,0.6405127048492432,0.6814821362495422,5,6228,75.97901671343175,0.26708230960323115,0.8245534139174133,0.4455035650150677,0.5050875120187901,0.5739447857935547
206,THA.41.7.1_1,BanLao,MaeChai,Phayao,Tambon,11290,0.5130172967910767,0.8141610026359558,0.6004880666732788,0.6404940485954285,0.6785432696342468,5,9671,85.65987599645705,0.29080613398574234,0.7969379959660543,0.43781815107281036,0.5050561564755809,0.5690054362297373
207,THA.19.2.1_1,HangChat,HangChat,Lampang,Tambon,3411,0.5627894997596741,0.8157140612602234,0.607209324836731,0.640140175819397,0.6672395467758179,5,3395,99.53092934623278,0.3744582152825515,0.7995482197164057,0.44911456153430185,0.5044614029291487,0.5500072829009307
208,THA.11.13.12_1,ThanThong,Phan,ChiangRai,Tambon,2785,0.5455940961837769,0.8320791125297546,0.6041223406791687,0.6395794749259949,0.6785319447517395,5,2612,93.78815080789946,0.345557921301794,0.8270529415807161,0.4439262709964431,0.5035190336161477,0.5689864025134123
209,THA.47.3.6_1,NamCham,MuangPhrae,Phrae,Tambon,3599,0.5541661381721497,0.8125712871551514,0.6021877527236938,0.6391931772232056,0.6741446852684021,5,3457,96.05445957210335,0.35996494189807826,0.7942661630812822,0.4406748113608446,0.5028697835345531,0.5616127408090692
210,THA.11.15.3_1,Plong,Thoeng,ChiangRai,Tambon,9016,0.5100544095039368,0.817978024482727,0.6052099466323853,0.6391613483428955,0.677715539932251,5,7909,87.72182786157941,0.2858264129078249,0.8033532599647015,0.44575420900583296,0.5028162887739341,0.5676142719212813
211,THA.11.15.7_1,Wiang,Thoeng,ChiangRai,Tambon,12940,0.494496613740921,0.8595017194747925,0.606427788734436,0.6391043663024902,0.6766276955604553,5,9965,77.00927357032458,0.2596784443964038,0.8731420838873981,0.4478010347529614,0.5027205191275826,0.5657859332020742
212,THA.20.7.6_1,NamDip,PaSang,Lamphun,Tambon,7450,0.5603116750717163,0.8265489339828491,0.602263331413269,0.6390034556388855,0.6861861944198608,5,7279,97.70469798657719,0.37029373832807433,0.8177583771893532,0.44080183637295106,0.5025509186973806,0.5818508906677288
213,THA.10.7.8_1,NongKhwai,HangDong,ChiangMai,Tambon,1899,0.5436494946479797,0.8242002725601196,0.6050899028778076,0.6390025615692139,0.6798763275146484,5,1755,92.41706161137441,0.34228963185386596,0.8138109847784365,0.4455524516127869,0.5025494160355654,0.57124590499611
214,THA.19.3.4_1,NaKaeo,KoKha,Lampang,Tambon,11518,0.5213100910186768,0.845003068447113,0.594807505607605,0.6388351917266846,0.695658802986145,5,10097,87.66278867859003,0.3047438232084314,0.8487742186509183,0.4282708389641411,0.5022681177437713,0.5977714924216757
215,THA.10.7.7_1,NongKaeo,HangDong,ChiangMai,Tambon,1082,0.5781190395355225,0.782943606376648,0.6069545745849609,0.6382948160171509,0.6664484143257141,5,1082,100.0,0.4002225542325676,0.7444709558511948,0.44868640309444147,0.5013599089427011,0.548677627549441
216,THA.75.8.4_1,PhakKhuang,ThongSaenKhan,Uttaradit,Tambon,19886,0.470784068107605,0.8461016416549683,0.5982450246810913,0.6382821798324585,0.681129515171051,5,13822,69.50618525595897,0.2198247976465511,0.8506205893119071,0.4340482731109888,0.5013386713223804,0.5733521359736637
217,THA.10.5.2_1,BongTan,DoiTao,ChiangMai,Tambon,4365,0.5351616144180298,0.8419114351272583,0.5924287438392639,0.638137936592102,0.6739595532417297,5,4274,97.91523482245131,0.32802406182311344,0.8435781142716208,0.42427285693878136,0.5010962418828713,0.561301589635881
218,THA.10.20.4_1,OnTai,SanKamphaeng,ChiangMai,Tambon,9932,0.46688708662986755,0.8433780074119568,0.5998179316520691,0.6380615234375,0.6781561374664307,5,6792,68.38501812323801,0.21327514559290328,0.846042980535721,0.4366918559536363,0.500967814386404,0.568354783663782
219,THA.11.12.3_1,PaNgae,PaDaet,ChiangRai,Tambon,9165,0.51264488697052,0.8452340960502625,0.6053377389907837,0.6379931569099426,0.6749107241630554,5,7815,85.27004909983633,0.2901802252510096,0.8491625064639502,0.4459689894679435,0.500852910846273,0.5629002214522806
220,THA.10.14.5_1,Khilek,MaeTaeng,ChiangMai,Tambon,4313,0.5514894127845764,0.8534409999847412,0.5987070202827454,0.6379610896110535,0.7170917391777039,5,4253,98.60885694412242,0.35546617277845977,0.8629558399749316,0.43482474855959846,0.5007990153758367,0.6337938023414676
221,THA.10.13.3_1,Khilek,MaeRim,ChiangMai,Tambon,3483,0.5309110283851624,0.8552467226982117,0.6024140119552612,0.6378629803657532,0.6765814423561096,5,3429,98.44961240310077,0.32088010702157804,0.8659907159542414,0.4410550849775292,0.5006341232859888,0.5657081954975043
222,THA.11.11.6_1,MaeKon,MuangChiangRai,ChiangRai,Tambon,7257,0.5075922608375549,0.8447754383087158,0.6022040843963623,0.637848436832428,0.678038477897644,5,6110,84.19457075926692,0.2816882826238399,0.8483916409527837,0.44070225998333445,0.5006096799871292,0.5681570333689097
223,THA.32.15.10_1,NamPua,WiangSa,Nan,Tambon,4611,0.5543782711029053,0.8417494297027588,0.5951790809631348,0.6376704573631287,0.6826134920120239,5,4586,99.45781826068098,0.36032147345808363,0.8433058319507175,0.428895345214513,0.5003105501084621,0.575846254054432
224,THA.23.5.7_1,WiangTai,Pai,MaeHongSon,Tambon,2203,0.5114901065826416,0.8338675498962402,0.587715744972229,0.6376195549964905,0.7053544521331787,5,1992,90.42215161143895,0.2882393872505757,0.8300587660982665,0.4163517254464559,0.5002249985624535,0.6140669582097728
225,THA.11.13.9_1,SanKlang,Phan,ChiangRai,Tambon,6709,0.49354201555252075,0.827244222164154,0.6042262315750122,0.6375811696052551,0.6834011077880859,5,5291,78.86421225219854,0.25807405237637954,0.81892694719426,0.4441008802993623,0.5001604842818569,0.5771699989361154
226,THA.19.7.3_1,BanLaeng,MuangLampang,Lampang,Tambon,38641,0.4917469322681427,0.8593705892562866,0.5939846038818359,0.6375297904014587,0.6796954870223999,5,30809,79.7313734116612,0.25505705807266993,0.8729216934878443,0.4268877890294868,0.5000741313162136,0.5709419665996346
227,THA.11.4.1_1,DongMahaWan,K.WiengChiang,ChiangRai,Tambon,30922,0.49783214926719666,0.8569643497467041,0.6015916466712952,0.6372700333595276,0.6756446361541748,5,25906,83.77853955112865,0.2652844749188713,0.8688775296560327,0.43967293663996404,0.4996375579701884,0.5641337064476013
228,THA.11.11.2_1,DonLan,MuangChiangRai,ChiangRai,Tambon,11100,0.49620410799980164,0.8269473910331726,0.6003008484840393,0.6372581720352173,0.6828073263168335,5,9049,81.52252252252252,0.2625482279309569,0.8184280634716337,0.4375034936887202,0.49961762265677423,0.5761720311359543
229,THA.11.11.4_1,HuaiSak,MuangChiangRai,ChiangRai,Tambon,17405,0.525478720664978,0.8099386692047119,0.6022763848304749,0.6371265053749084,0.6751886606216431,5,15718,90.30738293593795,0.31175003401024576,0.7898415252778772,0.4408237752354521,0.49939633066013134,0.5633673489218802
230,THA.10.18.1_1,BanPong,Phrao,ChiangMai,Tambon,3499,0.47392740845680237,0.8131858110427856,0.5899383425712585,0.636902928352356,0.7014281749725342,5,2530,72.30637324949986,0.2251078059674908,0.7952989926355546,0.4200872425414379,0.4990205650288922,0.6074680689373155
231,THA.47.3.8_1,PaMaet,MuangPhrae,Phrae,Tambon,6939,0.49026843905448914,0.8638043403625488,0.592115044593811,0.6367955803871155,0.6817981600761414,5,5262,75.83225248594898,0.2525721563177012,0.8803734936065747,0.42374562299657614,0.4988401454336211,0.5744759266564793
232,THA.19.7.9_1,ThungFai,MuangLampang,Lampang,Tambon,11072,0.5211670398712158,0.8586016297340393,0.595531702041626,0.6367487907409668,0.6786002516746521,5,9994,90.26372832369943,0.30450339731800913,0.8716293041493702,0.42948799503440394,0.4987615061319622,0.5691012058760889
233,THA.75.8.2_1,NamPhi,ThongSaenKhan,Uttaradit,Tambon,15144,0.5061895251274109,0.8220289349555969,0.596805214881897,0.636698842048645,0.6740734577178955,5,12700,83.86159535129424,0.27933070641334057,0.8101616202941891,0.4316283865238884,0.498677557425223,0.5614930287511297
234,THA.20.6.3_1,MakhueaChae,MuangLamphun,Lamphun,Tambon,12875,0.481184720993042,0.8159128427505493,0.6008683443069458,0.6364266276359558,0.6704103946685791,5,9396,72.97864077669904,0.2373051623646127,0.7998823115266382,0.4384572832315163,0.4982200469912403,0.5553365231170495
235,THA.10.22.6_1,NongHan,SanSai,ChiangMai,Tambon,5600,0.5296646356582642,0.8239927887916565,0.5967481136322021,0.6361263990402222,0.6792313456535339,5,4952,88.42857142857142,0.31878529627381946,0.8134622670598699,0.4315324165226282,0.4977154531537165,0.5701618847626686
236,THA.10.6.5_1,Wiang,Fang,ChiangMai,Tambon,9877,0.5214768052101135,0.8303418159484863,0.5965550541877747,0.6361258625984192,0.680447518825531,5,9081,91.94087273463603,0.3050240195482277,0.8241330693189917,0.4312079417480124,0.4977145515566274,0.5722059055410754
237,THA.32.13.5_1,Rim,ThaWangPha,Nan,Tambon,2826,0.539898693561554,0.8441436886787415,0.5921210050582886,0.6359966993331909,0.6785727143287659,5,2769,97.98301486199576,0.3359856650069934,0.8473298601142063,0.4237556407420104,0.49749746701306696,0.5690549238921826
238,THA.11.13.1_1,NA,Phan,ChiangRai,Tambon,28919,0.5068448781967163,0.8210342526435852,0.6018789410591125,0.6359341144561768,0.6750739812850952,5,23962,82.85902002143919,0.2804321575238377,0.8084898589361195,0.44015579196989546,0.4973922806860072,0.563174607499725
239,THA.11.2.4_1,SriDonMun,ChiangSaen,ChiangRai,Tambon,6223,0.5051783323287964,0.8394163250923157,0.6053556203842163,0.6358684301376343,0.6601489782333374,5,5211,83.73774706733087,0.277631195900418,0.8393845858553842,0.4459990427042463,0.4972818851313216,0.5380901729323323
240,THA.11.16.1_1,DonSila,WiangChai,ChiangRai,Tambon,10767,0.5023629665374756,0.8094297051429749,0.5981026887893677,0.6358671188354492,0.6701094508171082,5,8992,83.51444227732887,0.2728994140219986,0.7889861099952455,0.4338090493500186,0.4972796812273261,0.5548307271500736
241,THA.19.9.6_1,LuangTai,Ngao,Lampang,Tambon,4181,0.5121867656707764,0.8387717604637146,0.5929493308067322,0.6356503367424011,0.6942452192306519,5,3745,89.57187275771346,0.28941026133693226,0.8383012668641231,0.4251478068250098,0.496915335825882,0.5953956839144862
242,THA.10.9.2_1,DoiLo,K.DoiLo,ChiangMai,Tambon,7202,0.5452089905738831,0.8578319549560547,0.5926598906517029,0.6355963349342346,0.6812162399291992,5,7009,97.32018883643433,0.34491067476928633,0.8703357126814439,0.42466134510672204,0.49682457505224753,0.5734978941697323
243,THA.47.7.4_1,BanPong,SungMen,Phrae,Tambon,7753,0.47926926612854004,0.8565719723701477,0.5879254937171936,0.6351402401924133,0.6783780455589294,5,6084,78.47284921965691,0.23408585969185816,0.8682180614740952,0.4167042499082875,0.4960580171716178,0.5687277443262996
244,THA.10.11.2_1,MaeAi,MaeAi,ChiangMai,Tambon,9244,0.4570494294166565,0.8403006792068481,0.6009654998779297,0.6349601745605469,0.6751583218574524,5,6059,65.54521852012117,0.19674100701983493,0.8408709187454657,0.4386205724820948,0.49575538108204875,0.5633163585976199
245,THA.47.1.1_1,DenChai,DenChai,Phrae,Tambon,3290,0.4919379651546478,0.8359122276306152,0.5946159362792969,0.6349267959594727,0.6705338358879089,5,2642,80.30395136778115,0.25537812681383804,0.8334952534920358,0.4279488686258839,0.49569928170761685,0.5555439906249932
246,THA.10.4.8_1,PaPong,DoiSaket,ChiangMai,Tambon,2658,0.5238546133041382,0.806659996509552,0.6045190095901489,0.6348846554756165,0.6644706726074219,5,2360,88.78856282919489,0.30902039873431797,0.7843310640468526,0.44459295195509324,0.49562845624739665,0.5453536394368985
247,THA.32.10.3_1,Ngaeng,Pua,Nan,Tambon,3492,0.538361668586731,0.8538652062416077,0.5915684700012207,0.6348378658294678,0.6903790235519409,5,3359,96.19129438717067,0.3334023889918602,0.863668802917488,0.4228269957402543,0.4955498169457377,0.5888977735160063
248,THA.20.1.2_1,LaoYao,BanHong,Lamphun,Tambon,2968,0.5410983562469482,0.8496673703193665,0.5926153063774109,0.6348282694816589,0.6832666993141174,5,2847,95.92318059299191,0.33800193663054734,0.8566135051630458,0.42458641237087374,0.49553368837558853,0.5769440987765728
249,THA.41.8.2_1,BanMai,MuangPhayao,Phayao,Tambon,6808,0.4959224760532379,0.8224393129348755,0.5966827869415283,0.6345410346984863,0.6762961149215698,5,5479,80.47884841363103,0.262074889459188,0.8108513420673381,0.4314226220326687,0.49505093322311144,0.5652286460235662
250,THA.32.7.3_1,ChaiyaSathan,MuangNan,Nan,Tambon,3493,0.5329160690307617,0.8268848657608032,0.5834697484970093,0.6345237493515015,0.6738120317459106,5,3405,97.48067563698827,0.3242499764082095,0.8183229773220282,0.4092154843089048,0.49502188176135203,0.561053650436383
251,THA.10.21.9_1,YuWa,SanPaTong,ChiangMai,Tambon,2053,0.568963885307312,0.792397141456604,0.6032148599624634,0.6344715356826782,0.6619324684143066,5,2053,100.0,0.38483549760044944,0.7603595008197521,0.4424010692540767,0.4949341263113479,0.5410876827211722
252,THA.19.3.2_1,LaiHin,KoKha,Lampang,Tambon,16971,0.5409092903137207,0.8399777412414551,0.5923764705657959,0.6344072818756104,0.6764854192733765,5,16729,98.5740380649343,0.3376841737453726,0.8403281572978374,0.42418500131132286,0.49482613501556655,0.5655468096185583
253,THA.11.13.5_1,MaeO,Phan,ChiangRai,Tambon,17273,0.49205389618873596,0.8145754933357239,0.5978229641914368,0.6343017816543579,0.6737605929374695,5,13618,78.83980779250854,0.2555729719625344,0.7976346299835528,0.4333389165567887,0.49464882092138013,0.5609671972932854
254,THA.75.7.8_1,ThaPla,ThaPla,Uttaradit,Tambon,17886,0.5002886056900024,0.8351250886917114,0.6009811758995056,0.634215772151947,0.6654860377311707,5,14843,82.98669350329867,0.26941303825596663,0.8321723100299872,0.4386469191525869,0.49450426485476373,0.5470601623716251
255,THA.10.5.1_1,BanAen,DoiTao,ChiangMai,Tambon,3735,0.5421744585037231,0.8694106340408325,0.596763014793396,0.6341472268104553,0.6739879250526428,5,3722,99.65194109772423,0.3398105403912491,0.889795984607133,0.43155746088621383,0.49438906078226974,0.561349274104148
256,THA.10.5.3_1,DoiTao,DoiTao,ChiangMai,Tambon,4184,0.5054807662963867,0.8385608196258545,0.5926343202590942,0.6340963244438171,0.6978504657745361,5,3508,83.8432122370937,0.27813949630375245,0.8379467388532046,0.42461836897880906,0.4943035092362611,0.601455017417854
257,THA.20.5.5_1,ThaThungLang,MaeTha,Lamphun,Tambon,2843,0.5143317580223083,0.8251482248306274,0.5897451639175415,0.633993923664093,0.7015790343284607,5,2397,84.31234611326065,0.2930153473863602,0.8154042070123015,0.4197625674119135,0.4941314043697005,0.6077216180742567
258,THA.47.3.3_1,MaeKhamMi,MuangPhrae,Phrae,Tambon,24716,0.4525929391384125,0.8622220754623413,0.591930627822876,0.6338441371917725,0.668114185333252,5,15257,61.72924421427416,0.1892509892022729,0.8777141829035954,0.42343567395284004,0.4938796584269375,0.5514772868659543
259,THA.20.6.4_1,MueangChi,MuangLamphun,Lamphun,Tambon,3912,0.5233016014099121,0.8450016975402832,0.5935901999473572,0.6337926983833313,0.6678472757339478,5,3494,89.31492842535788,0.3080909523129271,0.8487719145694683,0.4262249148141017,0.4937932052838398,0.5510286922254081
260,THA.41.8.3_1,BanSang,MuangPhayao,Phayao,Tambon,2549,0.4741654396057129,0.789943516254425,0.5930388569831848,0.6336429715156555,0.6679103970527649,5,1856,72.8128677912907,0.22550786463140807,0.756235695911738,0.42529827336143244,0.4935415595185311,0.551134780149557
261,THA.32.4.1_1,ChiangKhan,ChiangKlang,Nan,Tambon,2297,0.5529974699020386,0.8342968821525574,0.5892772078514099,0.6336361765861511,0.664478063583374,5,2297,100.0,0.35800076255078245,0.8307803443018964,0.41897607421786953,0.49353013928873607,0.545366061441237
262,THA.10.16.9_1,Suthep,MuangChiangMai,ChiangMai,Tambon,2931,0.485959529876709,0.7953853011131287,0.59339439868927,0.6335824131965637,0.6716680526733398,5,2181,74.4114636642784,0.2453301778770915,0.7653816971383108,0.4258958318765862,0.493439779224919,0.5574502674036789
263,THA.19.11.3_1,Samai,SopPrap,Lampang,Tambon,7510,0.4360291361808777,0.8139272332191467,0.5922608375549316,0.633527398109436,0.6741542816162109,5,4435,59.05459387483355,0.161412225616457,0.7965450999901225,0.4239906570498982,0.4933473154345608,0.5616288693792183
264,THA.11.6.7_1,SiKham,MaeChan,ChiangRai,Tambon,7886,0.4524328112602234,0.8377977609634399,0.5821309089660645,0.6333309412002563,0.6864404678344727,5,5098,64.64620847070758,0.18898186247118146,0.8366642670827104,0.4069652983294608,0.4930171305450475,0.5822782476879544
265,THA.75.4.5_1,HatNgio,MuangUttaradit,Uttaradit,Tambon,3308,0.5167325139045715,0.8415972590446472,0.5946254730224609,0.6333075761795044,0.6717162728309631,5,2864,86.57799274486095,0.29705029489237234,0.8430500789097808,0.4279648970185787,0.4929778609829452,0.557531310964242
266,THA.20.3.2_1,NongLong,K.WiangNongLong,Lamphun,Tambon,1843,0.5745153427124023,0.8538215160369873,0.5957356095314026,0.6330916285514832,0.6860229969024658,5,1843,100.0,0.3941658253430126,0.8635953728434549,0.42983070210571006,0.4926149180658619,0.5815766047977388
267,THA.41.8.1_1,NA,MuangPhayao,Phayao,Tambon,40114,0.48613542318344116,0.8417946100234985,0.5950912237167358,0.6330469250679016,0.672940194606781,5,31398,78.27192501371091,0.24562580154485655,0.8433817664611092,0.428747683646812,0.4925397849751049,0.5595883548117134
268,THA.10.22.7_1,NongYaeng,SanSai,ChiangMai,Tambon,2759,0.509040892124176,0.8245813250541687,0.597570538520813,0.6328752636909485,0.6633113622665405,5,2304,83.50851757883291,0.28412299547418296,0.814451419244049,0.4329146650376477,0.4922512739065982,0.5434051879499345
269,THA.75.4.15_1,ThamChalong,MuangUttaradit,Uttaradit,Tambon,1299,0.49438223242759705,0.7889707684516907,0.5751539468765259,0.6326482892036438,0.6988014578819275,5,1052,80.98537336412626,0.25948620386152027,0.7546007998568665,0.3952391265888395,0.49186979816046145,0.6030533487018905
270,THA.47.1.3_1,MaeChua,DenChai,Phrae,Tambon,6267,0.5082377791404724,0.8075435161590576,0.5941911935806274,0.6325244307518005,0.6603143811225891,5,5330,85.04866762406255,0.2827732044543705,0.7858159944525733,0.4272350040862384,0.4916616294103375,0.5383681653681331
271,THA.11.5.1_1,PaTan,KhunTan,ChiangRai,Tambon,6873,0.43324291706085205,0.8499086499214172,0.5962948799133301,0.6323985457420349,0.6694998741149902,5,4014,58.402444347446526,0.15672943051321112,0.8570190234982248,0.4307706671598069,0.49145005462676583,0.5538062123245117
272,THA.10.13.1_1,DonKaeo,MaeRim,ChiangMai,Tambon,3726,0.46918782591819763,0.8538403511047363,0.5902634859085083,0.632317841053009,0.6696314215660095,5,2597,69.69940955448202,0.2171419953305285,0.8636270289190272,0.4206337105548769,0.4913144143535859,0.5540273039662458
273,THA.11.16.2_1,PhaNgam,WiangChai,ChiangRai,Tambon,12844,0.4824278950691223,0.8196990489959717,0.584210991859436,0.6322889924049377,0.6723183393478394,5,10451,81.36873248209281,0.23939456352983676,0.8062457837813903,0.41046129113110963,0.4912659284656841,0.5585432034305569
274,THA.32.7.9_1,ThuemThong,MuangNan,Nan,Tambon,2204,0.5221637487411499,0.8406568765640259,0.587174654006958,0.6320552229881287,0.6616673469543457,5,2142,97.1869328493648,0.3061785647095265,0.8414695792126172,0.4154423145159335,0.49087303248975234,0.5406420934042563
275,THA.47.4.4_1,WangLuang,NongMuangKai,Phrae,Tambon,6886,0.4929802715778351,0.859283983707428,0.5846525430679321,0.6318618059158325,0.6711421012878418,5,5765,83.720592506535,0.2571299299579275,0.8727761356466845,0.4112034057128798,0.4905479566504105,0.5565663015465596
276,THA.20.7.3_1,Makok,PaSang,Lamphun,Tambon,2215,0.5292401313781738,0.8288084864616394,0.590789794921875,0.6317805051803589,0.663448691368103,5,2042,92.18961625282166,0.3180718324439913,0.8215560043060277,0.42151827747672227,0.4904113146026872,0.54363599680474
277,THA.47.5.4_1,MaeYangRong/MaeSai,RongKwang,Phrae,Tambon,7310,0.49502551555633545,0.8309540152549744,0.5822708010673523,0.6316605806350708,0.6651149392127991,5,5948,81.36798905608755,0.26056736903751304,0.8251619919525447,0.40720041481480296,0.4902097575645498,0.5464364575408879
278,THA.41.8.9_1,ThaWangThong,MuangPhayao,Phayao,Tambon,4322,0.5399159789085388,0.829838216304779,0.5968652963638306,0.6314127445220947,0.6712815165519714,5,4302,99.537251272559,0.33601471646875275,0.8232866700072509,0.43172936539786577,0.4897932197093932,0.556800616612267
279,THA.47.6.5_1,HuaiMai,Song,Phrae,Tambon,22496,0.4705609977245331,0.8624790906906128,0.5829685926437378,0.6314069032669067,0.6714499592781067,5,16425,73.01298008534852,0.21944988352367384,0.8781461480867209,0.408373192272792,0.48978340231886763,0.5570837180982392
280,THA.19.11.1_1,MaeKua,SopPrap,Lampang,Tambon,11459,0.5250151753425598,0.8466698527336121,0.5884203910827637,0.6313655972480774,0.6784955859184265,5,10711,93.47237978881229,0.31097095394782315,0.8515755809841553,0.4175360233116943,0.4897139793430082,0.5689252942662633
281,THA.75.3.1_1,ChaiChumphon,Laplae,Uttaradit,Tambon,5825,0.5041292905807495,0.8247828483581543,0.5821428894996643,0.6312884092330933,0.6610613465309143,5,5232,89.81974248927038,0.27586807270398783,0.8147901192171814,0.4069854339977837,0.48958424953963453,0.5396235892259549
282,THA.75.3.3_1,FaiLuang,Laplae,Uttaradit,Tambon,7132,0.48313817381858826,0.829884946346283,0.573013186454773,0.6311023235321045,0.6675047278404236,5,5692,79.80931015143017,0.24058832816451062,0.8233652091314555,0.3916411531386698,0.48927149552717686,0.550452972395301
283,THA.41.7.6_1,SiThoi,MaeChai,Phayao,Tambon,7424,0.47260844707489014,0.8185606002807617,0.596104621887207,0.6309598684310913,0.6638036966323853,5,5091,68.57489224137932,0.22289102916907008,0.8043323944034463,0.4304509007255452,0.48903207141129795,0.5442326537228046
284,THA.19.11.4_1,SopPrap,SopPrap,Lampang,Tambon,16329,0.4490469992160797,0.8480463027954102,0.5838971138000488,0.6308316588401794,0.6685062050819397,5,10768,65.94402596607263,0.18329133226597594,0.8538889789372895,0.4099337566565414,0.488816589707007,0.5521361539831657
285,THA.19.7.6_1,BanUeam,MuangLampang,Lampang,Tambon,16042,0.5010793209075928,0.8478342294692993,0.5834770202636719,0.6307752728462219,0.6783046126365662,5,13777,85.88081286622615,0.27074199236527585,0.8535325475547385,0.4092277059583346,0.48872182183519886,0.5686043257025495
286,THA.11.8.3_1,ChomMokKaeo,MaeLao,ChiangRai,Tambon,5346,0.4875630736351013,0.8358128666877747,0.5918645858764648,0.6303719878196716,0.6851187944412231,5,4155,77.72166105499439,0.24802525193127106,0.8333282576756467,0.42332467733342843,0.48804402117911666,0.5800569128153611
287,THA.32.7.1_1,NA,MuangNan,Nan,Tambon,9267,0.4657554030418396,0.861882209777832,0.5732809901237488,0.6303675174713135,0.672781765460968,5,6715,72.46142225099817,0.21137312635602706,0.8771429710589338,0.39209125044103127,0.488036507870041,0.5593220831380707
288,THA.10.7.9_1,SanPhakWan,HangDong,ChiangMai,Tambon,1014,0.5715857148170471,0.7371090054512024,0.5995075702667236,0.6303585767745972,0.6593701243400574,5,1014,100.0,0.3892420032846184,0.667436797543168,0.4361702319488742,0.4880214812518896,0.5367811541364372
289,THA.11.3.2_1,PongNoi,K.DoiLuang,ChiangRai,Tambon,14928,0.49141451716423035,0.8530728816986084,0.5773313641548157,0.6301522850990295,0.669736921787262,5,12628,84.59271168274384,0.2544983684098011,0.8623371440169115,0.3988987091734298,0.48767476708240975,0.5542046180604322
290,THA.10.15.3_1,ThungPi,MaeWang,ChiangMai,Tambon,5870,0.488180935382843,0.8495475053787231,0.5833845138549805,0.6301329731941223,0.6653016209602356,5,4659,79.36967632027257,0.24906369142298668,0.8564120483023628,0.40907223054919484,0.4876423095872028,0.546750213327889
291,THA.11.11.8_1,NangLae,MuangChiangRai,ChiangRai,Tambon,42391,0.4840260446071625,0.8546062111854553,0.5822312831878662,0.6300967931747437,0.6750694513320923,5,33658,79.39892901795193,0.24208057152439832,0.8649142090298755,0.40713399716257376,0.4875815018724168,0.5631669940131949
292,THA.11.11.11_1,ThaSai,MuangChiangRai,ChiangRai,Tambon,3552,0.5067293047904968,0.833613932132721,0.5940392017364502,0.6299588680267334,0.6649966835975647,5,3055,86.00788288288288,0.28023791343986737,0.8296325110300387,0.42697955157766465,0.487349691243068,0.5462377054714722
293,THA.19.7.7_1,Phichai,MuangLampang,Lampang,Tambon,9456,0.46866375207901,0.8069621920585632,0.5838297009468079,0.6297749876976013,0.6583316326141357,5,7024,74.2808798646362,0.21626118506322098,0.7848389637403697,0.4098204559556799,0.487040643796421,0.5350357623494257
294,THA.11.15.1_1,MaeLoi,Thoeng,ChiangRai,Tambon,6653,0.47768276929855347,0.8102012872695923,0.5829675197601318,0.629720151424408,0.6704873442649841,5,5373,80.7605591462498,0.23141943638962056,0.7902829071417108,0.40837138907861387,0.48694848053842577,0.5554658522106058
295,THA.32.7.8_1,Suak,MuangNan,Nan,Tambon,6421,0.4959448575973511,0.7972216010093689,0.5762264728546143,0.6295351386070251,0.6808381080627441,5,5222,81.32689612209936,0.2621125060932937,0.7684679641516983,0.39704171970228064,0.4866375297201463,0.5728623683993826
296,THA.10.21.4_1,MakhamLuang,SanPaTong,ChiangMai,Tambon,2193,0.5655897259712219,0.7911990880966187,0.595662534236908,0.6292079091072083,0.6575176119804382,5,2193,100.0,0.37916455208756794,0.7583459339874654,0.429707884546686,0.4860875554958053,0.5336676388554685
297,THA.10.14.11_1,SanPaYang,MaeTaeng,ChiangMai,Tambon,2569,0.5186132192611694,0.8243322968482971,0.5759990811347961,0.6291119456291199,0.7254683375358582,5,2434,94.7450369793694,0.3002111941092451,0.8140328778398054,0.39665954271396353,0.48592626979431364,0.6478723410649625
298,THA.10.7.1_1,NA,HangDong,ChiangMai,Tambon,7554,0.5009814500808716,0.8563650250434875,0.5868905782699585,0.6289670467376709,0.6584222912788391,5,6222,82.3669579030977,0.27057750098524525,0.8678702453526176,0.4149648687685366,0.48568273840280674,0.5351881322574809
299,THA.32.15.8_1,NaLueang,WiangSa,Nan,Tambon,4099,0.49553757905960083,0.8390020132064819,0.5693597793579102,0.6288837194442749,0.6798668503761292,5,3492,85.19151012442059,0.2614279935477705,0.8386882523702487,0.38550087625219315,0.4855426903216358,0.5712299767808696
300,THA.10.9.1_1,NA,K.DoiLo,ChiangMai,Tambon,15445,0.4889562427997589,0.848829984664917,0.5851628184318542,0.628844141960144,0.673568069934845,5,12144,78.62738750404662,0.25036674966034833,0.8552061121069863,0.41206102489950697,0.48547617249195224,0.5606436241157586
301,THA.41.6.1_1,NA,K.PhuSang,Phayao,Tambon,32219,0.46945080161094666,0.8463228344917297,0.5809627175331116,0.6287201642990112,0.6706728339195251,5,22884,71.0264129861262,0.21758397825908815,0.8509923478449726,0.4050019204017998,0.4852678033869196,0.5557776044485201
302,THA.41.8.5_1,BanTun,MuangPhayao,Phayao,Tambon,3239,0.45735490322113037,0.8063546419143677,0.5908384323120117,0.6287124156951904,0.6644309759140015,5,2281,70.42297005248534,0.19725441647334088,0.7838178549482553,0.42160002227946586,0.4852547803178551,0.5452869212523064
303,THA.11.18.1_1,LaiNgao,WiengKaen,ChiangRai,Tambon,6704,0.47319450974464417,0.8357811570167542,0.5840129256248474,0.6285972595214844,0.6686567068099976,5,4950,73.83651551312649,0.22387602398889392,0.8332749632699363,0.41012840145032914,0.4850612374760651,0.5523891020553809
304,THA.75.8.1_1,BoThong,ThongSaenKhan,Uttaradit,Tambon,34782,0.4474572539329529,0.8549857139587402,0.5712153911590576,0.6285679340362549,0.6662105917930603,5,23476,67.49468115692025,0.1806194492924767,0.865552038881675,0.38861960076078766,0.48501195016852855,0.548277919506614
305,THA.47.5.6_1,NamLao,RongKwang,Phrae,Tambon,11619,0.4841168522834778,0.8231842517852783,0.5676324367523193,0.6285476088523865,0.6837137937545776,5,9484,81.62492469231431,0.2422331918760893,0.8121033598917122,0.38259773362534394,0.4849777896565977,0.5776955298615968
306,THA.19.5.4_1,PhraBatWangTuang,MaePhrik,Lampang,Tambon,11888,0.48808327317237854,0.8437515497207642,0.5838095545768738,0.6285184025764465,0.6707370281219482,5,9296,78.19650067294751,0.2488995506640463,0.8466707926420862,0.4097865959761121,0.4849287027039698,0.5558854955668471
307,THA.10.13.2_1,HuaiSai,MaeRim,ChiangMai,Tambon,3183,0.4987790286540985,0.8374341726303101,0.5772476196289062,0.6282445192337036,0.6668350696563721,5,2705,84.98272070373861,0.2668758939585582,0.8360531846112204,0.39875795985007845,0.48446838730126546,0.5493274786957617
308,THA.10.21.5_1,SanKlang,SanPaTong,ChiangMai,Tambon,4586,0.5112650394439697,0.8254860043525696,0.5895489454269409,0.6282079815864563,0.6549925804138184,5,4090,89.18447448757087,0.2878611171829779,0.8159719126460613,0.41943278323221755,0.4844069785217534,0.529423821357152
309,THA.11.15.6_1,TapTao,Thoeng,ChiangRai,Tambon,46117,0.44589877128601074,0.8547361493110657,0.5810309648513794,0.6281359195709229,0.6663615107536316,5,30378,65.87158748400806,0.17800010939378014,0.8651325958803424,0.40511662358702205,0.4842858639794532,0.5485315688210095
310,THA.47.5.9_1,RongKwang,RongKwang,Phrae,Tambon,10309,0.46956977248191833,0.8059981465339661,0.5713101029396057,0.6281070113182068,0.6702258586883545,5,7984,77.44689106605878,0.21778393245795602,0.7832186935938321,0.38877878273573807,0.48423727791409704,0.5550263737184048
311,THA.47.6.2_1,BanNun/ThungNao,Song,Phrae,Tambon,15317,0.45868560671806335,0.8592808842658997,0.5710322260856628,0.6280550360679626,0.666863739490509,5,11079,72.33139648756284,0.1994909282302671,0.8727709264190587,0.38831175544359275,0.48414992317391026,0.5493756640513004
312,THA.19.2.2_1,MaeSan,HangChat,Lampang,Tambon,9803,0.47700873017311096,0.8223189115524292,0.5743452310562134,0.6279276609420776,0.6811411380767822,5,7431,75.80332551259818,0.23028657964718702,0.8106489836095659,0.39387991888831875,0.4839358439539801,0.5733716705772606
313,THA.19.6.4_1,MaeTha,MaeTha,Lampang,Tambon,6146,0.4993429481983185,0.8490881323814392,0.5906370282173157,0.6278105974197388,0.6599217653274536,5,5227,85.04718516108038,0.26782367285409375,0.8556399806617442,0.4212615226612421,0.4837390954336512,0.5377082964763783
314,THA.41.8.4_1,BanTom,MuangPhayao,Phayao,Tambon,7515,0.4950238764286041,0.8236832618713379,0.5848672389984131,0.6276399493217468,0.6668867468833923,5,6279,83.55289421157684,0.26056461415751864,0.8129420455394686,0.4115642449034219,0.48345228738186824,0.5494143325486768
315,THA.32.10.2_1,ChediChai,Pua,Nan,Tambon,5071,0.4880237877368927,0.8552486300468445,0.575759768486023,0.6272268295288086,0.6606983542442322,5,4309,84.97337803194637,0.24879957356461235,0.8659939216327803,0.3962573302347779,0.4827579574458195,0.5390135085290083
316,THA.11.9.7_1,WiangPhangKham,MaeSai,ChiangRai,Tambon,2141,0.4825802147388458,0.7681772112846375,0.5778140425682068,0.6272096633911133,0.6559193134307861,5,1700,79.4021485287249,0.23965056701440932,0.7196530934898079,0.3997099461986964,0.48272910633896887,0.5309813804172712
317,THA.19.6.1_1,NA,MaeTha,Lampang,Tambon,64552,0.48542341589927673,0.8511790633201599,0.5792060494422913,0.6270022988319397,0.6653345227241516,5,51642,80.00061965547157,0.24442913176400677,0.8591542057600834,0.40204949046741395,0.4823805889753109,0.5468055112826862
318,THA.32.4.6_1,Puea,ChiangKlang,Nan,Tambon,9555,0.4609302878379822,0.8539956212043762,0.5625479817390442,0.6269486546516418,0.6795681118965149,5,6605,69.12611198325484,0.2032635610720831,0.8638879911875897,0.3740522962375552,0.48229042926640253,0.5707278873797044
319,THA.75.7.2_1,HatLa,ThaPla,Uttaradit,Tambon,2282,0.5334911942481995,0.8071842193603516,0.5746156573295593,0.6265254616737366,0.671544075012207,5,2268,99.38650306748467,0.32521658866516145,0.785212124757796,0.39433442399867125,0.4815791693405699,0.5572418982986462
320,THA.32.4.4_1,PhraPhutthabat,ChiangKlang,Nan,Tambon,7220,0.4386473298072815,0.8538526892662048,0.552518904209137,0.6264213919639587,0.6756236553192139,5,4482,62.07756232686981,0.16581262047591103,0.8636477656520761,0.35719643776986554,0.48140425950528765,0.5640984439836727
321,THA.47.8.5_1,WangChin,WangChin,Phrae,Tambon,12510,0.5005605816841125,0.8605930805206299,0.5741897821426392,0.626076340675354,0.6817967891693115,5,10555,84.37250199840129,0.269870147980132,0.8749763330764115,0.3936186560873932,0.48082433222209825,0.5744736225750294
322,THA.11.5.3_1,YangHom,KhunTan,ChiangRai,Tambon,9406,0.4161490797996521,0.8541392087936401,0.5777997970581055,0.6257947683334351,0.6622206568717957,5,4951,52.636614926642565,0.1279998389146534,0.8641293186751011,0.3996860037871085,0.4803510939277837,0.5415720407129189
323,THA.10.22.2_1,MaeFaek,SanSai,ChiangMai,Tambon,9393,0.4515521824359894,0.8549697995185852,0.5773720145225525,0.6255896091461182,0.6596884727478027,5,6157,65.54881294581071,0.18750179067199638,0.8655252915013655,0.39896703019729146,0.4800062831299364,0.5373162019200812
324,THA.47.5.10_1,ThungSi,RongKwang,Phrae,Tambon,4446,0.4699956476688385,0.8394582271575928,0.5671198964118958,0.6254485845565796,0.6668878793716431,5,3363,75.64102564102564,0.21849970036923405,0.8394550106057871,0.38173630769545175,0.4797692632729617,0.5494162359203092
325,THA.32.9.3_1,NaNoi,NaNoi,Nan,Tambon,5272,0.47346776723861694,0.8274767994880676,0.5651095509529114,0.6251507997512817,0.6626648902893066,5,4356,82.62518968133536,0.22433528752832768,0.8193178396211048,0.37835752251538374,0.479268776711066,0.5423186632801344
326,THA.41.3.1_1,Chun,Chun,Phayao,Tambon,21991,0.44882699847221375,0.8239375352859497,0.5738199949264526,0.6248778700828552,0.66213059425354,5,14933,67.90505206675458,0.18292157728199732,0.8133694025596943,0.3929971551606516,0.4788100641476311,0.5414206725794072
327,THA.11.11.1_1,BanDu,MuangChiangRai,ChiangRai,Tambon,9301,0.4472704529762268,0.8099967241287231,0.5780783891677856,0.6247576475143433,0.6556187272071838,5,5998,64.48768949575314,0.1803054931505669,0.7899390981184069,0.4001542332087059,0.47860800622222205,0.5304761855150213
328,THA.19.7.8_1,Phrabat,MuangLampang,Lampang,Tambon,10102,0.4726826548576355,0.8103575706481934,0.5816400051116943,0.6247453689575195,0.6571615934371948,5,7630,75.52959809938626,0.22301575009972666,0.7905455724269972,0.406140236815495,0.47858736966662746,0.5330692789206801
329,THA.11.14.4_1,Mengrai,PhayaMengrai,ChiangRai,Tambon,13406,0.4662451446056366,0.8311131596565247,0.5669684410095215,0.6245545148849487,0.66193687915802,5,10386,77.47277338505147,0.21219623440963323,0.8254294657556396,0.3814817567839671,0.4782666014578224,0.5410950958527936
330,THA.41.9.4_1,Oi,Pong,Phayao,Tambon,14699,0.4684467017650604,0.8248189687728882,0.5686138868331909,0.6243717670440674,0.6708246469497681,5,11448,77.88284917341316,0.21589638886323234,0.8148508267545129,0.38424725558854955,0.47795945738280793,0.5560327564247308
331,THA.10.14.8_1,MaeTaeng,MaeTaeng,ChiangMai,Tambon,5421,0.4976804554462433,0.8354176878929138,0.5748779773712158,0.6242990493774414,0.6639108657836914,5,4807,88.67367644346061,0.2650295232975693,0.8326640811533551,0.3947753049752331,0.47783724088850993,0.5444127727857127
332,THA.47.3.12_1,ThungKwao,MuangPhrae,Phrae,Tambon,697,0.5664148926734924,0.7268260717391968,0.5941632390022278,0.6242669820785522,0.6552507281303406,5,697,100.0,0.3805514087654872,0.6501542832974331,0.4271880208601517,0.4777833454180736,0.52985768991191
333,THA.10.11.6_1,ThaTon,MaeAi,ChiangMai,Tambon,12788,0.4310135841369629,0.8615491986274719,0.5678942203521729,0.624001681804657,0.6641262173652649,5,7782,60.85392555520801,0.15298259336588835,0.8765832796215216,0.38303771300481676,0.4773374555687946,0.5447747139282525
334,THA.19.4.4_1,NaSak,MaeMo,Lampang,Tambon,16910,0.48696938157081604,0.8151407241821289,0.5703915357589722,0.6239823698997498,0.665014922618866,5,14079,83.25842696629213,0.24702743439729136,0.7985846127830839,0.3872349479868639,0.47730499807358756,0.546268359772501
335,THA.19.10.4_1,ThaNgam,SoemNgam,Lampang,Tambon,11133,0.5075977444648743,0.8434111475944519,0.5755558013916016,0.6236270070075989,0.6669354438781738,5,10091,90.64043833647713,0.2816974989496394,0.8460986792003354,0.3959145229860174,0.47670774009079686,0.5494961775288747
336,THA.20.1.5_1,SiTia,BanHong,Lamphun,Tambon,3488,0.547076404094696,0.8513144254684448,0.582301139831543,0.6236133575439453,0.6517456769943237,5,3488,100.0,0.34804923441384067,0.8593817087588955,0.4072514051390633,0.47668479945375236,0.523966754709292
337,THA.41.9.2_1,NaPrang,Pong,Phayao,Tambon,8955,0.4869738221168518,0.8461855053901672,0.5714352130889893,0.6232801079750061,0.6694537997245789,5,7766,86.72250139586824,0.2470348976176399,0.8507615389901672,0.38898905521240323,0.4761247073065228,0.5537287751523048
338,THA.75.5.1_1,BanFai,NamPat,Uttaradit,Tambon,15497,0.44380369782447815,0.8451897501945496,0.5639135241508484,0.6231909394264221,0.6715102195739746,5,9829,63.42517906691618,0.17447892196236414,0.8490879744379193,0.3763473617165447,0.4759748418348262,0.5571849975045796
339,THA.10.11.3_1,MaeNaWang,MaeAi,ChiangMai,Tambon,20598,0.4519053101539612,0.8584529757499695,0.5736560821533203,0.62305748462677,0.662046492099762,5,14028,68.10369938829012,0.18809529200024924,0.8713794615782396,0.3927216671612094,0.47575054451455306,0.5412793221913297
340,THA.23.3.4_1,MaeSariang,MaeSariang,MaeHongSon,Tambon,6411,0.4182634651660919,0.8419733047485352,0.5350084900856018,0.6230475902557373,0.6722376346588135,5,3496,54.53127437217283,0.13155348384127644,0.8436820984692284,0.32776670594290724,0.4757339150571322,0.5584075631573769
341,THA.19.12.5_1,NaPong,Thoen,Lampang,Tambon,16563,0.47659945487976074,0.8048835396766663,0.5699677467346191,0.6230403184890747,0.6672642230987549,5,12269,74.0747449133611,0.2295987111569434,0.781345375197625,0.3865226862864879,0.47572169340770243,0.5500487563670285
342,THA.19.6.3_1,DonFai,MaeTha,Lampang,Tambon,5145,0.47137609124183655,0.8306239247322083,0.5699977874755859,0.6225765943527222,0.6703809499740601,5,3734,72.57531584062197,0.2208198102118092,0.8246072092103953,0.38657317572347655,0.4749423128129168,0.5552870354546043
343,THA.47.3.1_1,BanThin,MuangPhrae,Phrae,Tambon,3981,0.47617197036743164,0.8090848326683044,0.5723555088043213,0.6225444674491882,0.6468497514724731,5,3104,77.97035920622959,0.22888023845439812,0.7884064832444192,0.39053579510745334,0.4748883171650261,0.515738178609589
344,THA.75.4.6_1,KhunFang,MuangUttaradit,Uttaradit,Tambon,6319,0.44647443294525146,0.7993764281272888,0.5614826679229736,0.6225130558013916,0.6544623970985413,5,4217,66.73524291818326,0.1789676232478212,0.7720895794810928,0.37226182459608953,0.47483552364658754,0.5285327429007745
345,THA.19.4.3_1,MaeMo,MaeMo,Lampang,Tambon,18705,0.49104738235473633,0.8451135754585266,0.5725823044776917,0.6223692893981934,0.6584857106208801,5,15811,84.52820101577119,0.25388132537977776,0.8489599476512695,0.390916970321227,0.47459389562671317,0.5352947210689014
346,THA.41.1.5_1,MaeLao,ChiangKham,Phayao,Tambon,11463,0.42337894439697266,0.8143601417541504,0.5451871156692505,0.6223436594009399,0.6589933037757874,5,6669,58.178487306987705,0.1401510635940505,0.797272688841013,0.3448739096435426,0.47455081932134585,0.5361478322700832
347,THA.10.6.1_1,MaeNgon,Fang,ChiangMai,Tambon,16253,0.4457359313964844,0.8345741033554077,0.5647542476654053,0.6223257780075073,0.6654154658317566,5,10491,64.54808343075125,0.1777264245885161,0.831246269642044,0.37776036471004737,0.47452076608504307,0.5469415522656834
348,THA.47.2.2_1,HuaThung,Long,Phrae,Tambon,16468,0.47004175186157227,0.8496334552764893,0.5704572200775146,0.6218996644020081,0.664066731929779,5,12207,74.12557687636628,0.2185771876301681,0.8565565041915248,0.3873453435415495,0.47380459746394765,0.5446747368288186
349,THA.19.7.5_1,BanSadet,MuangLampang,Lampang,Tambon,11438,0.44881489872932434,0.8409088253974915,0.5754584074020386,0.6218788027763367,0.651086151599884,5,7958,69.57510054205281,0.18290124125876578,0.8418930293121235,0.3957508330256216,0.4737695353549277,0.5228582911769909
350,THA.10.15.1_1,BanKat,MaeWang,ChiangMai,Tambon,17113,0.4540743827819824,0.8465679883956909,0.5646985769271851,0.6216209530830383,0.6634345650672913,5,11597,67.7671945304739,0.19174084974123162,0.8514043777146838,0.37766679896769134,0.4733361676874415,0.5436122547480607
351,THA.32.10.4_1,PaKlang,Pua,Nan,Tambon,2091,0.4494662284851074,0.8027365207672119,0.5524420738220215,0.621605396270752,0.660142183303833,5,1425,68.14921090387375,0.1839959303910948,0.7777368831147494,0.3570673090312179,0.4733100213718581,0.5380787527025372
352,THA.32.10.8_1,Sathan,Pua,Nan,Tambon,4602,0.4252672791481018,0.8189613223075867,0.5406454801559448,0.6215922832489014,0.6736453771591187,5,2631,57.17079530638852,0.14332478552507913,0.8050058874289917,0.3372407883324521,0.4732879823319027,0.5607735542740411
353,THA.32.13.1_1,ChomPhra,ThaWangPha,Nan,Tambon,12174,0.4775543808937073,0.8208262324333191,0.5571132898330688,0.6214900016784668,0.6710325479507446,5,9869,81.06620666995235,0.23120365415296656,0.8081402396204637,0.3649182161280492,0.4731160778202508,0.5563821753854779
354,THA.10.22.8_1,PaPhai,SanSai,ChiangMai,Tambon,4836,0.5015456080436707,0.8211060166358948,0.5781524181365967,0.6214586496353149,0.655088484287262,5,4081,84.38792390405294,0.2715256805905982,0.8086104725911479,0.40027865360699943,0.47306338447926655,0.5295850068811894
355,THA.41.8.7_1,MaeKa,MuangPhayao,Phayao,Tambon,22297,0.49888622760772705,0.8346737623214722,0.5752979516983032,0.6210542321205139,0.6591277122497559,5,19714,88.41548190339508,0.2670560631101934,0.8314137663457047,0.39548115531853123,0.4723836804515519,0.5363737324296258
356,THA.10.22.3_1,MaeFaekMai,SanSai,ChiangMai,Tambon,6844,0.4507374167442322,0.839187741279602,0.5706060528755188,0.6203288435935974,0.652481198310852,5,4650,67.9427235534775,0.18613241495985988,0.8390004053179803,0.387595486645043,0.47116452083220217,0.52520294449588
357,THA.11.10.1_1,MaePhrik,MaeSuai,ChiangRai,Tambon,5021,0.45160967111587524,0.805984377861023,0.5692341923713684,0.6202847361564636,0.681036651134491,5,3324,66.20195180242979,0.18759841182670983,0.783195552601879,0.3852898023558932,0.47109038951598864,0.5731960594997979
358,THA.20.7.5_1,NakhonChedi,PaSang,Lamphun,Tambon,15591,0.4900851249694824,0.8135606050491333,0.5783995985984802,0.6197893619537354,0.6526415348052979,5,13031,83.58027066897569,0.25226406055687045,0.795928908468461,0.4006940895101583,0.4702578146929471,0.5254724218480616
359,THA.11.2.2_1,MaeNgoen,ChiangSaen,ChiangRai,Tambon,7858,0.42714935541152954,0.8124991655349731,0.5705680847167969,0.6197432279586792,0.654745876789093,5,4550,57.902774242809876,0.14648798882340178,0.7941449483615276,0.38753167360662677,0.4701802773432859,0.529009186873628
360,THA.75.7.4_1,NangPhaya,ThaPla,Uttaradit,Tambon,18129,0.4226382076740265,0.8306214213371277,0.5581151247024536,0.6195823550224304,0.6555763483047485,5,10302,56.82607976170776,0.13890610828020755,0.8246030017573129,0.36660199878064004,0.46990989839401515,0.5304049593449837
361,THA.19.2.3_1,MueangYao,HangChat,Lampang,Tambon,17650,0.44900965690612793,0.8158249258995056,0.5571837425231934,0.6194179654121399,0.6542508006095886,5,12209,69.1728045325779,0.1832285710908303,0.799734549781483,0.3650366258790822,0.4696336089749382,0.5281771129378581
362,THA.10.6.2_1,MaeSun,Fang,ChiangMai,Tambon,25744,0.4521513283252716,0.8381044268608093,0.5572671890258789,0.6192744374275208,0.658943772315979,5,18352,71.28651336233686,0.18850877444304842,0.8371796800853031,0.3651768743151619,0.4693923816648812,0.5360645848055245
363,THA.47.8.2_1,MaePhung,WangChin,Phrae,Tambon,15834,0.46238383650779724,0.8335608839988708,0.5605613589286804,0.6191437840461731,0.6575916409492493,5,11789,74.4537072123279,0.20570653856240945,0.8295433530956737,0.3707133816843156,0.46917279268496215,0.5337920592537622
364,THA.11.8.1_1,NA,MaeLao,ChiangRai,Tambon,3670,0.49727681279182434,0.7872803807258606,0.5663094520568848,0.6191414594650269,0.6648242473602295,5,3203,87.27520435967303,0.26435112157676105,0.7517597672517097,0.38037419484875507,0.46916888576424276,0.545947892096059
365,THA.32.5.1_1,NA,K.PhuPieng,Nan,Tambon,48304,0.4751167297363281,0.8458698987960815,0.5574166774749756,0.618806004524231,0.6586822867393494,5,39269,81.29554488241139,0.22710669680271633,0.850231099369423,0.36542811937065317,0.4686050870512025,0.5356251063133234
366,THA.47.2.7_1,WiangTa,Long,Phrae,Tambon,24549,0.4654079079627991,0.8367530107498169,0.5603201389312744,0.6188052892684937,0.6592732667922974,5,18669,76.04790419161677,0.2107890917972096,0.8349083566629928,0.370307963526591,0.46860388492175037,0.5366183657731305
367,THA.47.8.1_1,MaePak,WangChin,Phrae,Tambon,19730,0.44576290249824524,0.8459615707397461,0.5622051954269409,0.6186553835868835,0.6600417494773865,5,12904,65.40293968575773,0.17777175488660613,0.850385172294202,0.3734761756976308,0.4683519386240787,0.5379099536919699
368,THA.10.3.4_1,KhuangPao,ChomThong,ChiangMai,Tambon,7788,0.5156535506248474,0.8339315056800842,0.5731262564659119,0.6185608506202698,0.6547811031341553,5,7218,92.68104776579354,0.2952368826138622,0.8301662565067761,0.3918311897695578,0.4681930571814913,0.5290683917491444
369,THA.11.1.1_1,BunRueang,ChiangKhong,ChiangRai,Tambon,4860,0.4222218692302704,0.8499878644943237,0.5747425556182861,0.618532121181488,0.651077389717102,5,2644,54.403292181069965,0.13820636876162434,0.8571521593350461,0.3945477017989667,0.46814477164849816,0.5228435650912026
370,THA.10.14.1_1,NA,MaeTaeng,ChiangMai,Tambon,18380,0.4241648316383362,0.8698856234550476,0.5531836748123169,0.6184521913528442,0.6548274755477905,5,10740,58.43307943416758,0.14147190332955797,0.8905942987407894,0.3583137169181488,0.46801043368222467,0.529146329808623
371,THA.75.5.6_1,SaenTo,NamPat,Uttaradit,Tambon,23710,0.4533289670944214,0.844572126865387,0.5615420341491699,0.6184424161911011,0.6580320596694946,5,16390,69.12695065373259,0.1904880304972228,0.848049935656021,0.37236160134061475,0.4679940045797125,0.5345322704638997
372,THA.75.7.1_1,Charim,ThaPla,Uttaradit,Tambon,9307,0.4726603329181671,0.8189247846603394,0.5597491264343262,0.6183942556381226,0.6600316762924194,5,7307,78.51079832384227,0.22297823364307534,0.8049444786494797,0.3693482635139887,0.46791306119660364,0.5378930237021861
373,THA.47.2.6_1,ThungLaeng,Long,Phrae,Tambon,12379,0.4760168194770813,0.8674015998840332,0.5702243447303772,0.6181267499923706,0.657267689704895,5,9612,77.64762904919623,0.22861947654074427,0.8864194033310606,0.3869539502274329,0.46746346478151396,0.53324759478941
374,THA.19.1.2_1,ChaeHom,ChaeHom,Lampang,Tambon,22492,0.4468066096305847,0.851051926612854,0.5464950203895569,0.618005096912384,0.6568645238876343,5,15842,70.43393206473412,0.17952591220087263,0.8589405272499706,0.3470721035241827,0.46725900259720066,0.5325699944882365
375,THA.10.3.6_1,SopTia,ChomThong,ChiangMai,Tambon,10826,0.4314863681793213,0.8613885641098022,0.566237211227417,0.617855429649353,0.6679679155349731,5,6426,59.357103269905785,0.153777200933734,0.8763133013820682,0.38025277977409183,0.46700745700934637,0.5512314513929976
376,THA.75.7.7_1,ThaFaek,ThaPla,Uttaradit,Tambon,62753,0.4323352575302124,0.8358234167098999,0.5555665493011475,0.6178087592124939,0.6543172597885132,5,39638,63.16510764425605,0.15520392823848164,0.8333459890850653,0.3623186111878582,0.46692901806259607,0.5282888107994501
377,THA.75.4.12_1,SaenTo,MuangUttaradit,Uttaradit,Tambon,2187,0.4097606837749481,0.8686634302139282,0.567213237285614,0.6177459955215454,0.6597370505332947,5,1243,56.835848193872884,0.11726286944693831,0.888540160039494,0.38189318558895224,0.4668235312031733,0.5373978465453705
378,THA.19.1.3_1,MaeSuk,ChaeHom,Lampang,Tambon,14572,0.485143780708313,0.8233495354652405,0.5652733445167542,0.6177086234092712,0.6548895835876465,5,12533,86.00741147405984,0.24395914923695836,0.8123811519726043,0.3786328101599173,0.46676071993930046,0.529250714716048
379,THA.19.2.7_1,WoKaeo,HangChat,Lampang,Tambon,11351,0.453005850315094,0.8106999397277832,0.5559384822845459,0.6176925897598267,0.6571190357208252,5,8080,71.18315566910405,0.18994496851723142,0.7911209917247412,0.36294371850295615,0.4667337722040823,0.5329977522182795
380,THA.19.13.3_1,WangNuea,WangNua,Lampang,Tambon,9063,0.4615084230899811,0.8404498100280762,0.5501906275749207,0.6174015998840332,0.6652677655220032,5,7235,79.83007834050535,0.20423523229047935,0.841121562736231,0.353283306048334,0.46624470587198164,0.5466933125338224
381,THA.75.2.3_1,SongHong,FakTha,Uttaradit,Tambon,8962,0.418759822845459,0.8445684909820557,0.5464614033699036,0.6172126531600952,0.6561001539230347,5,4907,54.753403258201296,0.13238771159231463,0.8480438248313061,0.3470156034399335,0.46592714334171553,0.5312853188137466
382,THA.32.13.8_1,TanChum,ThaWangPha,Nan,Tambon,6967,0.4314554035663605,0.8593084812164307,0.5371648073196411,0.6172095537185669,0.6552203893661499,5,4773,68.50868379503373,0.15372515874620302,0.8728173085804194,0.3313908257086603,0.4659219341140897,0.5298066995876496
383,THA.19.12.2_1,MaePa,Thoen,Lampang,Tambon,32058,0.44087645411491394,0.8621441125869751,0.5614384412765503,0.6171520948410034,0.654410719871521,5,21017,65.5592987709776,0.1695591070021436,0.8775831507933153,0.3721874929249673,0.4658253630481034,0.5284458890478594
384,THA.10.8.5_1,Hot,Hot,ChiangMai,Tambon,11245,0.4513413906097412,0.8629253506660461,0.5599572658538818,0.6169562935829163,0.6607161164283752,5,7686,68.35037794575368,0.1871475131047137,0.8788961766873841,0.3696980831845531,0.4654962801105879,0.5390433614104024
385,THA.20.1.3_1,NongPlaSawai,BanHong,Lamphun,Tambon,9960,0.5025522708892822,0.8225474953651428,0.570385217666626,0.6169499158859253,0.6563692688941956,5,8809,88.44377510040161,0.2732175776169907,0.8110331641469699,0.38722432917670363,0.46548556112297323,0.5317376200201036
386,THA.19.13.2_1,RongKho,WangNua,Lampang,Tambon,22431,0.48952195048332214,0.8274966478347778,0.5650613307952881,0.6168906688690186,0.6574112176895142,5,19155,85.3952119834158,0.25131753387951417,0.8193511987134009,0.3782764789548206,0.4653859847333567,0.533488822099467
387,THA.41.9.3_1,Ngim,Pong,Phayao,Tambon,16337,0.47176602482795715,0.820289671421051,0.5546690225601196,0.6168135404586792,0.6508529782295227,5,13324,81.55720144457366,0.22147517111811862,0.8072384421764714,0.36081013908036697,0.4652563551074373,0.5224663969756026
388,THA.32.4.2_1,ChiangKlang,ChiangKlang,Nan,Tambon,7431,0.40315550565719604,0.8322131633758545,0.5088577270507812,0.616726279258728,0.6533244252204895,5,3694,49.71067151123671,0.10616155457777908,0.8272782406755327,0.2838151501569881,0.4651096953142797,0.5266201549424651
389,THA.20.6.9_1,SiBuaBan,MuangLamphun,Lamphun,Tambon,13096,0.45728665590286255,0.8013580441474915,0.5692453980445862,0.6167168617248535,0.6501798033714294,5,9350,71.3958460598656,0.19713971328811858,0.7754200791281677,0.38530863571730967,0.4650938672764936,0.5213349928062571
390,THA.20.1.1_1,BanHong,BanHong,Lamphun,Tambon,8373,0.4589592516422272,0.8467398881912231,0.5691623687744141,0.6162338256835938,0.6507049202919006,5,6033,72.05302758867789,0.19995084292315407,0.8516932894930079,0.38516908852341036,0.46428202918650097,0.5222175561790156
391,THA.47.7.6_1,HuaFai,SungMen,Phrae,Tambon,12018,0.4229515492916107,0.8090593814849854,0.5303043127059937,0.6160206198692322,0.6538201570510864,5,7277,60.55084040605758,0.13943274115768672,0.7883637074714148,0.3198604007138245,0.4639236944323174,0.5274533308302327
392,THA.19.9.3_1,BanPong,Ngao,Lampang,Tambon,10157,0.44895991683006287,0.8420360088348389,0.5524875521659851,0.6159362196922302,0.6512970328330994,5,7014,69.05582356995176,0.18314497300518137,0.8437874851511968,0.3571437444288813,0.46378184315696824,0.5232127190104551
393,THA.19.11.2_1,NaYang,SopPrap,Lampang,Tambon,17084,0.46135348081588745,0.8524372577667236,0.5631033182144165,0.615773618221283,0.6584390997886658,5,12117,70.92601264340904,0.2039748209979157,0.8612688516438018,0.3749856495796654,0.46350855906152155,0.5352163822996056
394,THA.75.7.5_1,PhaLueat,ThaPla,Uttaradit,Tambon,41414,0.45236608386039734,0.9041179418563843,0.5640107989311218,0.6157129406929016,0.6486822366714478,5,29476,71.17399913072873,0.1888697138110449,0.9481285148512074,0.3765108513220318,0.4634065784130008,0.5188180342658986
395,THA.19.9.8_1,NaKae,Ngao,Lampang,Tambon,27197,0.4418421685695648,0.8231643438339233,0.5501635074615479,0.6156495809555054,0.6524897217750549,5,18784,69.0664411515976,0.17118218211740277,0.8120699006219617,0.35323772530660813,0.4633000897790346,0.525217269871851
396,THA.10.11.4_1,MaeSao,MaeAi,ChiangMai,Tambon,19391,0.39836451411247253,0.8279736638069153,0.5216970443725586,0.6156440377235413,0.6537883281707764,5,9903,51.07008405961528,0.09810934088644625,0.8201529188805049,0.3053941752420237,0.4632907732757807,0.5273998360696137
397,THA.32.1.3_1,PaKhaLuang,BanLuang,Nan,Tambon,4175,0.45828676223754883,0.8086782097816467,0.5510847568511963,0.6154824495315552,0.6701393127441406,5,2958,70.8502994011976,0.19882059079453343,0.7877230726508938,0.3547860680409277,0.4630191921970579,0.5548809160546992
398,THA.32.15.1_1,NA,WiangSa,Nan,Tambon,47803,0.4516195058822632,0.8631845116615295,0.5538086891174316,0.6153613924980164,0.6561464667320251,5,33529,70.13994937556221,0.18761494110667637,0.8793317482588657,0.35936417770438556,0.462815731787288,0.5313631566957709
399,THA.11.6.5_1,PaTueng,MaeChan,ChiangRai,Tambon,10752,0.4233137369155884,0.8318673968315125,0.5437459349632263,0.6149042248725891,0.6550185084342957,5,6473,60.202752976190474,0.14004146945899967,0.8266971112628911,0.3424517189749923,0.4620473707124801,0.5294673985497911
400,THA.19.9.9_1,PongTao,Ngao,Lampang,Tambon,15894,0.44879117608070374,0.828180730342865,0.544683039188385,0.6145749688148499,0.6580188870429993,5,11419,71.84472127846986,0.18286137063193741,0.8205009353568912,0.344026708912167,0.4614939904546914,0.53451013124649
401,THA.75.5.2_1,DenLek,NamPat,Uttaradit,Tambon,20683,0.42349186539649963,0.8576797842979431,0.5421940088272095,0.6144347190856934,0.655478298664093,5,12113,58.56500507663298,0.1403408497813026,0.8700799596405072,0.33984339859627344,0.46125827290462323,0.5302401674325901
402,THA.10.14.4_1,ChoLae,MaeTaeng,ChiangMai,Tambon,5590,0.4018220007419586,0.8337236046791077,0.532042384147644,0.6143597364425659,0.643817663192749,5,2721,48.67620751341681,0.10392033448049875,0.8298168375460291,0.3227815752824553,0.46113224966706023,0.5106421515071798
403,THA.10.23.9_1,ThaKwang,Saraphi,ChiangMai,Tambon,565,0.5626349449157715,0.7294057607650757,0.5852346420288086,0.6141153573989868,0.6399893760681152,5,565,100.0,0.3741984551434411,0.6544899635213818,0.4121817387319898,0.4607215221042555,0.5042079539696619
404,THA.11.3.1_1,NA,K.DoiLuang,ChiangRai,Tambon,18931,0.44998469948768616,0.843209445476532,0.5462640523910522,0.6138277053833008,0.6473838090896606,5,14263,75.34203158839998,0.1848673239776941,0.84575967869484,0.3466839158886051,0.46023806570959797,0.516635768600499
405,THA.11.17.1_1,BanPong,WiangPaPao,ChiangRai,Tambon,7895,0.42951256036758423,0.8321460485458374,0.540705680847168,0.6136445999145508,0.6517507433891296,5,5052,63.98986700443319,0.15045982453317808,0.8271654408619429,0.33734196756133816,0.45993032056985744,0.5239752697929112
406,THA.10.23.4_1,KhuaMung,Saraphi,ChiangMai,Tambon,950,0.5618714094161987,0.7383449077606201,0.5849517583847046,0.6132872104644775,0.6274954676628113,5,950,100.0,0.3729151819533121,0.6695139770589622,0.41170629653367974,0.45932965655361907,0.4832094572325417
407,THA.41.2.1_1,BanMang,ChiangMuan,Phayao,Tambon,17481,0.45472460985183716,0.8529222011566162,0.5490096211433411,0.6132778525352478,0.6554248332977295,5,12977,74.23488358789542,0.19283368559065528,0.8620838954123334,0.3512983899679893,0.4593139286932873,0.5301503082560448
408,THA.11.6.3_1,MaeChan,MaeChan,ChiangRai,Tambon,9548,0.40534335374832153,0.8168140649795532,0.533015787601471,0.6132118701934814,0.6411076784133911,5,5262,55.11101801424382,0.10983866821687938,0.8013969946362988,0.3244175732893247,0.45920303225133,0.5060874833680381
409,THA.19.1.1_1,BanSa,ChaeHom,Lampang,Tambon,20773,0.45244958996772766,0.8436516523361206,0.5497337579727173,0.6130684614181519,0.6496134996414185,5,15697,75.56443460260915,0.1890100624245789,0.846502895228608,0.3525154458607978,0.45896200529618164,0.5203832068125478
410,THA.32.13.7_1,SiPhum,ThaWangPha,Nan,Tambon,9415,0.4275822937488556,0.8554651141166687,0.534422755241394,0.612991452217102,0.6498106122016907,5,5995,63.674986723313864,0.1472156277630194,0.8663577661469527,0.3267822620990823,0.45883257602517097,0.5207144936540588
411,THA.10.4.6_1,MaePong,DoiSaket,ChiangMai,Tambon,9488,0.4607924222946167,0.8072590827941895,0.5598194599151611,0.6127837896347046,0.6470215320587158,5,7059,74.39924114671163,0.2030318506201886,0.7853379476404503,0.369466472910113,0.45848355777424127,0.5160268900330045
412,THA.47.8.4_1,Soi,WangChin,Phrae,Tambon,18801,0.423122763633728,0.8250207901000977,0.5450088977813721,0.6127567887306213,0.648589551448822,5,11207,59.6085314610925,0.1397205008952859,0.8151900276149171,0.3445743790550581,0.4584381773874241,0.5186622583243958
413,THA.19.12.4_1,MaeWa,Thoen,Lampang,Tambon,11744,0.44399774074554443,0.8197460174560547,0.557789146900177,0.6126998662948608,0.6480608582496643,5,8065,68.6733651226158,0.17480504966497654,0.8063247236154123,0.36605412828284023,0.4583425079185269,0.5177736843043768
414,THA.10.16.8_1,PhraSing,MuangChiangMai,ChiangMai,Tambon,135,0.5639553666114807,0.6601431965827942,0.5871360301971436,0.6122474670410156,0.6355212330818176,5,135,100.0,0.3764176862894932,0.5380804557192611,0.4153773995255195,0.4575821610400664,0.49669835145977587
415,THA.19.7.2_1,BanKha,MuangLampang,Lampang,Tambon,13222,0.4302850067615509,0.8266974091529846,0.5399881601333618,0.6122198700904846,0.64930659532547,5,8224,62.19936469520496,0.1517580742527313,0.8180079192281207,0.33613603136596165,0.4575357788787057,0.5198673931001376
416,THA.11.1.6_1,Wiang,ChiangKhong,ChiangRai,Tambon,23160,0.42755115032196045,0.83729487657547,0.5511152148246765,0.6119424104690552,0.6488667726516724,5,14070,60.75129533678757,0.1471632850431254,0.8358190699004217,0.3548372587200968,0.45706945282874084,0.5191281836645434
417,THA.32.15.11_1,San,WiangSa,Nan,Tambon,15331,0.44454652070999146,0.8512255549430847,0.5401684045791626,0.6118165850639343,0.6565271615982056,5,10622,69.28445633031114,0.17572738348710906,0.8592323441744707,0.33643896798789374,0.45685797822262353,0.5320029900966572
418,THA.10.1.1_1,NA,ChaiPrakarn,ChiangMai,Tambon,43545,0.4148193597793579,0.8300409913063049,0.536332368850708,0.6116307377815247,0.6484326124191284,5,24785,56.91813066942244,0.12576498008572384,0.8236274737069245,0.32999174738131126,0.45654562491998324,0.5183984910871117
419,THA.41.2.3_1,Sa,ChiangMuan,Phayao,Tambon,29390,0.44192180037498474,0.8598095178604126,0.5475828051567078,0.6115878224372864,0.6473620533943176,5,20486,69.70398094589997,0.17131601919640452,0.8736594002616235,0.3489003420659356,0.45647349715285657,0.5165992038296638
420,THA.11.2.1_1,BanSaeo,ChiangSaen,ChiangRai,Tambon,16719,0.44191306829452515,0.8067253232002258,0.5519400835037231,0.6114603877067566,0.6492982506752014,5,11638,69.60942640110055,0.17130134319934331,0.7844408585368121,0.35622361451074436,0.456259317755472,0.5198533682565296
421,THA.32.7.6_1,PhaSing,MuangNan,Nan,Tambon,8553,0.48479512333869934,0.844202995300293,0.5589999556541443,0.6109792590141296,0.6482846736907959,5,7404,86.56611715187653,0.2433731612177812,0.8474295366812772,0.36808913309035624,0.4554506853440184,0.5181498506454333
422,THA.20.8.2_1,ThungHuaChang,ThungHuaChang,Lamphun,Tambon,10589,0.4508390426635742,0.8167269229888916,0.5496265888214111,0.610793948173523,0.6557344198226929,5,7657,72.31088865804136,0.18630321751951406,0.8012505351980498,0.35233532679788976,0.4551392336384672,0.5306706299539004
423,THA.11.10.3_1,PaDaet,MaeSuai,ChiangRai,Tambon,22493,0.4195963442325592,0.8432093858718872,0.5281466245651245,0.6106700301170349,0.6561399698257446,5,13281,59.04503623349486,0.13379365207528615,0.8457595785173857,0.3162339768666215,0.45493096471088884,0.5313522373532475
424,THA.47.6.7_1,TaoPun,Song,Phrae,Tambon,37347,0.4321883022785187,0.8670003414154053,0.5403697490692139,0.6106696128845215,0.6539422869682312,5,24223,64.85929258039468,0.1549569407247999,0.8857450087084261,0.33677736742866315,0.45493026346870846,0.5276585944341807
425,THA.32.15.5_1,LaiNan,WiangSa,Nan,Tambon,13284,0.47973471879959106,0.8645366430282593,0.5473938584327698,0.6106386184692383,0.6656779050827026,5,11622,87.48870822041553,0.2348681454328197,0.8816042738106281,0.34858277953566946,0.45487817119245033,0.547382633597154
426,THA.32.4.5_1,PhraThat,ChiangKlang,Nan,Tambon,4082,0.416608065366745,0.8123781085014343,0.5366392731666565,0.6106008887290955,0.648152232170105,5,2292,56.14894659480647,0.12877125540181877,0.7939414879517578,0.3305075610937214,0.4548147588638514,0.517927256341884
427,THA.10.14.3_1,BanPao,MaeTaeng,ChiangMai,Tambon,16355,0.41198405623435974,0.8821699619293213,0.532516598701477,0.6104262471199036,0.6534780859947205,5,9278,56.72882910424947,0.12099968884882681,0.911240571548441,0.32357858710920523,0.4545212389226275,0.5268784124197604
428,THA.11.17.4_1,PaNgio,WiangPaPao,ChiangRai,Tambon,19121,0.4087992012500763,0.817051112651825,0.5201640725135803,0.6102288365364075,0.6457267999649048,5,10800,56.48240154803619,0.11564690693093746,0.8017954003722193,0.3028177112937858,0.4541894511938448,0.513850835369774
429,THA.32.10.10_1,SilaPhet,Pua,Nan,Tambon,3506,0.41672569513320923,0.8122081160545349,0.5280805826187134,0.6102136373519897,0.6514772176742554,5,2094,59.72618368511123,0.12896895560796395,0.7936557818519726,0.3161229802472099,0.4541639059429874,0.5235155554549329
430,THA.23.3.5_1,MaeYuam,MaeSariang,MaeHongSon,Tambon,29308,0.4022599756717682,0.8957537412643433,0.5052099227905273,0.6101677417755127,0.6530306935310364,5,15132,51.63095400573222,0.10465643841500835,0.9340708130382159,0.2776842899512196,0.45408676930314357,0.5261264804474647
431,THA.11.17.6_1,Wiang,WiangPaPao,ChiangRai,Tambon,15219,0.41509848833084106,0.8339239954948425,0.5293131470680237,0.6097490787506104,0.647591769695282,5,9025,59.30087390761548,0.12623411110441035,0.830153634147529,0.318194549825561,0.453383122863841,0.5169852877387003
432,THA.41.1.4_1,FaiKwang,ChiangKham,Phayao,Tambon,17941,0.4562724232673645,0.8102300763130188,0.5508943200111389,0.6097365021705627,0.6473066210746765,5,13422,74.81188339557438,0.19543509372502452,0.7903312928521583,0.35446600107430304,0.4533619854209747,0.5165060387971252
433,THA.19.5.3_1,PhaPang,MaePhrik,Lampang,Tambon,9370,0.46072977781295776,0.7920557260513306,0.5608635544776917,0.6097354292869568,0.6470851898193359,5,6746,71.9957310565635,0.2029265641156745,0.7597856843612776,0.37122128137783267,0.4533601822267965,0.5161338795542424
434,THA.19.12.7_1,WiangMok,Thoen,Lampang,Tambon,65956,0.4352242946624756,0.842731237411499,0.5540266633033752,0.6094406843185425,0.6473217010498047,5,42285,64.11092243313725,0.16005952945046856,0.8449559549786492,0.3597305266549165,0.4528648047150723,0.5165313836930739
435,THA.19.10.3_1,SoemSai,SoemNgam,Lampang,Tambon,21082,0.45165055990219116,0.8148754239082336,0.556650698184967,0.6094203591346741,0.6483491063117981,5,15199,72.09467792429561,0.18766713356038886,0.798138722933805,0.3641407389048961,0.45283064420314145,0.5182581424735777
436,THA.19.8.4_1,ThungKwao,MueangPan,Lampang,Tambon,18580,0.41815173625946045,0.8236297965049744,0.5254777669906616,0.6093175411224365,0.6457476615905762,5,11000,59.20344456404736,0.1313657012031112,0.8128521863629233,0.3117484311709763,0.4526578380944004,0.513885897478794
437,THA.75.1.4_1,NaKhum,BanKhok,Uttaradit,Tambon,15338,0.45847925543785095,0.8181620836257935,0.5547609329223633,0.6089227795600891,0.6537343263626099,5,11571,75.44008345286217,0.19914411388333295,0.8036626079437115,0.3609646127149633,0.45199436281428923,0.5273090752959793
438,THA.75.2.1_1,BanSiao,FakTha,Uttaradit,Tambon,21081,0.43349355459213257,0.8344083428382874,0.5431666374206543,0.6088957190513611,0.658289909362793,5,13355,63.350884682889806,0.15715067670872182,0.8309676761415171,0.3414780942962364,0.45194888225001767,0.534965638131386
439,THA.20.4.2_1,Li,Li,Lamphun,Tambon,20797,0.4713483154773712,0.8337883949279785,0.5572851896286011,0.6085102558135986,0.6479507088661194,5,16719,80.3914026061451,0.22077312751808553,0.8299257304388995,0.36520712790637333,0.45130103465278393,0.5175885563687516
440,THA.32.6.2_1,MoMueang,MaeCharim,Nan,Tambon,3835,0.45650315284729004,0.8130713701248169,0.5342547297477722,0.6084358096122742,0.6470620632171631,5,3037,79.19165580182529,0.1958228806507848,0.7951066519232168,0.32649986185529045,0.45117591301231,0.5160950107019574
441,THA.10.2.1_1,ChiangDao,ChiangDao,ChiangMai,Tambon,23926,0.41676566004753113,0.8321636915206909,0.5333592295646667,0.607867956161499,0.6470932960510254,5,13831,57.80740616902115,0.12903612459110067,0.8271950933884282,0.3249947957812469,0.45022152240478786,0.516147503688033
442,THA.10.20.3_1,HuaiSai,SanKamphaeng,ChiangMai,Tambon,5898,0.4645802676677704,0.808755099773407,0.5595055222511292,0.6077556610107422,0.6356154680252075,5,4542,77.00915564598169,0.2093980777549351,0.7878523015669958,0.3689388382580904,0.4500327880808063,0.4968567320150915
443,THA.19.9.7_1,MaeTip,Ngao,Lampang,Tambon,26380,0.4317678213119507,0.8409727811813354,0.541676938533783,0.6077275276184082,0.6488729119300842,5,17523,66.42532221379834,0.15425023887313988,0.8420005197206332,0.3389743591798512,0.4499855043223566,0.5191385019423407
444,THA.11.18.4_1,ThaKham,WiengKaen,ChiangRai,Tambon,7415,0.42077791690826416,0.8290594220161438,0.530914306640625,0.6076997518539429,0.6485864520072937,5,4565,61.56439649359407,0.13577951984144715,0.8219777513888101,0.32088561678156685,0.44993882162863297,0.51865704909677
445,THA.19.10.2_1,SoemKlang,SoemNgam,Lampang,Tambon,20019,0.44150683283805847,0.8374191522598267,0.5497958064079285,0.6074457764625549,0.6527792811393738,5,13380,66.83650531994604,0.17061858375927116,0.836027939892726,0.3526197305907685,0.44951196549567907,0.5257039319450475
446,THA.19.5.1_1,MaePhrik,MaePhrik,Lampang,Tambon,43487,0.44270333647727966,0.8542141914367676,0.5477746725082397,0.6073561906814575,0.6485775113105774,5,29388,67.57881665785177,0.17262954597774496,0.8642553419126641,0.3492228132914645,0.4493613987818021,0.5186420224786186
447,THA.11.1.3_1,Khrueng,ChiangKhong,ChiangRai,Tambon,9380,0.3838806748390198,0.8362566232681274,0.5257178544998169,0.6070825457572937,0.6401397585868835,5,4169,44.4456289978678,0.0737663697473705,0.8340740788232275,0.31215194595706836,0.4489014840889151,0.5044607016869683
448,THA.20.4.4_1,MaeTuen,Li,Lamphun,Tambon,23614,0.4652998149394989,0.8424695730209351,0.5595480799674988,0.6070085167884827,0.6439570188522339,5,18437,78.07656474972474,0.21060741998375923,0.844516175954085,0.369010364960491,0.4487770636906216,0.5108763663954329
449,THA.19.6.2_1,BanBom,MaeTha,Lampang,Tambon,14131,0.4235525131225586,0.8134881258010864,0.5475620031356812,0.6069796681404114,0.6460064649581909,5,8971,63.48453754157526,0.14044278034109622,0.7958070926839804,0.34886538013437,0.44872857780271974,0.5143208679855497
450,THA.75.5.4_1,NamKhrai,NamPat,Uttaradit,Tambon,29760,0.42469823360443115,0.8361295461654663,0.5446107983589172,0.6069796681404114,0.6481371521949768,5,17819,59.87567204301075,0.1423683913684701,0.833860500490569,0.34390529383750373,0.44872857780271974,0.5179019114459353
451,THA.10.10.3_1,OnNuea,K.MaeOn,ChiangMai,Tambon,11879,0.4026601016521454,0.8074812889099121,0.5200586318969727,0.6067801117897034,0.6487131714820862,5,6488,54.617392036366695,0.10532892966601037,0.7857114091902396,0.30264049737705373,0.4483931836855806,0.5188700263647025
452,THA.11.18.2_1,MuangYai,WiengKaen,ChiangRai,Tambon,6895,0.4217272102832794,0.7968867421150208,0.5464261770248413,0.6066378951072693,0.6356543898582458,5,4275,62.00145032632343,0.1373749960680349,0.7679051672132015,0.346956398564417,0.44815416027951915,0.4969221478927773
453,THA.19.13.1_1,NA,WangNua,Lampang,Tambon,66772,0.42509496212005615,0.8240396976470947,0.5361838340759277,0.606536865234375,0.6470431089401245,5,42727,63.98939675313006,0.1430351725045746,0.8135411067164375,0.32974210516508945,0.4479843594944084,0.5160631542714765
454,THA.47.2.3_1,HuaiO,Long,Phrae,Tambon,24462,0.44698137044906616,0.8521111011505127,0.5450984239578247,0.6065329909324646,0.646504282951355,5,17650,72.15272667811298,0.1798196324970052,0.860720680613639,0.34472484559148076,0.4479778479598761,0.5151575500842192
455,THA.19.2.6_1,WiangTan,HangChat,Lampang,Tambon,17806,0.43811464309692383,0.8232108354568481,0.54841148853302,0.6059052348136902,0.6428565979003906,5,11918,66.93249466471975,0.16491733456645102,0.812148039036349,0.3502931092136611,0.4469227790107396,0.5090268902333593
456,THA.32.13.6_1,SaenThong,ThaWangPha,Nan,Tambon,9301,0.4153156280517578,0.8434283137321472,0.5208388566970825,0.605850338935852,0.6483381986618042,5,5518,59.32695409095796,0.12659905757058051,0.8461275303071861,0.30395182025439865,0.4468305155752901,0.518239809999433
457,THA.32.13.3_1,PhaThong,ThaWangPha,Nan,Tambon,5915,0.4338842034339905,0.8526298999786377,0.5282129049301147,0.6058167219161987,0.6444022059440613,5,4062,68.67286559594253,0.15780723974448338,0.8615926251762371,0.3163453741958505,0.44677401549104084,0.5116245918019179
458,THA.47.2.5_1,TaPhaMok,Long,Phrae,Tambon,25318,0.44559693336486816,0.827399730682373,0.5452482104301453,0.6058000922203064,0.6482407450675964,5,18487,73.01919582905442,0.1774928107649891,0.8191883101726398,0.34497659153424376,0.44674606598127925,0.5180760198615828
459,THA.32.4.3_1,PhayaKaeo,ChiangKlang,Nan,Tambon,3407,0.41462641954421997,0.8213019371032715,0.530848503112793,0.6057581305503845,0.6462478041648865,5,1935,56.79483416495451,0.12544070566601678,0.8089397558835721,0.3207750208719726,0.44667554105342205,0.5147264864981829
460,THA.11.10.2_1,MaeSuai,MaeSuai,ChiangRai,Tambon,16105,0.42418333888053894,0.8483341932296753,0.5256080031394958,0.6053293943405151,0.647304892539978,5,10415,64.66935734244024,0.14150300842913136,0.8543728360417644,0.3119673189087149,0.44595496462433554,0.5165031336509492
461,THA.20.4.5_1,NaSai,Li,Lamphun,Tambon,21406,0.455473929643631,0.8144956827163696,0.5522998571395874,0.604908287525177,0.6472489833831787,5,15916,74.35298514435205,0.19409306645792357,0.7975004923721881,0.3568282856251564,0.44524721090940494,0.5164091671987759
462,THA.75.4.2_1,BanDanNaKham,MuangUttaradit,Uttaradit,Tambon,19373,0.43600043654441833,0.817700982093811,0.5362300276756287,0.6048740744590759,0.6489962935447693,5,12840,66.27780932225262,0.16136399017219102,0.802887635156917,0.329819742692205,0.4451897090506123,0.5193458692728299
463,THA.10.3.2_1,BanPae,ChomThong,ChiangMai,Tambon,23866,0.43464502692222595,0.8544666767120361,0.5512027740478516,0.6048594117164612,0.6606324911117554,5,15011,62.89700829632112,0.15908595486043978,0.8646796936092594,0.3549844194005261,0.445165065396844,0.5389028124419597
464,THA.10.18.8_1,SanSai,Phrao,ChiangMai,Tambon,31270,0.4031577408313751,0.8217363357543945,0.5122934579849243,0.6048517227172852,0.6477477550506592,5,16579,53.0188679245283,0.10616531123231693,0.8096698491708212,0.28958957898020554,0.44515214250523377,0.517247452136715
465,THA.19.4.1_1,BanDong,MaeMo,Lampang,Tambon,31269,0.43077751994132996,0.8200255036354065,0.5368180274963379,0.6042977571487427,0.645271897315979,5,20402,65.24672998816719,0.15258584055796437,0.8067944556988249,0.33080799327929494,0.44422109324457343,0.5130862810382312
466,THA.10.3.5_1,MaeSoi,ChomThong,ChiangMai,Tambon,20573,0.44511255621910095,0.8519054651260376,0.5533632636070251,0.6036813259124756,0.6478603482246399,5,13902,67.57400476352501,0.17667871868227378,0.860375068396157,0.3586155515880831,0.44318505801176206,0.5174366873479682
467,THA.32.1.4_1,Suat,BanLuang,Nan,Tambon,6986,0.4273926019668579,0.8101434707641602,0.5281856060028076,0.6035723686218262,0.6364812850952148,5,4667,66.80503864872603,0.14689681301457402,0.7901857350109985,0.3162994929217616,0.4430019336252237,0.49831190971687245
468,THA.20.5.4_1,ThaSopSao,MaeTha,Lamphun,Tambon,21092,0.42718350887298584,0.8235138654708862,0.5403207540512085,0.6035342812538147,0.6414577960968018,5,13413,63.59283140527214,0.1465453905047401,0.8126573412142268,0.3366950215611935,0.44293792023189876,0.5066759257348467
469,THA.10.5.5_1,PongThung,DoiTao,ChiangMai,Tambon,25503,0.4403253495693207,0.8174268007278442,0.5485039949417114,0.603487491607666,0.6417027711868286,5,18009,70.61522173861898,0.16863286625929172,0.8024268188669409,0.3504485846228008,0.44285928093023985,0.5070876550721949
470,THA.20.4.7_1,SiWichai,Li,Lamphun,Tambon,29801,0.4454137980937958,0.8323193192481995,0.5486148595809937,0.6025924682617188,0.6460586190223694,5,21150,70.97077279285931,0.17718501553652138,0.8274566567217169,0.3506349146878781,0.441355016275831,0.5144085232580994
471,THA.19.3.5_1,NaSaeng,KoKha,Lampang,Tambon,13318,0.45944681763648987,0.8542901873588562,0.5503774285316467,0.6024067997932434,0.6386683583259583,5,10706,80.38744556239675,0.20077029449967673,0.864383068166951,0.3535972621902438,0.4410429635055537,0.5019877210490663
472,THA.10.4.2_1,LuangNuea,DoiSaket,ChiangMai,Tambon,54624,0.40123453736305237,0.8460167646408081,0.5163370370864868,0.6022915840148926,0.6411440968513489,5,28343,51.88744874048038,0.10293298549049787,0.8504779366169232,0.29638561748280906,0.4408493204863094,0.5061486917926414
473,THA.10.1.2_1,MaeThalop,ChaiPrakarn,ChiangMai,Tambon,10182,0.44185343384742737,0.8123860359191895,0.5312251448631287,0.60228431224823,0.6419282555580139,5,7399,72.66745236692202,0.17120111565627352,0.7939548115531853,0.32140804220596364,0.44083709883687966,0.507466626381973
474,THA.23.3.1_1,BanKat,MaeSariang,MaeHongSon,Tambon,24567,0.40993285179138184,0.8653960227966309,0.5139509439468384,0.6022173166275024,0.6442118287086487,5,13845,56.35608743436317,0.11755223202380698,0.8830486323473401,0.2923753136305652,0.4407244993781985,0.5113046250127475
475,THA.47.2.1_1,BanPin,Long,Phrae,Tambon,27430,0.4477881193161011,0.9140324592590332,0.5392957925796509,0.6019588112831116,0.6465383172035217,5,19857,72.39154210718192,0.18117553434153258,0.9647918322516505,0.33497237005631775,0.44029002975871456,0.5152147514106489
476,THA.10.14.7_1,MaeHoPhra,MaeTaeng,ChiangMai,Tambon,12163,0.4403015375137329,0.81183922290802,0.5390838384628296,0.6016554832458496,0.6418082118034363,5,8328,68.46994984789937,0.16859284536628183,0.7930357835870461,0.3346161390286754,0.439780226693565,0.507264868988927
477,THA.41.2.2_1,ChiangMuan,ChiangMuan,Phayao,Tambon,24742,0.42944514751434326,0.8374527096748352,0.5356261134147644,0.6012394428253174,0.6465572118759155,5,15975,64.56632446851508,0.15034652383231656,0.8360843397995209,0.32880474472480553,0.4390809880622535,0.5152465076636754
478,THA.10.12.4_1,ChangKhoeng,MaeChaem,ChiangMai,Tambon,14928,0.39787617325782776,0.8436186909675598,0.5026084184646606,0.6011952757835388,0.6439592242240906,5,7801,52.2575026795284,0.09728858700301714,0.8464474970963565,0.27331194477898146,0.43900675656858557,0.5108800729612435
479,THA.32.9.7_1,SiSaKet,NaNoi,Nan,Tambon,28534,0.4161154329776764,0.9087041616439819,0.527633547782898,0.6008859872817993,0.6488901376724243,5,16946,59.38879932711853,0.127943288741677,0.9558365688981462,0.31537164933964024,0.43848693575800174,0.5191674532266457
480,THA.10.18.5_1,NamPhrae,Phrao,ChiangMai,Tambon,6962,0.40173056721687317,0.81916743516922,0.5186326503753662,0.6008187532424927,0.6409848928451538,5,3700,53.14564780235565,0.10376666226553717,0.8053523010661086,0.3002438519593608,0.43837393558950327,0.5058811178120923
481,THA.41.9.6_1,Pong,Pong,Phayao,Tambon,40266,0.4273884892463684,0.8533042073249817,0.5215848088264465,0.6008182764053345,0.6444926261901855,5,26533,65.89430288580937,0.14688990077022437,0.8627259327172153,0.3052055410954966,0.4383731341698685,0.5117765610001557
482,THA.10.18.6_1,PaNai,Phrao,ChiangMai,Tambon,8467,0.3995314836502075,0.7750971913337708,0.5301549434661865,0.6007658839225769,0.641560435295105,5,4451,52.56879650407464,0.10007066517629329,0.7312834955840777,0.31960935601324186,0.43828507818750134,0.5068484313112247
483,THA.41.9.1_1,Khuan,Pong,Phayao,Tambon,49726,0.40917038917541504,0.8289279937744141,0.5168951153755188,0.6007291078567505,0.6409146189689636,5,27874,56.05518239954953,0.11627076202785615,0.8217568601019847,0.297323578987819,0.43822326869817196,0.5057630085934224
484,THA.32.15.3_1,Khueng,WiangSa,Nan,Tambon,10154,0.4596540927886963,0.8641003370285034,0.5417575836181641,0.6004259586334229,0.6431995034217834,5,8080,79.57455190072878,0.2011186615971532,0.8808709748448401,0.3391098992755768,0.4377137661653854,0.5096032111281925
485,THA.10.6.3_1,MonPin,Fang,ChiangMai,Tambon,33001,0.3927593529224396,0.8300906419754028,0.5097429156303406,0.6003713011741638,0.641505777835846,5,16218,49.14396533438381,0.08868875325752038,0.8237109215263918,0.28530288553143035,0.43762190343975316,0.5067565685855925
486,THA.32.8.1_1,BoKaeo,NaMun,Nan,Tambon,41463,0.4104562997817993,0.834879994392395,0.5054656267166138,0.6002506017684937,0.6500524282455444,5,24447,58.961001374719636,0.11843199042784389,0.8317603803377303,0.27811405123034943,0.4374190440947094,0.5211209135863268
487,THA.19.10.1_1,SoemKhwa,SoemNgam,Lampang,Tambon,26271,0.42823582887649536,0.8184704184532166,0.5290778875350952,0.5998983979225159,0.6436729431152344,5,16911,64.37136005481328,0.1483140234611591,0.8041808259150259,0.31779914941327064,0.43682709551699883,0.5103989206480359
488,THA.75.1.1_1,BanKhok,BanKhok,Uttaradit,Tambon,12891,0.42860162258148193,0.7861201763153076,0.5399623513221741,0.59987473487854,0.6376374363899231,5,8652,67.11659297184082,0.14892881249845977,0.7498098131029305,0.3360926545282313,0.4367873250676248,0.5002550517987563
489,THA.20.5.3_1,ThaPlaDuk,MaeTha,Lamphun,Tambon,13697,0.4032607078552246,0.8234162330627441,0.5239034295082092,0.5996167063713074,0.6373634338378906,5,7655,55.888150689932104,0.10633836778469381,0.8124932505440137,0.30910244406942455,0.43635365686777555,0.49979453604114327
490,THA.10.5.4_1,MuetKa,DoiTao,ChiangMai,Tambon,41050,0.39749661087989807,0.8981664776802063,0.5049906373023987,0.5991189479827881,0.6598763465881348,5,21600,52.61875761266748,0.09665065697376332,0.9381258962125509,0.2773157370966931,0.43551707494656033,0.5376319612561692
491,THA.32.11.1_1,DuPhong,SantiSuk,Nan,Tambon,7618,0.4365951418876648,0.8077239394187927,0.5231173634529114,0.5988258719444275,0.6328502297401428,5,5569,73.10317668679444,0.16236351072289454,0.7861192316068684,0.30778130380155405,0.43502450240355767,0.49220919937577423
492,THA.75.1.3_1,MuangChetTon,BanKhok,Uttaradit,Tambon,20078,0.44296491146087646,0.8169991970062256,0.5398572087287903,0.5987812876701355,0.6408920884132385,5,14238,70.9134375933858,0.17306917473612757,0.8017081458094869,0.3359159414987709,0.43494956966770937,0.5057251415156809
493,THA.32.15.2_1,AiNaLai,WiangSa,Nan,Tambon,18371,0.44808000326156616,0.8243204355239868,0.5367077589035034,0.5984072685241699,0.6404224634170532,5,13484,73.39829078438844,0.18166610333544841,0.8140129425263912,0.3306226649887611,0.4343209561417094,0.5049358433529153
494,THA.47.8.3_1,NaPhun,WangChin,Phrae,Tambon,37524,0.4468993544578552,0.8385456204414368,0.537802517414093,0.5979161262512207,0.6461708545684814,5,27763,73.98731478520413,0.17968178831982975,0.8379211936023472,0.33246262429267204,0.4334954939179262,0.5145971574046265
495,THA.19.4.5_1,SopPat,MaeMo,Lampang,Tambon,9818,0.4295140206813812,0.8211570978164673,0.5483509302139282,0.5977206826210022,0.6374548077583313,5,6463,65.82807089020167,0.15046227888080946,0.8086963246695196,0.35019132892004895,0.43316701204513675,0.49994810807865053
496,THA.20.5.2_1,ThaKhumNgoen,MaeTha,Lamphun,Tambon,20667,0.4200347065925598,0.8344735503196716,0.5338584780693054,0.5977051854133606,0.6382273435592651,5,12327,59.645812164319935,0.134530407163249,0.8310772702765679,0.3258338821388207,0.4331409659070077,0.5012465080643852
497,THA.19.1.5_1,PongDon,ChaeHom,Lampang,Tambon,22513,0.4340919554233551,0.8484707474708557,0.5280530452728271,0.5975170135498047,0.6467044949531555,5,15199,67.51210411762094,0.15815640826159458,0.8546023425896633,0.3160766982633036,0.432824705683648,0.515494046153356
498,THA.11.10.5_1,ThaKo,MaeSuai,ChiangRai,Tambon,24435,0.40360090136528015,0.8286035656929016,0.5120609998703003,0.5973362326622009,0.6421712636947632,5,13185,53.95948434622467,0.10691013060535433,0.8212115942179977,0.2891988869082693,0.4325208674646268,0.5078750498633279
499,THA.32.15.7_1,MaeSakhon,WiangSa,Nan,Tambon,9992,0.4718521535396576,0.797566294670105,0.5471524596214294,0.5972130298614502,0.6430311799049377,5,8430,84.36749399519616,0.2216199275396437,0.7690472903701617,0.34817706084558186,0.43231380066650066,0.509320309997129
500,THA.75.2.4_1,SongKhon,FakTha,Uttaradit,Tambon,17149,0.40231838822364807,0.8321059942245483,0.5093592405319214,0.5970502495765686,0.6437520980834961,5,9217,53.74657414426497,0.10475461232026412,0.8270981216126246,0.2846580432578269,0.4320402160386909,0.5105319563074029
501,THA.10.10.2_1,MaeTha,K.MaeOn,ChiangMai,Tambon,12217,0.3957349359989166,0.8164145350456238,0.5070087313652039,0.5970490574836731,0.6344762444496155,5,6407,52.4433166898584,0.09368981213321277,0.8007255051598401,0.2807075453458256,0.4320382124896041,0.494942040330241
502,THA.10.2.5_1,MueangNgai,ChiangDao,ChiangMai,Tambon,12829,0.39903420209884644,0.8267039656639099,0.5063201189041138,0.5968801975250244,0.6430992484092712,5,6476,50.47938264868657,0.09923488467471278,0.8180189387480984,0.27955019521580526,0.4317544097614514,0.5094347126499882
503,THA.11.10.4_1,SiThoi,MaeSuai,ChiangRai,Tambon,24637,0.39506635069847107,0.8441295027732849,0.5043358206748962,0.596325695514679,0.6387608647346497,5,13019,52.84328449080651,0.09256612162785158,0.8473060178800728,0.276215187583285,0.430822458903702,0.502143196458206
504,THA.19.8.2_1,BanKho,MueangPan,Lampang,Tambon,24370,0.4099993407726288,0.8196378350257874,0.5187407732009888,0.5960795879364014,0.6383576393127441,5,13805,56.64751743947476,0.11766397997412617,0.8061429015357805,0.30042557386153834,0.4304088261947213,0.5014654959795782
505,THA.20.8.1_1,TakhianPom,ThungHuaChang,Lamphun,Tambon,36119,0.4255814850330353,0.8169835209846497,0.5261121392250061,0.5958056449890137,0.6396267414093018,5,23360,64.67510174700296,0.14385287097564625,0.8016817991389948,0.3128146198175448,0.4299484106145626,0.5035984743374413
506,THA.23.2.2_1,MaeLaLuang,MaeLaNoi,MaeHongSon,Tambon,22813,0.4121261537075043,0.8528795838356018,0.5001552700996399,0.5956818461418152,0.6521491408348083,5,12868,56.40643492745364,0.12123851189997963,0.8620122685324785,0.26918894129060217,0.429740342041893,0.5246448558977372
507,THA.19.9.2_1,BanOn,Ngao,Lampang,Tambon,19474,0.4164774417877197,0.8192647695541382,0.5121682286262512,0.5955942273139954,0.6442679762840271,5,11900,61.10711718188354,0.1285517165106269,0.80551589084905,0.28937910614863166,0.42959308118400935,0.5113989921747383
508,THA.10.11.1_1,BanLuang,MaeAi,ChiangMai,Tambon,15922,0.41722965240478516,0.8083833456039429,0.5196824073791504,0.5952789187431335,0.6321981549263,5,9983,62.699409621906796,0.12981595598443083,0.7872274947842608,0.3020081772852431,0.4290631424505369,0.49111325802526595
509,THA.75.3.5_1,NaNokKok,Laplae,Uttaradit,Tambon,7334,0.43548235297203064,0.8173696994781494,0.5282876491546631,0.595079243183136,0.6681477427482605,5,4994,68.09380965366785,0.16049324773904494,0.8023308488656806,0.3164709967235962,0.4287275479784891,0.5515336867727493
510,THA.19.1.6_1,ThungPhueng,ChaeHom,Lampang,Tambon,25701,0.4223417639732361,0.8320866823196411,0.5223641991615295,0.594950258731842,0.6487902402877808,5,15815,61.53457063927473,0.13840787571103452,0.8270656641174176,0.3065154614884807,0.42851076396729165,0.5189995558131675
511,THA.19.12.3_1,MaeThot,Thoen,Lampang,Tambon,32846,0.40858161449432373,0.8532310128211975,0.5276058912277222,0.593845546245575,0.6385753154754639,5,17942,54.62461182487974,0.11528120913385972,0.8626029148032825,0.31532516700082525,0.4266540750285055,0.5018313440428375
512,THA.10.13.4_1,MaeRaem,MaeRim,ChiangMai,Tambon,10267,0.40983542799949646,0.8220969438552856,0.5175831317901611,0.5933138728141785,0.6440532207489014,5,5828,56.76439076653356,0.11738849197468396,0.810275922769594,0.2984799273432959,0.4257604921357693,0.5110380528067419
513,THA.10.8.6_1,NaKhoRuea,Hot,ChiangMai,Tambon,36226,0.40364402532577515,0.8609577417373657,0.5102750658988953,0.5931073427200317,0.6368464231491089,5,20422,56.37387511731905,0.10698260899357122,0.8755892187420797,0.2861972698438013,0.4254133772564721,0.49892559680217535
514,THA.19.9.1_1,BanHuat,Ngao,Lampang,Tambon,25680,0.42527326941490173,0.8214643001556396,0.5296986699104309,0.5930489301681519,0.6390892267227173,5,16271,63.360591900311526,0.14333485335924057,0.8092126392692015,0.3188424976002491,0.42531520335121636,0.5026950740541796
515,THA.32.1.1_1,BanFa,BanLuang,Nan,Tambon,15567,0.39938104152679443,0.8122859001159668,0.5078990459442139,0.592815637588501,0.6404331922531128,5,8273,53.14447228110747,0.09981781728153251,0.7937865134298897,0.2822038959813413,0.42492310879491935,0.504953875294697
516,THA.32.11.2_1,PaLaeoLuang,SantiSuk,Nan,Tambon,20166,0.4142487347126007,0.8321748971939087,0.506948709487915,0.5927284955978394,0.6389903426170349,5,12215,60.572250322324706,0.12480593122657475,0.8272139267498447,0.28060666664930256,0.4247766493566704,0.5025288796574252
517,THA.20.1.4_1,PaPhlu,BanHong,Lamphun,Tambon,32530,0.41685307025909424,0.8559965491294861,0.528671145439148,0.5923101902008057,0.6375011801719666,5,19411,59.67107285582539,0.12918303482789414,0.8672509483298715,0.3171155384648366,0.42407360398209387,0.5000260461381291
518,THA.32.13.2_1,PaKha,ThaWangPha,Nan,Tambon,10450,0.3850995898246765,0.8566692471504211,0.4888696074485779,0.5920664072036743,0.6309699416160583,5,5233,50.07655502392344,0.07581499868867712,0.8683815510795824,0.25022114173046134,0.42366387819383255,0.4890490014010819
519,THA.11.11.7_1,MaeYao,MuangChiangRai,ChiangRai,Tambon,28396,0.38941046595573425,0.8582009673118591,0.49631941318511963,0.5914561748504639,0.6360012888908386,5,14255,50.20073249753486,0.08306028298528012,0.8709559113012791,0.2627420212163827,0.4226382614162728,0.49750518067705135
520,THA.10.14.12_1,SopPoeng,MaeTaeng,ChiangMai,Tambon,14969,0.41595521569252014,0.813362717628479,0.5210060477256775,0.5913769006729126,0.6407817006111145,5,8955,59.82363551339434,0.12767401174440404,0.7955963193200435,0.3042328180138297,0.4225050254019971,0.5055396128702383
521,THA.10.18.4_1,MaePang,Phrao,ChiangMai,Tambon,28670,0.40656569600105286,0.8254048228263855,0.5072025656700134,0.5913283228874207,0.6396068334579468,5,16027,55.9016393442623,0.11189305736181071,0.8158354709532466,0.2810333224273478,0.4224233807767079,0.5035650150676909
522,THA.19.4.2_1,ChangNuea,MaeMo,Lampang,Tambon,40707,0.42630696296691895,0.8183066248893738,0.5275046825408936,0.591050386428833,0.6311222314834595,5,27669,67.97111061979511,0.14507218086117749,0.8039055382704924,0.3151550656833515,0.42195625330710823,0.48930495479692726
523,THA.10.18.2_1,KhueanPhak,Phrao,ChiangMai,Tambon,14719,0.40208864212036133,0.8216638565063477,0.5107084512710571,0.5908929109573364,0.6432783603668213,5,7827,53.17616685916163,0.10436847832250047,0.8095480333863405,0.2869256601143265,0.421691584472735,0.5097357459002878
524,THA.32.8.3_1,PingLuang,NaMun,Nan,Tambon,39337,0.4010736644268036,0.834449291229248,0.4976508617401123,0.5908408164978027,0.6442525386810303,5,21322,54.20342171492488,0.10266260654122714,0.8310364980526505,0.2649797851914882,0.4216040293776396,0.5113730462140635
525,THA.20.4.6_1,PhaPhai,Li,Lamphun,Tambon,23391,0.42959102988243103,0.8392942547798157,0.5287206172943115,0.5902276039123535,0.6313261389732361,5,15823,67.64567568723014,0.15059170815182013,0.8391794224288905,0.317198685751941,0.4205734037273626,0.4896476618682334
526,THA.10.13.9_1,Saluang,MaeRim,ChiangMai,Tambon,11709,0.41299551725387573,0.8290154337882996,0.5134700536727905,0.5902196168899536,0.6390231847763062,5,6957,59.41583397386626,0.12269965016029394,0.8219038204275053,0.2915670819289289,0.4205599799484807,0.502584077434768
527,THA.32.6.3_1,NamPai,MaeCharim,Nan,Tambon,5593,0.4575512111186981,0.8096156716346741,0.5274909734725952,0.5900787711143494,0.6475945115089417,5,4666,83.42571070981583,0.1975843509192183,0.7892986636527946,0.31513202486885267,0.4203232606238691,0.5169898959016
528,THA.10.18.7_1,PaTum,Phrao,ChiangMai,Tambon,10932,0.39987021684646606,0.808707594871521,0.5176210403442383,0.5899027585983276,0.6327962279319763,5,5696,52.10391511159897,0.10063997364932241,0.7877724601358848,0.29854364020425783,0.42002743660119535,0.49211843860213983
529,THA.11.17.2_1,MaeChedi,WiangPaPao,ChiangRai,Tambon,15637,0.37655454874038696,0.828393280506134,0.47879305481910706,0.5895609855651855,0.6269623637199402,5,7175,45.88476050393298,0.061453358479210074,0.820858168159077,0.23328549192038778,0.41945301907799476,0.4823134700809013
530,THA.11.17.5_1,SanSali,WiangPaPao,ChiangRai,Tambon,43958,0.40034326910972595,0.827109694480896,0.498095840215683,0.5895209908485413,0.6378394365310669,5,24376,55.45293234451067,0.10143503201571263,0.8187008466798086,0.265727659976883,0.41938580000613085,0.5005945531915235
531,THA.19.8.3_1,MueangPan,MueangPan,Lampang,Tambon,15275,0.395292192697525,0.8065274953842163,0.4894788861274719,0.5894564986228943,0.6386420130729675,5,7902,51.731587561374795,0.09294569400235578,0.784108369565849,0.2512451556687516,0.41927740800053215,0.5019434426142468
532,THA.32.9.1_1,BuaYai,NaNoi,Nan,Tambon,9451,0.425247460603714,0.8191763758659363,0.5146392583847046,0.5885350108146667,0.6458567380905151,5,6240,66.02475928473177,0.1432914765215102,0.8053673276842599,0.2935321628733138,0.4177286645563952,0.514069222220241
533,THA.23.2.6_1,ThaPhaPum,MaeLaNoi,MaeHongSon,Tambon,12494,0.4032331109046936,0.864646852016449,0.4983673393726349,0.5884523391723633,0.6470367908477783,5,6909,55.298543300784374,0.10629198562333317,0.8817895019237076,0.2661839682814137,0.417589718427222,0.5160525354613161
534,THA.10.8.1_1,BanTan,Hot,ChiangMai,Tambon,29048,0.42009222507476807,0.8615405559539795,0.5336689352989197,0.5881294012069702,0.6332806348800659,5,17706,60.95428256678601,0.1346270784066896,0.8765687538906419,0.32551531783401116,0.41704695697959365,0.4929325807735823
535,THA.47.3.9_1,SuanKhuean,MuangPhrae,Phrae,Tambon,9957,0.38891369104385376,0.8172504901885986,0.5052127838134766,0.5878493785858154,0.6407278180122375,5,4790,48.106859495832076,0.08222535399206153,0.8021304939569954,0.27768909846902806,0.416576323299092,0.5054490524515126
536,THA.11.13.8_1,PaHung,Phan,ChiangRai,Tambon,23513,0.39009666442871094,0.8243873119354248,0.500867486000061,0.5875837206840515,0.6314148902893066,5,12194,51.86067281929145,0.08421357592839956,0.8141253416301637,0.27038596169254214,0.41612983238508694,0.48979682609774955
537,THA.23.2.3_1,MaeLaNoi,MaeLaNoi,MaeHongSon,Tambon,38745,0.40263399481773376,0.8634122610092163,0.49244558811187744,0.5875497460365295,0.6422165632247925,5,21470,55.413601755065166,0.1052850519410083,0.8797145263119089,0.25623128810374696,0.41607273123611166,0.5079511847286283
538,THA.23.4.5_1,PangMu,MuangMaeHongSon,MaeHongSon,Tambon,43666,0.3977564573287964,0.8851247429847717,0.4880732297897339,0.5865343809127808,0.6412783861160278,5,22764,52.13209361974992,0.09708738058596998,0.9162066684925677,0.24888267076298956,0.4143662083013851,0.5063743915972754
539,THA.47.1.5_1,SaiYoi,DenChai,Phrae,Tambon,25114,0.4086540639400482,0.8396551609039307,0.5108507871627808,0.5862955451011658,0.6366733312606812,5,14615,58.19463247590985,0.11540297482961318,0.8397859969149352,0.2871648838752967,0.41396479724183416,0.4986346814747644
540,THA.75.2.2_1,FakTha,FakTha,Uttaradit,Tambon,30345,0.39285627007484436,0.8456487655639648,0.48705703020095825,0.5861113667488098,0.6408771276473999,5,14769,48.67029164607019,0.08885164179828148,0.8498594410138118,0.24717474534390219,0.4136552489079155,0.5056999969746409
541,THA.32.7.2_1,Bo,MuangNan,Nan,Tambon,15660,0.43694785237312317,0.8675146102905273,0.5236380100250244,0.5857940912246704,0.6398900151252747,5,11384,72.69476372924649,0.162956310808967,0.8866093397844943,0.3086563538652369,0.4131220043184497,0.5040409581532727
542,THA.10.2.2_1,MaeNa,ChiangDao,ChiangMai,Tambon,26408,0.39065220952033997,0.8430966734886169,0.4929233491420746,0.5856916904449463,0.6343790292739868,5,13391,50.70811875189336,0.08514727989159998,0.8455701429512238,0.2570342604890303,0.4129498994518891,0.4947786509022082
543,THA.20.4.3_1,MaeLan,Li,Lamphun,Tambon,17485,0.4128051698207855,0.8163334727287292,0.5298190712928772,0.5856605768203735,0.6282568573951721,5,11040,63.139834143551624,0.12237973345985077,0.8005892638219342,0.3190448560580212,0.41289760682072224,0.4844891240343144
544,THA.19.12.1_1,MaeMok,Thoen,Lampang,Tambon,24045,0.39206844568252563,0.8195576071739197,0.5051652789115906,0.5856313109397888,0.6317311525344849,5,11942,49.66521106259098,0.08752754629550787,0.8060080626822353,0.27760925703791695,0.41284841969064,0.4903283676704915
545,THA.75.7.3_1,NamMan,ThaPla,Uttaradit,Tambon,26146,0.40273022651672363,0.8214234709739685,0.5054659247398376,0.5855890512466431,0.641028106212616,5,14078,53.843800198883194,0.10544678844104446,0.8091440177129767,0.27811455211762115,0.4127773938755111,0.5059537464664907
546,THA.47.5.7_1,PhaiThon,RongKwang,Phrae,Tambon,14378,0.3899781107902527,0.8396793007850647,0.49494338035583496,0.5855465531349182,0.6368008255958557,5,7114,49.478369731534286,0.08401432297171209,0.8398265687839439,0.26042932450542894,0.4127059673505648,0.49884896104960325
547,THA.47.6.6_1,Sa-iap,Song,Phrae,Tambon,74168,0.41944456100463867,0.8536959886550903,0.5146487355232239,0.5837355256080627,0.6353695392608643,5,47226,63.67436091036566,0.13353855018780267,0.8633843991246093,0.2935480910885543,0.40966217557781853,0.49644339983847385
548,THA.10.8.4_1,HangDong,Hot,ChiangMai,Tambon,22361,0.39728114008903503,0.859451949596405,0.5073921084403992,0.5834527015686035,0.6291996240615845,5,12038,53.834801663610754,0.09628851547631474,0.873058435713022,0.28135188673215733,0.4091868335569628,0.48607363082965166
549,THA.41.1.7_1,RomYen,ChiangKham,Phayao,Tambon,24487,0.36737939715385437,0.8153247833251953,0.4735414683818817,0.5832947492599487,0.6268486380577087,5,9824,40.11924694735982,0.04603269231115999,0.798893960762094,0.22445915695062232,0.40892136330295487,0.4821223314980156
550,THA.23.7.2_1,MaeKhatuan,SopMoei,MaeHongSon,Tambon,16389,0.38433653116226196,0.8713414669036865,0.4686475098133087,0.5832776427268982,0.6396653056144714,5,7478,45.62816523277809,0.07453252691818286,0.893041133063108,0.21623388670691263,0.4088926123735585,0.503663289150401
551,THA.75.3.4_1,MaePhun,Laplae,Uttaradit,Tambon,12558,0.39932137727737427,0.8006913661956787,0.49474477767944336,0.582654595375061,0.6380369067192078,5,6623,52.73928969581143,0.09971753964973554,0.7742995943013454,0.2600955332275593,0.4078454574433151,0.5009264410977605
552,THA.10.18.3_1,LongKhot,Phrao,ChiangMai,Tambon,29998,0.39432916045188904,0.8150352239608765,0.49430739879608154,0.5820519924163818,0.6348524689674377,5,15722,52.41016067737849,0.09132712687254202,0.7984072986888975,0.25936043106759316,0.4068326633799112,0.4955743604220516
553,THA.10.24.2_1,PiangLuang,WiangHaeng,ChiangMai,Tambon,35111,0.38773947954177856,0.8224947452545166,0.4884214401245117,0.5817784070968628,0.6329929828643799,5,18266,52.02358235310871,0.08025185814151188,0.8109445070998768,0.24946790745125916,0.40637284886447855,0.49244912437892485
554,THA.10.2.6_1,PingKhong,ChiangDao,ChiangMai,Tambon,33492,0.41002368927001953,0.8196461796760559,0.506955623626709,0.5814825296401978,0.6341707110404968,5,20067,59.91580078824794,0.11770490246422513,0.8061569263793884,0.28061828723400634,0.40587556798112173,0.4944285306992807
555,THA.47.7.2_1,BanKwang,SungMen,Phrae,Tambon,4570,0.37913867831230164,0.8177424073219299,0.4703521728515625,0.5811428427696228,0.6294131278991699,5,2029,44.39824945295405,0.0657965019235073,0.8029572584876851,0.21909891181238444,0.40530465666882315,0.48643246647110694
556,THA.32.9.4_1,NamTok,NaNoi,Nan,Tambon,12565,0.4441555440425873,0.8027580380439758,0.5178630948066711,0.5810571312904358,0.6409729719161987,5,9866,78.51969757262236,0.17507026947534862,0.7777730471757671,0.2989504608463432,0.40516060148947847,0.5058610823212238
557,THA.10.14.2_1,BanChang,MaeTaeng,ChiangMai,Tambon,4800,0.4108031690120697,0.8057872653007507,0.5048425197601318,0.5809099674224854,0.6259832978248596,5,2981,62.10416666666667,0.11901497312339078,0.7828642657603679,0.27706679612265167,0.4049132633547065,0.4806679552158694
558,THA.19.1.4_1,MueangMai,ChaeHom,Lampang,Tambon,16092,0.40192121267318726,0.8185073137283325,0.4901774823665619,0.5806106925010681,0.6340469121932983,5,8685,53.970917225950785,0.10408707985325205,0.8042428357592639,0.25241928552237436,0.4044102723564522,0.4942204621266111
559,THA.20.4.1_1,Ko,Li,Lamphun,Tambon,53944,0.38987213373184204,0.9124480485916138,0.4978637397289276,0.5803106427192688,0.6300851106643677,5,29470,54.63072816253893,0.0838362074578909,0.962128915160315,0.26533756896967287,0.40390597905129144,0.4875618670913656
560,THA.32.1.2_1,BanPhi,BanLuang,Nan,Tambon,22944,0.39067259430885315,0.8146510124206543,0.49626198410987854,0.5802477598190308,0.6354585289955139,5,11504,50.139470013947,0.08518154058098516,0.797761554818205,0.2626455002391236,0.40380029183696,0.4965929647778074
561,THA.32.15.12_1,YapHuaNa,WiangSa,Nan,Tambon,39250,0.40375402569770813,0.8365277647972107,0.49727898836135864,0.5800520181655884,0.6391652226448059,5,22092,56.28535031847134,0.10716748648556053,0.8345297860630321,0.2643547780538446,0.4034713090768988,0.5028228003084664
562,THA.32.11.3_1,Phong,SantiSuk,Nan,Tambon,14837,0.40145543217658997,0.8309049010276794,0.49442973732948303,0.5798879861831665,0.6308022737503052,5,8464,57.046572757295955,0.10330424313629162,0.8250794457301664,0.2595660452926314,0.40319562072254794,0.4887672022220161
563,THA.10.2.4_1,MueangNa,ChiangDao,ChiangMai,Tambon,65883,0.3922968804836273,0.8151180148124695,0.4897455871105194,0.5798347592353821,0.6319398880004883,5,34021,51.63851069319855,0.08791147638927596,0.7985464451729795,0.2516933996882077,0.40310616225581997,0.4906791891155994
564,THA.20.5.1_1,ThaKat,MaeTha,Lamphun,Tambon,18289,0.3907315135002136,0.8243012428283691,0.49036598205566406,0.5794762372970581,0.6305921673774719,5,9464,51.74695171961288,0.08528056599460283,0.8139806853860929,0.25273609672173286,0.40250359486794907,0.48841407669545833
565,THA.47.1.2_1,HuaiRai,DenChai,Phrae,Tambon,18704,0.40386608242988586,0.826749324798584,0.5015931725502014,0.578249990940094,0.6356139183044434,5,10862,58.07313943541489,0.10735582009972465,0.8180951737908532,0.2716056221991636,0.4004426440997583,0.4968541274012786
566,THA.19.9.4_1,BanRong,Ngao,Lampang,Tambon,29064,0.39434948563575745,0.8205432891845703,0.48269888758659363,0.578217089176178,0.6370301842689514,5,15119,52.019680704651805,0.09136128738447286,0.8076646972446992,0.2398500203260055,0.4003873461449612,0.4992344438939137
567,THA.10.19.4_1,SamoengTai,Samoeng,ChiangMai,Tambon,27298,0.3935423493385315,0.8297190070152283,0.4807588756084442,0.576931893825531,0.6394332647323608,5,13578,49.73990768554473,0.09000473438649223,0.8230863150985656,0.23658944454206182,0.39822731987442556,0.5032732983206452
568,THA.32.13.4_1,PhaTo,ThaWangPha,Nan,Tambon,20590,0.39544540643692017,0.843883216381073,0.4907081425189972,0.5768784284591675,0.6365935802459717,5,10764,52.27780475959204,0.09320320014874349,0.846892084638729,0.2533111653983867,0.39813746069788025,0.498500644040854
569,THA.32.9.6_1,Sathan,NaNoi,Nan,Tambon,38063,0.38708892464637756,0.9014804363250732,0.4824513792991638,0.5767993927001953,0.6319357752799988,5,18281,48.02826892257573,0.07915847131608932,0.9436956624965464,0.23943403344684774,0.3980046253934219,0.49067227687124976
570,THA.10.2.7_1,ThungKhaoPhuang,ChiangDao,ChiangMai,Tambon,22104,0.3871038258075714,0.8360841274261475,0.4816494584083557,0.5763955116271973,0.6322200894355774,5,10788,48.80564603691639,0.07918351567967498,0.8337841652703599,0.2380862459761221,0.3973258229627963,0.49115012332846403
571,THA.11.17.3_1,MaeChediMai,WiangPaPao,ChiangRai,Tambon,26941,0.3788030743598938,0.8284502029418945,0.47723400592803955,0.576367199420929,0.6264497637748718,5,12911,47.92323967187558,0.06523245276683116,0.8209538376279742,0.23066520033587498,0.39727823867198353,0.48145194397355473
572,THA.32.14.2_1,Ngop,ThungChang,Nan,Tambon,15375,0.4007033109664917,0.8382062315940857,0.4947042763233185,0.5763634443283081,0.6307055950164795,5,8807,57.28130081300813,0.10204015392866925,0.8373507831773203,0.2600274626473335,0.39727192749235996,0.48860471439107234
573,THA.75.1.2_1,BoBia,BanKhok,Uttaradit,Tambon,46099,0.39972996711730957,0.8171144723892212,0.4937736988067627,0.5762176513671875,0.6333476305007935,5,25725,55.80381353174689,0.10040425609925421,0.8019018890061855,0.2584634421414093,0.3970268934390379,0.49304518023226346
574,THA.47.5.2_1,HuaiRong,RongKwang,Phrae,Tambon,17665,0.38933494687080383,0.7908805012702942,0.4874992370605469,0.5762072205543518,0.6308774352073669,5,8965,50.750070761392585,0.08293335815062802,0.7578104854940041,0.2479179618776701,0.39700936238452794,0.48889352599194214
575,THA.10.8.3_1,BoSali,Hot,ChiangMai,Tambon,20236,0.40307843685150146,0.8022233843803406,0.49120649695396423,0.5737279057502747,0.6301347613334656,5,11868,58.647954141134605,0.10603202512931406,0.7768744554103139,0.25414874909414537,0.39284238099369223,0.48764531491083307
576,THA.32.14.1_1,Lae,ThungChang,Nan,Tambon,20574,0.3858725428581238,0.8319182991981506,0.4789128303527832,0.5733755826950073,0.6327552199363708,5,10056,48.87722368037329,0.07711409991659225,0.8267826628088997,0.23348679851488927,0.392250232061073,0.4920495165135521
577,THA.75.5.3_1,HuaiMun,NamPat,Uttaradit,Tambon,28406,0.40859732031822205,0.8120291233062744,0.5102672576904297,0.5730797052383423,0.6229307055473328,5,17341,61.046961909455746,0.115307605893079,0.7933549489565817,0.2861841465972824,0.3917529511777162,0.47553746706916633
578,THA.32.7.7_1,Saniang,MuangNan,Nan,Tambon,51566,0.39987319707870483,0.8257040977478027,0.4940556287765503,0.572993278503418,0.6295478343963623,5,28764,55.7809409300702,0.10064498252203954,0.8163384619515008,0.2589372815004499,0.3916076938689194,0.48665886751792126
579,THA.19.8.1_1,NA,MueangPan,Lampang,Tambon,44521,0.38158586621284485,0.8195481300354004,0.4735417366027832,0.5728508234024048,0.6299481391906738,5,21173,47.55733249477775,0.06990948766645236,0.8059921344669948,0.22445960774916687,0.3913682697530405,0.4873316593012863
580,THA.32.6.5_1,NongDaeng,MaeCharim,Nan,Tambon,21284,0.3851110637187958,0.8207379579544067,0.47552597522735596,0.5728206634521484,0.6365530490875244,5,10417,48.94286788197707,0.07583428284863808,0.8079918768105823,0.22779451520423277,0.3913175799611432,0.49843252337190097
581,THA.32.12.1_1,ChonDaen,SongKwae,Nan,Tambon,24149,0.38894155621528625,0.8067634105682373,0.49321338534355164,0.5725506544113159,0.6314098238945007,5,12844,53.186467348544454,0.08227218695196671,0.7845048719301371,0.25752172398186146,0.39086377609297107,0.48978831101413045
582,THA.23.5.5_1,ThungYao,Pai,MaeHongSon,Tambon,43937,0.36553800106048584,0.8602519035339355,0.4476461410522461,0.5722689032554626,0.6254245638847351,5,17849,40.62407538065867,0.04293786012542618,0.8744029173277544,0.18093691164528847,0.3903902372662935,0.47972889175886163
583,THA.32.14.3_1,Pon,ThungChang,Nan,Tambon,15884,0.3963888883590698,0.8268423676490784,0.48206058144569397,0.5717697143554688,0.638444185256958,5,8537,53.74590783178041,0.09478890907353285,0.818251550797082,0.23877721996745035,0.38955125108617406,0.5016109536432837
584,THA.10.3.1_1,BanLuang,ChomThong,ChiangMai,Tambon,38283,0.36868786811828613,0.824425458908081,0.46443337202072144,0.5712745785713196,0.6262050867080688,5,16538,43.19933129587545,0.04823183787761641,0.814189455200943,0.2091511904187077,0.3887190769729499,0.48104071552347827
585,THA.47.3.7_1,PaDaeng,MuangPhrae,Phrae,Tambon,19716,0.38023221492767334,0.8205505013465881,0.45636630058288574,0.570789098739624,0.6349517107009888,5,8651,43.87806857374721,0.06763440758960422,0.8076768187166747,0.19559287321561414,0.3879031316073292,0.49574115588353207
586,THA.32.12.2_1,NaRaiLuang,SongKwae,Nan,Tambon,19369,0.39400625228881836,0.8327643871307373,0.48229071497917175,0.5704452395439148,0.636572539806366,5,10228,52.806030254530434,0.09078441551364086,0.8282046817732932,0.2391640051186672,0.3873252078732266,0.49846528139947105
587,THA.23.4.4_1,MokChampae,MuangMaeHongSon,MaeHongSon,Tambon,21302,0.3798018991947174,0.8245875239372253,0.4668380618095398,0.5704179406166077,0.6284387707710266,5,9994,46.915782555628574,0.06691117645797766,0.8144618376993006,0.21319274963670645,0.3872793265991377,0.48479486562496804
588,THA.10.3.3_1,DoiKaeo,ChomThong,ChiangMai,Tambon,15406,0.37097686529159546,0.8164920210838318,0.47415974736213684,0.5703741312026978,0.6243500709533691,5,6986,45.3459691029469,0.05207895265673614,0.8008557358504855,0.22549829768451835,0.3872056961701959,0.4779229927894272
589,THA.10.7.2_1,BanPong,HangDong,ChiangMai,Tambon,13240,0.37652310729026794,0.8019548654556274,0.47102344036102295,0.5702875256538391,0.6282773017883301,5,5959,45.007552870090635,0.06140051487204434,0.7764231559785003,0.22022711030319106,0.3870601383290361,0.4845234849011539
590,THA.32.15.6_1,MaeKhaning,WiangSa,Nan,Tambon,30509,0.38154441118240356,0.8241944909095764,0.48318102955818176,0.5699543356895447,0.6255569458007812,5,14952,49.008489298239866,0.06983981424695707,0.8138012675653653,0.24066035575418296,0.3865001463592608,0.4799513858849566
591,THA.23.4.2_1,HuaiPong,MuangMaeHongSon,MaeHongSon,Tambon,52442,0.3822888433933258,0.8187879920005798,0.4703402519226074,0.5697461366653442,0.628844141960144,5,25457,48.54315243507112,0.07109098056296924,0.8047145713917634,0.21907887632151593,0.38615022651124203,0.48547617249195224
592,THA.23.1.3_1,MaeKi,KhunYuam,MaeHongSon,Tambon,18165,0.39341893792152405,0.8297343850135803,0.46982747316360474,0.5696970224380493,0.6378316283226013,5,9250,50.92210294522433,0.08979731696727583,0.823112160881786,0.21821704968180636,0.3860676802888637,0.5005814299450045
593,THA.32.9.2_1,ChiangKhong,NaNoi,Nan,Tambon,27186,0.37975752353668213,0.8771249651908875,0.47354641556739807,0.5696964263916016,0.6244019865989685,5,12696,46.7005076142132,0.06683659434321958,0.902761451635427,0.22446747167933276,0.38606667851432025,0.47801024735215963
594,THA.32.15.9_1,NamMuap,WiangSa,Nan,Tambon,34372,0.392727792263031,0.8688600659370422,0.47847074270248413,0.5694559812545776,0.633814811706543,5,17844,51.91434888863028,0.08863570929544595,0.8888706454613703,0.23274378233603005,0.38566256266350213,0.4938303711194009
595,THA.75.5.5_1,NamPhai,NamPat,Uttaradit,Tambon,33286,0.3849650025367737,0.7957478165626526,0.4890986979007721,0.5694327354431152,0.6279767751693726,5,17569,52.78195036952472,0.07558879799677148,0.7659909764156226,0.2506061737762272,0.38562349345630853,0.4840183901763584
596,THA.10.10.4_1,ThaNuea,K.MaeOn,ChiangMai,Tambon,11659,0.3730374872684479,0.810232937335968,0.469632625579834,0.5692519545555115,0.6205179691314697,5,5626,48.254567287074366,0.05554223751954212,0.7903361013699668,0.21788956958356032,0.38531965523728734,0.4714823838948313
597,THA.32.10.11_1,Uan,Pua,Nan,Tambon,27505,0.3671036958694458,0.8145391345024109,0.4521605968475342,0.5678015351295471,0.6282528638839722,5,11559,42.02508634793674,0.045569321496098186,0.7975735217364038,0.1885243520371987,0.38288193706331397,0.4844824121448734
598,THA.23.1.2_1,KhunYuam,KhunYuam,MaeHongSon,Tambon,56323,0.3951449692249298,0.8386147618293762,0.4758583605289459,0.5673608779907227,0.6264281272888184,5,30783,54.65440406228361,0.09269825569012949,0.8380373994493846,0.22835315477837442,0.38214132514335897,0.48141557955762837
599,THA.11.18.3_1,Po,WiengKaen,ChiangRai,Tambon,29268,0.3661724925041199,0.8318272233009338,0.4515703320503235,0.566418468952179,0.6264843940734863,5,12113,41.386497198305314,0.0440042491269034,0.8266295916586641,0.1875322947068437,0.38055741941274773,0.48151014707452783
600,THA.32.9.5_1,Santha,NaNoi,Nan,Tambon,15133,0.3905336856842041,0.8021742105484009,0.4794533848762512,0.5663304328918457,0.6212508678436279,5,8006,52.904248992268556,0.08494807702363967,0.7767918090104812,0.23439530784832252,0.38040945731268366,0.4727141658734282
601,THA.10.12.7_1,ThaPha,MaeChaem,ChiangMai,Tambon,49576,0.3783877491950989,0.858353853225708,0.46886566281318665,0.565339207649231,0.6225132346153259,5,23829,48.06559625625302,0.06453441626497178,0.871212866471668,0.21660053618980663,0.3787435062469659,0.4748358241789506
602,THA.23.1.4_1,MaeNgao,KhunYuam,MaeHongSon,Tambon,31834,0.3912605047225952,0.8074030876159668,0.47095948457717896,0.5653024911880493,0.6322401762008667,5,16267,51.09945341458818,0.08616964090189362,0.7855799763701421,0.22011961989468143,0.3786817969350908,0.4911838831305775
603,THA.10.10.1_1,HuaiKaeo,K.MaeOn,ChiangMai,Tambon,9719,0.3752206563949585,0.8056624531745911,0.4699959456920624,0.5651572346687317,0.6279214024543762,5,4291,44.15063278115032,0.05921148722847652,0.7826544941709744,0.21850020125650577,0.37843766447885785,0.4839253253212741
604,THA.32.12.3_1,Yot,SongKwae,Nan,Tambon,16077,0.37320181727409363,0.795095682144165,0.4745469391345978,0.5645610094070435,0.6193834543228149,5,7109,44.218448715556384,0.055818426761164726,0.76489493488766,0.22614905042792804,0.3774355894030686,0.46957560622887384
605,THA.23.4.6_1,PhaBong,MuangMaeHongSon,MaeHongSon,Tambon,51941,0.37487590312957764,0.8765992522239685,0.4484032690525055,0.5643624067306519,0.6284511685371399,5,22910,44.10773762538265,0.05863206083255879,0.9018778864881251,0.18220941575907562,0.37710179812519895,0.48481570253547135
606,THA.10.17.4_1,Omkoi,Omkoi,ChiangMai,Tambon,59355,0.3974892795085907,0.8195863962173462,0.4861719310283661,0.5643215775489807,0.6195316910743713,5,35793,60.303260045489004,0.09663833514687918,0.8060564483926828,0.2456871602356414,0.3770331765689743,0.46982474755782394
607,THA.23.1.1_1,NA,KhunYuam,MaeHongSon,Tambon,43132,0.38133129477500916,0.8246237635612488,0.4666047990322113,0.5641483068466187,0.6251148581504822,5,21004,48.69702309190392,0.06948162975895501,0.8145227455915408,0.2128007051691366,0.3767419607092003,0.47920836970609737
608,THA.32.10.9_1,SilaLaeng,Pua,Nan,Tambon,2360,0.4737517833709717,0.7393277287483215,0.5067022442817688,0.5634956955909729,0.6026561260223389,5,2317,98.17796610169492,0.22481263309827026,0.6711658031036177,0.2801924328755958,0.3756451177616029,0.4414620057970689
609,THA.10.24.1_1,MueangHaeng,WiangHaeng,ChiangMai,Tambon,41289,0.3713948428630829,0.8193565011024475,0.4542000889778137,0.562678337097168,0.6259949207305908,5,18041,43.69444646273826,0.052781447055313784,0.8056700639512833,0.19195212399244022,0.3742713843302025,0.4806874898194662
610,THA.23.5.2_1,MaeNaToeng,Pai,MaeHongSon,Tambon,39959,0.36703288555145264,0.8203579187393188,0.4564303755760193,0.5613747239112854,0.6251408457756042,5,17412,43.574664030631396,0.045450310680339154,0.8073531453616937,0.19570056397903246,0.372080403226275,0.4792520470761908
611,THA.10.19.1_1,BoKaeo,Samoeng,ChiangMai,Tambon,22699,0.3732718825340271,0.7822636961936951,0.47109586000442505,0.5608989000320435,0.615595281124115,5,11021,48.55279968280541,0.05593618535874448,0.7433282316295086,0.22034882591021737,0.37128068660825786,0.46320882811812847
612,THA.10.17.2_1,MaeTuen,Omkoi,ChiangMai,Tambon,49069,0.36998602747917175,0.8556745648384094,0.4511704742908478,0.5607775449752808,0.626336932182312,5,21232,43.26968146895188,0.05041365274447156,0.8667097897215127,0.1868602542543862,0.37107672531121627,0.48126230805248416
613,THA.10.19.3_1,SamoengNuea,Samoeng,ChiangMai,Tambon,14920,0.36987799406051636,0.7991407513618469,0.46067607402801514,0.5606794357299805,0.6168290376663208,5,6760,45.30831099195711,0.05023208110847555,0.7716934778266221,0.20283630422931181,0.37091183322136834,0.4652824012455664
614,THA.10.19.2_1,MaeSap,Samoeng,ChiangMai,Tambon,19125,0.37759652733802795,0.8146953582763672,0.4653315246105194,0.560607373714447,0.6180319786071777,5,9038,47.257516339869284,0.06320461064730062,0.7978360868442359,0.2106607143894695,0.3707907186790681,0.4673041826291092
615,THA.32.14.4_1,ThungChang,ThungChang,Nan,Tambon,18345,0.3770429790019989,0.8324363231658936,0.46376028656959534,0.5605384707450867,0.6166731119155884,5,8436,45.98528209321341,0.062274262628820694,0.8276533050645914,0.20801993651554362,0.370674913541848,0.4650203370250061
616,THA.23.7.5_1,PaPong,SopMoei,MaeHongSon,Tambon,10707,0.3751610517501831,0.8176039457321167,0.444566547870636,0.5601481795310974,0.6297017335891724,5,4601,42.971887550200805,0.059111309774133904,0.8027245462612471,0.17576104311176818,0.37001895157081255,0.4869175257050339
617,THA.23.4.1_1,HuaiPha,MuangMaeHongSon,MaeHongSon,Tambon,55261,0.37010228633880615,0.8476983904838562,0.43974825739860535,0.5597711801528931,0.6271368861198425,5,23481,42.491087747235845,0.05060904886916684,0.8533042431362916,0.16766294814634644,0.36938532917209543,0.4826067896672165
618,THA.10.19.5_1,YangMoen,Samoeng,ChiangMai,Tambon,24246,0.37738126516342163,0.8012467622756958,0.4660753011703491,0.5597529411315918,0.6175622940063477,5,12053,49.71129258434381,0.06284281977094225,0.77523304782091,0.2119107787534839,0.3693546748710666,0.4665147842888893
619,THA.23.2.5_1,MaeTho,MaeLaNoi,MaeHongSon,Tambon,24246,0.3805597126483917,0.8286314606666565,0.46402809023857117,0.5593718886375427,0.631547212600708,5,11363,46.86546234430421,0.06818483261248977,0.8212584772666301,0.20847003381790505,0.3687142404054542,0.4900192200463902
620,THA.41.9.5_1,PhaChangNoi,Pong,Phayao,Tambon,52195,0.36671707034111023,0.802415132522583,0.45440587401390076,0.5592355728149414,0.6189330220222473,5,21957,42.06724782067248,0.044919520438504765,0.7771967262809341,0.1922979866535581,0.36848513456737264,0.46881856520640663
621,THA.10.17.3_1,MonChong,Omkoi,ChiangMai,Tambon,32613,0.36491474509239197,0.8659078478813171,0.45423147082328796,0.5591331124305725,0.6180514097213745,5,14096,43.22202802563395,0.04189035457409255,0.8839088561477801,0.1920048674221516,0.3683129295233577,0.4673368404792249
622,THA.11.7.1_1,NA,MaeFaLuang,ChiangRai,Tambon,57851,0.37040191888809204,0.8667111396789551,0.454797625541687,0.5591126680374146,0.6253544092178345,5,25157,43.48585158424228,0.05111264093214721,0.8852589476999557,0.192956402972225,0.36827856865651815,0.4796109828951004
623,THA.11.7.2_1,MaeFaLuang,MaeFaLuang,ChiangRai,Tambon,20251,0.3839269280433655,0.8185760974884033,0.46446067094802856,0.5589560866355896,0.6260793209075928,5,9877,48.77290010369858,0.07384410745194037,0.8043584405415753,0.2091970716927966,0.3680154024839601,0.48082934109481534
624,THA.10.15.2_1,MaeWin,MaeWang,ChiangMai,Tambon,48861,0.3692149817943573,0.8267286419868469,0.46321550011634827,0.5575850605964661,0.6156720519065857,5,22566,46.18407318720452,0.04911775719509539,0.8180604122141962,0.20710431458285206,0.3657111206791711,0.46333785667932176
625,THA.23.6.1_1,PangMapha,PangMaPha,MaeHongSon,Tambon,25777,0.3701862096786499,0.8069005012512207,0.4442162811756134,0.5572221875190735,0.6226409077644348,5,11155,43.27501260813904,0.05075009872488125,0.784735280075125,0.17517235030132378,0.3651012403371332,0.4750504042861525
626,THA.10.2.3_1,MueangKhong,ChiangDao,ChiangMai,Tambon,44945,0.3715263903141022,0.8438955545425415,0.44222477078437805,0.5571744441986084,0.6263225674629211,5,18389,40.91445099566136,0.05300253869704795,0.8469128213717779,0.17182522119682805,0.36502099819620476,0.4812381652859876
627,THA.11.10.6_1,Wawi,MaeSuai,ChiangRai,Tambon,60333,0.36793053150177,0.8470284342765808,0.4544503390789032,0.5565090775489807,0.6167820692062378,5,25915,42.953275984950196,0.046958983142739046,0.8521782485494805,0.1923727190344977,0.3639027172733781,0.4652034614115444
628,THA.10.8.2_1,BoLuang,Hot,ChiangMai,Tambon,32314,0.4028909504413605,0.8374494910240173,0.48203039169311523,0.5562509298324585,0.6123161315917969,5,20000,61.89267809618122,0.10571691694667935,0.8360789302169863,0.23872648008682582,0.3634688487186202,0.4576975654674691
629,THA.32.8.2_1,MueangLi,NaMun,Nan,Tambon,7320,0.3616308867931366,0.8106380105018616,0.4240768551826477,0.5562201738357544,0.6206939220428467,5,2802,38.278688524590166,0.0363711779045401,0.7910169073496792,0.14132404140694826,0.36341715715217937,0.47177810774005075
630,THA.23.7.3_1,MaeSamLaep,SopMoei,MaeHongSon,Tambon,27388,0.3761162757873535,0.8783507943153381,0.44101768732070923,0.554746687412262,0.6299742460250854,5,12278,44.82985249014167,0.06071675365742877,0.9048217011614373,0.16979647748020843,0.3609406703033754,0.4873755370262884
631,THA.10.12.5_1,MaeNaChon,MaeChaem,ChiangMai,Tambon,80209,0.3712235391139984,0.8418480157852173,0.4490310251712799,0.5543521642684937,0.623423159122467,5,35610,44.39651410689574,0.05249353705153308,0.8434715254602002,0.18326448470821213,0.3602775957330816,0.47636513319694507
632,THA.10.12.2_1,BanChan,MaeChaem,ChiangMai,Tambon,64372,0.3784991204738617,0.8069266676902771,0.4625064730644226,0.5536822080612183,0.616477370262146,5,31982,49.68309202758964,0.06472159783841096,0.7847792579775815,0.2059126536747194,0.3591516011462705,0.4646913542649449
633,THA.32.6.1_1,MaeCharim,MaeCharim,Nan,Tambon,30180,0.365263432264328,0.8462077975273132,0.4481886029243469,0.553390622138977,0.6181245446205139,5,13212,43.77733598409543,0.04247639268199689,0.8507990053580913,0.18184862665726068,0.3586615330396264,0.4674597582157033
634,THA.23.3.3_1,MaeKhong,MaeSariang,MaeHongSon,Tambon,105113,0.3727133572101593,0.8717237114906311,0.43668243288993835,0.5530579090118408,0.6278192400932312,5,45582,43.364759829897345,0.05499747252282693,0.8936835710778073,0.1625102206047793,0.35810234248948586,0.48375362116453086
635,THA.32.3.1_1,Pon,Chalermphrakiet,Nan,Tambon,64235,0.36373981833457947,0.8243034482002258,0.4304687976837158,0.5530202984809875,0.6260614395141602,5,25696,40.003113567369816,0.03991565659409077,0.8139843919519036,0.15206697143319675,0.35803913051579567,0.48079928785851256
636,THA.32.6.4_1,NamPhang,MaeCharim,Nan,Tambon,40609,0.3652219772338867,0.8576132655143738,0.436674028635025,0.5522121787071228,0.6220911741256714,5,16132,39.72518407249625,0.04240671926250159,0.8699681616014608,0.162496095583717,0.3566809245898184,0.47412646762475047
637,THA.23.2.4_1,MaeNaChang,MaeLaNoi,MaeHongSon,Tambon,37450,0.3667764365673065,0.8216748237609863,0.4454680383205414,0.5518502593040466,0.6137193441390991,5,16023,42.78504672897196,0.04501929718303002,0.8095664660379396,0.17727617701997317,0.35607264708705,0.4600559430976031
638,THA.11.11.3_1,HuaiChomphu,MuangChiangRai,ChiangRai,Tambon,27101,0.3612901568412781,0.863875687122345,0.4323558509349823,0.550957977771759,0.6161658763885498,5,10554,38.9432124275857,0.0357985134867905,0.8804934060194228,0.15523853954895703,0.3545729905955409,0.4641678268885504
639,THA.23.7.6_1,SopMoei,SopMoei,MaeHongSon,Tambon,35056,0.36335211992263794,0.9349809885025024,0.4221039414405823,0.5509321689605713,0.6279486417770386,5,13969,39.847672295755366,0.03926405234231919,1.0,0.13800816766820748,0.3545296137578106,0.4839711064179087
640,THA.10.12.3_1,BanThap,MaeChaem,ChiangMai,Tambon,45163,0.3683599531650543,0.8690177798271179,0.4289330840110779,0.5506853461265564,0.6282790899276733,5,18785,41.593782521090276,0.04768071161255047,0.8891357150055609,0.1494858993220591,0.35411477891937776,0.48452649022478417
641,THA.10.12.6_1,MaeSuek,MaeChaem,ChiangMai,Tambon,73701,0.3641362488269806,0.8594886660575867,0.4390762746334076,0.5501482486724854,0.6176818609237671,5,29930,40.61003242832526,0.040581936842923556,0.8731201450248971,0.1665335475260877,0.3532120798782964,0.4667157402623006
642,THA.23.3.7_1,SaoHin,MaeSariang,MaeHongSon,Tambon,55318,0.3676712214946747,0.8471994400024414,0.4363172650337219,0.5497543811798096,0.6203131079673767,5,22768,41.15839328970679,0.04652316112762147,0.8524656576659896,0.16189648343074922,0.35255010726000036,0.4711380739842557
643,THA.10.14.6_1,KuetChang,MaeTaeng,ChiangMai,Tambon,30030,0.35939738154411316,0.8846684098243713,0.42305949330329895,0.5487461686134338,0.6230774521827698,5,11116,37.01631701631702,0.03261732833541335,0.9154397099021206,0.13961416252750122,0.3508556056197949,0.47578410396175785
644,THA.47.5.1_1,BanWiang,RongKwang,Phrae,Tambon,14345,0.36555105447769165,0.7995201349258423,0.44915124773979187,0.5479556322097778,0.6119810342788696,5,6010,41.89613105611711,0.04295979898792721,0.7723311073235128,0.1834665426336212,0.3495269520428487,0.45713436781915484
645,THA.23.6.2_1,Soppong,PangMaPha,MaeHongSon,Tambon,71049,0.36362791061401367,0.8186074495315552,0.4350254237651825,0.5477928519248962,0.6199079751968384,5,28490,40.09908654590494,0.0397275734235625,0.8044111338825596,0.1597252873740544,0.349253367415039,0.4704571678270889
646,THA.32.2.1_1,NA,BoKlue,Nan,Tambon,90063,0.3578508198261261,0.8251852989196777,0.42871055006980896,0.5475931167602539,0.6184689998626709,5,34514,38.322063444477756,0.030018023927585326,0.8154665173889027,0.1491118867962709,0.34891767276553687,0.4680386837243493
647,THA.23.5.3_1,MueangPaeng,Pai,MaeHongSon,Tambon,54104,0.3624017834663391,0.8665845394134521,0.4320697784423828,0.5469638705253601,0.6197558641433716,5,21546,39.82330326778057,0.03766682301028041,0.8850461707869319,0.1547577378568396,0.3478600993800418,0.4702015149636065
648,THA.23.1.5_1,MaeYuamNoi,KhunYuam,MaeHongSon,Tambon,21098,0.36602604389190674,0.7838724851608276,0.44273874163627625,0.5464455485343933,0.615826427936554,5,9025,42.77656649919423,0.04375811312158357,0.7460321212996702,0.1726890513856245,0.34698895623707837,0.46359731628606915
649,THA.23.3.6_1,PaPae,MaeSariang,MaeHongSon,Tambon,22529,0.3661418855190277,0.8220430612564087,0.4387377202510834,0.5459563732147217,0.6154075860977173,5,9489,42.11904656220871,0.04395280800409846,0.8101853623508684,0.16596453958542162,0.34616679986928844,0.46289336931440356
650,THA.23.5.4_1,PongSa,Pai,MaeHongSon,Tambon,37695,0.36271530389785767,0.8266182541847229,0.4480590224266052,0.5454283356666565,0.6071224212646484,5,16542,43.88380421806606,0.038193756420122606,0.8178748835687537,0.18163084087151982,0.3452793278012672,0.4489685028058703
651,THA.23.5.6_1,WiangNuea,Pai,MaeHongSon,Tambon,42192,0.3571396470069885,0.8066771626472473,0.433250367641449,0.5454230904579163,0.6112397909164429,5,16648,39.4577171027683,0.028822756631096322,0.7843599151537033,0.15674195269500393,0.34527051218528504,0.45588856099695
652,THA.23.7.1_1,KongKoi,SopMoei,MaeHongSon,Tambon,21674,0.36792710423469543,0.8140676617622375,0.4395490884780884,0.545387327671051,0.6175183057785034,5,9459,43.642151887053615,0.046953222939114345,0.7967811180725537,0.16732820518266056,0.3452104057126794,0.4664408533275845
653,THA.10.17.1_1,NA,Omkoi,ChiangMai,Tambon,151428,0.36443892121315,0.8190611600875854,0.44100844860076904,0.5450013279914856,0.6123888492584229,5,65053,42.95969041392609,0.04109063795607539,0.8051736846650156,0.16978094997478532,0.34456165651835663,0.4578197819617671
654,THA.23.5.1_1,MaeHi,Pai,MaeHongSon,Tambon,22906,0.35610231757164,0.8331045508384705,0.4322131872177124,0.5431910753250122,0.6080769300460815,5,9042,39.47437352658692,0.027079318304444492,0.8287763945052266,0.15499876481198796,0.34151916705251684,0.4505727445597131
655,THA.10.14.9_1,PaPae,MaeTaeng,ChiangMai,Tambon,34086,0.36320582032203674,0.782522439956665,0.45039936900138855,0.5430901050567627,0.6105766892433167,5,15414,45.22091181130083,0.039018166780635216,0.7437631019588098,0.1855642585275557,0.3413494664448604,0.45477408681738835
656,THA.10.13.7_1,PongYaeng,MaeRim,ChiangMai,Tambon,8395,0.35141733288764954,0.7848230004310608,0.42260292172431946,0.5410864353179932,0.6020926237106323,5,3088,36.78379988088148,0.01920527021566002,0.747629651164072,0.13884680322723672,0.33798190113967885,0.4405149281437138
657,THA.23.3.2_1,MaeHo,MaeSariang,MaeHongSon,Tambon,32298,0.356854110956192,0.8667320013046265,0.42526108026504517,0.5389807224273682,0.6119943857192993,5,12989,40.216112452783456,0.02834285653606799,0.8852940098089757,0.1433143670698275,0.3344428320326627,0.4571568075689276
658,THA.23.2.1_1,HuaiHom,MaeLaNoi,MaeHongSon,Tambon,9531,0.35508647561073303,0.7620832324028015,0.4291766881942749,0.5386292934417725,0.6122472286224365,5,3757,39.41873885216661,0.025371993950083178,0.7094109505578181,0.1498953245779574,0.33385218576185854,0.457581760330249
659,THA.23.7.4_1,MaeSuat,SopMoei,MaeHongSon,Tambon,37720,0.358932226896286,0.8640304207801819,0.3940369784832001,0.5374872088432312,0.6190635561943054,5,14069,37.29851537645811,0.03183554348172352,0.8807534666908963,0.09083605699135448,0.3319326855591996,0.469037953831417
660,THA.10.12.1_1,NA,MaeChaem,ChiangMai,Tambon,28505,0.3534061908721924,0.7848085165023804,0.4176217317581177,0.532669723033905,0.607897162437439,5,10377,36.404139624627256,0.022547941423437478,0.7476053080426668,0.1304749232790966,0.32383594298941143,0.45027060935741575
661,THA.23.4.3_1,HuaiPuLing,MuangMaeHongSon,MaeHongSon,Tambon,39887,0.3425913155078888,0.8170012831687927,0.3987475335597992,0.5223904252052307,0.5985926985740662,5,13650,34.2216762353649,0.004371393486421848,0.801711652020389,0.09875308120805194,0.30655953956839144,0.4346326082021693
662,THA.32.10.7_1,Sakat,Pua,Nan,Tambon,5170,0.34260299801826477,0.7905486226081848,0.38250309228897095,0.5161317586898804,0.5981367230415344,5,1699,32.86266924564797,0.004391028267473002,0.7572526974282243,0.0714510684226038,0.2960406063300531,0.43386625067644824
663,THA.32.10.5_1,PhuKha,Pua,Nan,Tambon,35711,0.33999037742614746,0.7872704267501831,0.3804345428943634,0.5160609483718872,0.5930718183517456,5,11669,32.67620621097141,0.0,0.7517430376168345,0.06797445995837026,0.29592159551429403,0.4253536714936839
