{
"type": "FeatureCollection",
"name": "aoi_north_provinces",
"crs": { "type": "name", "properties": { "name": "urn:ogc:def:crs:OGC:1.3:CRS84" } },
"features": [
{ "type": "Feature", "properties": { "NAME_1": "ChiangMai" }, "geometry": { "type": "MultiPolygon", "coordinates": [ [ [ [ 98.5378, 17.5392 ], [ 98.5288, 17.535 ], [ 98.5256, 17.5218 ], [ 98.5268, 17.5181 ], [ 98.5258, 17.5147 ], [ 98.5246, 17.5128 ], [ 98.5219, 17.5128 ], [ 98.5203, 17.509 ], [ 98.5256, 17.4949 ], [ 98.5203, 17.4829 ], [ 98.5202, 17.4767 ], [ 98.53, 17.4518 ], [ 98.5352, 17.449 ], [ 98.5424, 17.4485 ], [ 98.5466, 17.4466 ], [ 98.5525, 17.4421 ], [ 98.5598, 17.4304 ], [ 98.5597, 17.4271 ], [ 98.5574, 17.4238 ], [ 98.5583, 17.4172 ], [ 98.5553, 17.4088 ], [ 98.5562, 17.3939 ], [ 98.5386, 17.3615 ], [ 98.5445, 17.354 ], [ 98.549, 17.3516 ], [ 98.5541, 17.353 ], [ 98.559, 17.3523 ], [ 98.5628, 17.3496 ], [ 98.5624, 17.3464 ], [ 98.5586, 17.3437 ], [ 98.5556, 17.336 ], [ 98.5616, 17.3189 ], [ 98.5614, 17.3165 ], [ 98.5571, 17.3115 ], [ 98.5593, 17.2976 ], [ 98.5582, 17.2937 ], [ 98.5588, 17.2916 ], [ 98.5672, 17.2918 ], [ 98.576, 17.2978 ], [ 98.5784, 17.2978 ], [ 98.5789, 17.2914 ], [ 98.5756, 17.2834 ], [ 98.5685, 17.2838 ], [ 98.5529, 17.2796 ], [ 98.5466, 17.2807 ], [ 98.5306, 17.2727 ], [ 98.5188, 17.279 ], [ 98.5036, 17.2775 ], [ 98.4979, 17.2737 ], [ 98.4935, 17.2833 ], [ 98.4945, 17.2868 ], [ 98.4921, 17.2893 ], [ 98.4884, 17.2896 ], [ 98.4902, 17.2923 ], [ 98.4947, 17.2929 ], [ 98.4941, 17.2998 ], [ 98.4911, 17.2994 ], [ 98.4861, 17.2901 ], [ 98.4837, 17.2907 ], [ 98.4831, 17.2962 ], [ 98.4875, 17.3 ], [ 98.4763, 17.3029 ], [ 98.4676, 17.3094 ], [ 98.4581, 17.3126 ], [ 98.4503, 17.3071 ], [ 98.4388, 17.3027 ], [ 98.4218, 17.3075 ], [ 98.3983, 17.3047 ], [ 98.3804, 17.2983 ], [ 98.3732, 17.2972 ], [ 98.3689, 17.2946 ], [ 98.3627, 17.287 ], [ 98.3581, 17.2876 ], [ 98.351, 17.2922 ], [ 98.339, 17.2955 ], [ 98.3314, 17.3005 ], [ 98.3228, 17.31 ], [ 98.323, 17.3156 ], [ 98.3218, 17.318 ], [ 98.3184, 17.319 ], [ 98.3191, 17.3215 ], [ 98.3252, 17.3229 ], [ 98.3329, 17.3273 ], [ 98.3309, 17.3346 ], [ 98.3346, 17.3479 ], [ 98.3189, 17.3648 ], [ 98.318, 17.3707 ], [ 98.3212, 17.3743 ], [ 98.3208, 17.3771 ], [ 98.3066, 17.3889 ], [ 98.3011, 17.3972 ], [ 98.2929, 17.4056 ], [ 98.2979, 17.4103 ], [ 98.3045, 17.4109 ], [ 98.3061, 17.4097 ], [ 98.3231, 17.4146 ], [ 98.3246, 17.4214 ], [ 98.3287, 17.4274 ], [ 98.3215, 17.4331 ], [ 98.3211, 17.4439 ], [ 98.3234, 17.4469 ], [ 98.3255, 17.4589 ], [ 98.3303, 17.469 ], [ 98.3287, 17.4861 ], [ 98.3214, 17.4986 ], [ 98.3172, 17.5024 ], [ 98.3166, 17.5089 ], [ 98.3135, 17.5166 ], [ 98.315, 17.5247 ], [ 98.3074, 17.531 ], [ 98.3098, 17.5331 ], [ 98.309, 17.5413 ], [ 98.3066, 17.5478 ], [ 98.3016, 17.5496 ], [ 98.2994, 17.5534 ], [ 98.3035, 17.5647 ], [ 98.298, 17.5739 ], [ 98.2883, 17.5733 ], [ 98.2734, 17.5775 ], [ 98.2688, 17.5773 ], [ 98.263, 17.5726 ], [ 98.2568, 17.5715 ], [ 98.2518, 17.5652 ], [ 98.2499, 17.5604 ], [ 98.2505, 17.5567 ], [ 98.2428, 17.5538 ], [ 98.2387, 17.5476 ], [ 98.2367, 17.5483 ], [ 98.2279, 17.5435 ], [ 98.2206, 17.5454 ], [ 98.2112, 17.5383 ], [ 98.2026, 17.5384 ], [ 98.199, 17.5408 ], [ 98.1899, 17.5379 ], [ 98.1886, 17.5359 ], [ 98.183, 17.537 ], [ 98.1802, 17.5354 ], [ 98.1742, 17.5425 ], [ 98.1692, 17.5449 ], [ 98.1502, 17.5392 ], [ 98.1429, 17.5404 ], [ 98.1389, 17.5392 ], [ 98.1332, 17.5447 ], [ 98.1311, 17.5527 ], [ 98.1272, 17.5562 ], [ 98.1279, 17.5649 ], [ 98.117, 17.5744 ], [ 98.1138, 17.5751 ], [ 98.113, 17.5799 ], [ 98.1109, 17.5798 ], [ 98.1081, 17.5846 ], [ 98.1082, 17.5872 ], [ 98.1111, 17.5895 ], [ 98.1071, 17.5931 ], [ 98.1049, 17.5995 ], [ 98.1081, 17.6042 ], [ 98.1061, 17.6058 ], [ 98.1071, 17.61 ], [ 98.1011, 17.6127 ], [ 98.1028, 17.6189 ], [ 98.1015, 17.6207 ], [ 98.0993, 17.6193 ], [ 98.0922, 17.6354 ], [ 98.0967, 17.6366 ], [ 98.0993, 17.6416 ], [ 98.1061, 17.6455 ], [ 98.1066, 17.6475 ], [ 98.11, 17.6494 ], [ 98.114, 17.6488 ], [ 98.1172, 17.6532 ], [ 98.1259, 17.6576 ], [ 98.1306, 17.6639 ], [ 98.1343, 17.6652 ], [ 98.1384, 17.6701 ], [ 98.1404, 17.6756 ], [ 98.1461, 17.6804 ], [ 98.1464, 17.6893 ], [ 98.1519, 17.6989 ], [ 98.1511, 17.7205 ], [ 98.1541, 17.7287 ], [ 98.1512, 17.7336 ], [ 98.1491, 17.7444 ], [ 98.1422, 17.7471 ], [ 98.1366, 17.7574 ], [ 98.1424, 17.761 ], [ 98.1478, 17.7754 ], [ 98.1402, 17.783 ], [ 98.1339, 17.7941 ], [ 98.1157, 17.7959 ], [ 98.1109, 17.7929 ], [ 98.0892, 17.807 ], [ 98.0869, 17.8125 ], [ 98.0751, 17.8263 ], [ 98.0691, 17.8523 ], [ 98.0594, 17.8584 ], [ 98.0549, 17.868 ], [ 98.0461, 17.8682 ], [ 98.0331, 17.8741 ], [ 98.0312, 17.8758 ], [ 98.0263, 17.8887 ], [ 98.0211, 17.8873 ], [ 98.0179, 17.8904 ], [ 98.012, 17.8928 ], [ 98.0098, 17.9014 ], [ 98.012, 17.9069 ], [ 98.011, 17.9109 ], [ 98.012, 17.9225 ], [ 98.0127, 17.9236 ], [ 98.0157, 17.9184 ], [ 98.0185, 17.9188 ], [ 98.0232, 17.9229 ], [ 98.0207, 17.925 ], [ 98.0207, 17.9288 ], [ 98.0246, 17.9315 ], [ 98.0238, 17.9336 ], [ 98.0255, 17.9352 ], [ 98.0383, 17.941 ], [ 98.0515, 17.9445 ], [ 98.0563, 17.9493 ], [ 98.0585, 17.95 ], [ 98.0627, 17.9484 ], [ 98.0732, 17.9547 ], [ 98.0801, 17.9552 ], [ 98.0903, 17.9605 ], [ 98.1019, 17.9585 ], [ 98.1075, 17.9529 ], [ 98.117, 17.9492 ], [ 98.119, 17.9471 ], [ 98.1217, 17.9488 ], [ 98.1244, 17.9445 ], [ 98.1301, 17.9431 ], [ 98.1343, 17.9439 ], [ 98.1342, 17.9415 ], [ 98.1419, 17.9383 ], [ 98.1448, 17.934 ], [ 98.1501, 17.9396 ], [ 98.1514, 17.9476 ], [ 98.1531, 17.9513 ], [ 98.1553, 17.9518 ], [ 98.1545, 17.9547 ], [ 98.156, 17.9581 ], [ 98.1609, 17.9601 ], [ 98.163, 17.9675 ], [ 98.1696, 17.9683 ], [ 98.1709, 17.9718 ], [ 98.1751, 17.9723 ], [ 98.1795, 17.9704 ], [ 98.1816, 17.9712 ], [ 98.1852, 17.9775 ], [ 98.19, 17.9765 ], [ 98.193, 17.9784 ], [ 98.1983, 17.9771 ], [ 98.2063, 17.9819 ], [ 98.2135, 17.9799 ], [ 98.2213, 17.9838 ], [ 98.2266, 17.9841 ], [ 98.2288, 17.9883 ], [ 98.2327, 17.9838 ], [ 98.2453, 17.9873 ], [ 98.2471, 17.9927 ], [ 98.2462, 17.9982 ], [ 98.2395, 18.012 ], [ 98.2344, 18.0136 ], [ 98.2327, 18.0164 ], [ 98.2347, 18.025 ], [ 98.238, 18.0293 ], [ 98.2438, 18.0328 ], [ 98.2504, 18.0321 ], [ 98.2579, 18.0345 ], [ 98.2655, 18.0464 ], [ 98.2716, 18.0408 ], [ 98.2749, 18.0424 ], [ 98.2761, 18.0443 ], [ 98.2738, 18.0469 ], [ 98.2827, 18.0569 ], [ 98.2902, 18.0733 ], [ 98.2875, 18.0822 ], [ 98.284, 18.0827 ], [ 98.2809, 18.0806 ], [ 98.2735, 18.0815 ], [ 98.2728, 18.0836 ], [ 98.2682, 18.0843 ], [ 98.2593, 18.0822 ], [ 98.2577, 18.0836 ], [ 98.2559, 18.0793 ], [ 98.253, 18.0792 ], [ 98.2539, 18.077 ], [ 98.2497, 18.0762 ], [ 98.2486, 18.0745 ], [ 98.2438, 18.0774 ], [ 98.2429, 18.0858 ], [ 98.239, 18.085 ], [ 98.2365, 18.0865 ], [ 98.2346, 18.0852 ], [ 98.2308, 18.0878 ], [ 98.2339, 18.0903 ], [ 98.2319, 18.0966 ], [ 98.2294, 18.0956 ], [ 98.2268, 18.0898 ], [ 98.2208, 18.087 ], [ 98.2185, 18.0877 ], [ 98.2162, 18.086 ], [ 98.2067, 18.0872 ], [ 98.2038, 18.089 ], [ 98.2044, 18.0973 ], [ 98.1931, 18.1064 ], [ 98.1918, 18.1124 ], [ 98.1844, 18.1139 ], [ 98.1835, 18.112 ], [ 98.1809, 18.1147 ], [ 98.1727, 18.1147 ], [ 98.1678, 18.1168 ], [ 98.1648, 18.1305 ], [ 98.1691, 18.139 ], [ 98.164, 18.1434 ], [ 98.1637, 18.1478 ], [ 98.16, 18.1527 ], [ 98.1579, 18.1608 ], [ 98.1589, 18.1639 ], [ 98.1673, 18.1655 ], [ 98.1687, 18.1688 ], [ 98.1687, 18.1801 ], [ 98.1774, 18.1882 ], [ 98.1737, 18.1966 ], [ 98.168, 18.2017 ], [ 98.1704, 18.211 ], [ 98.1735, 18.2158 ], [ 98.1687, 18.2194 ], [ 98.1624, 18.2217 ], [ 98.1604, 18.22 ], [ 98.1489, 18.2253 ], [ 98.1446, 18.2349 ], [ 98.1415, 18.2375 ], [ 98.1409, 18.2402 ], [ 98.1443, 18.251 ], [ 98.1391, 18.2568 ], [ 98.137, 18.2645 ], [ 98.1408, 18.278 ], [ 98.1464, 18.2817 ], [ 98.1533, 18.2837 ], [ 98.1586, 18.2806 ], [ 98.1644, 18.2814 ], [ 98.1688, 18.28 ], [ 98.1839, 18.2837 ], [ 98.1866, 18.282 ], [ 98.1938, 18.2826 ], [ 98.2035, 18.2892 ], [ 98.198, 18.2891 ], [ 98.1959, 18.2876 ], [ 98.1927, 18.2884 ], [ 98.1847, 18.2949 ], [ 98.1819, 18.2945 ], [ 98.1742, 18.298 ], [ 98.1726, 18.3012 ], [ 98.172, 18.3188 ], [ 98.1762, 18.3292 ], [ 98.1758, 18.3344 ], [ 98.1739, 18.3358 ], [ 98.1748, 18.3381 ], [ 98.171, 18.3467 ], [ 98.1645, 18.3534 ], [ 98.1527, 18.3574 ], [ 98.1475, 18.3608 ], [ 98.1413, 18.37 ], [ 98.1372, 18.383 ], [ 98.1319, 18.3852 ], [ 98.125, 18.3941 ], [ 98.1284, 18.3991 ], [ 98.1286, 18.4022 ], [ 98.1266, 18.4046 ], [ 98.1188, 18.4068 ], [ 98.114, 18.4065 ], [ 98.1094, 18.4101 ], [ 98.1047, 18.4115 ], [ 98.1017, 18.4168 ], [ 98.0955, 18.4189 ], [ 98.0834, 18.4155 ], [ 98.0752, 18.4268 ], [ 98.0814, 18.4345 ], [ 98.0843, 18.4446 ], [ 98.1016, 18.4549 ], [ 98.1072, 18.4562 ], [ 98.1113, 18.4746 ], [ 98.114, 18.4809 ], [ 98.1202, 18.4862 ], [ 98.121, 18.4958 ], [ 98.1236, 18.5006 ], [ 98.1311, 18.5005 ], [ 98.1324, 18.503 ], [ 98.1436, 18.5082 ], [ 98.1476, 18.5121 ], [ 98.1554, 18.5107 ], [ 98.1656, 18.5235 ], [ 98.1718, 18.524 ], [ 98.1715, 18.5278 ], [ 98.1747, 18.5352 ], [ 98.1762, 18.5453 ], [ 98.1864, 18.546 ], [ 98.1934, 18.5396 ], [ 98.1974, 18.5383 ], [ 98.2014, 18.5398 ], [ 98.2104, 18.5357 ], [ 98.224, 18.548 ], [ 98.2262, 18.5528 ], [ 98.2323, 18.5547 ], [ 98.2329, 18.5629 ], [ 98.2368, 18.5648 ], [ 98.2381, 18.5679 ], [ 98.2373, 18.5718 ], [ 98.231, 18.5792 ], [ 98.2295, 18.584 ], [ 98.224, 18.587 ], [ 98.2142, 18.589 ], [ 98.2136, 18.5914 ], [ 98.216, 18.5973 ], [ 98.2118, 18.606 ], [ 98.1851, 18.6079 ], [ 98.1839, 18.609 ], [ 98.1843, 18.6218 ], [ 98.1748, 18.6264 ], [ 98.1654, 18.6243 ], [ 98.1576, 18.6273 ], [ 98.1554, 18.6313 ], [ 98.146, 18.6372 ], [ 98.1243, 18.632 ], [ 98.1188, 18.6331 ], [ 98.112, 18.6428 ], [ 98.1071, 18.6467 ], [ 98.1071, 18.6517 ], [ 98.1105, 18.6634 ], [ 98.1138, 18.6683 ], [ 98.111, 18.6729 ], [ 98.1065, 18.6759 ], [ 98.1082, 18.6893 ], [ 98.1016, 18.7012 ], [ 98.1021, 18.7038 ], [ 98.108, 18.7092 ], [ 98.1084, 18.7119 ], [ 98.1046, 18.7163 ], [ 98.1034, 18.734 ], [ 98.0978, 18.7372 ], [ 98.1093, 18.7446 ], [ 98.1098, 18.7498 ], [ 98.1166, 18.7519 ], [ 98.1218, 18.7565 ], [ 98.1195, 18.7658 ], [ 98.1226, 18.7729 ], [ 98.1099, 18.7781 ], [ 98.0991, 18.7735 ], [ 98.0935, 18.7754 ], [ 98.0907, 18.7821 ], [ 98.0923, 18.7835 ], [ 98.0918, 18.7855 ], [ 98.0869, 18.7943 ], [ 98.0885, 18.8035 ], [ 98.0836, 18.8098 ], [ 98.0808, 18.8193 ], [ 98.0833, 18.836 ], [ 98.0897, 18.8509 ], [ 98.0905, 18.8593 ], [ 98.1036, 18.8825 ], [ 98.1119, 18.8856 ], [ 98.1135, 18.8912 ], [ 98.1179, 18.893 ], [ 98.1214, 18.8971 ], [ 98.1261, 18.9059 ], [ 98.1325, 18.91 ], [ 98.146, 18.9102 ], [ 98.1502, 18.9151 ], [ 98.1586, 18.9178 ], [ 98.1603, 18.9248 ], [ 98.1588, 18.9354 ], [ 98.1675, 18.9373 ], [ 98.174, 18.9495 ], [ 98.1739, 18.9604 ], [ 98.1653, 18.9798 ], [ 98.1701, 18.9873 ], [ 98.1714, 18.9983 ], [ 98.1799, 19.0032 ], [ 98.186, 19.0114 ], [ 98.1876, 19.0225 ], [ 98.1854, 19.0246 ], [ 98.186, 19.0277 ], [ 98.1869, 19.0296 ], [ 98.1914, 19.0305 ], [ 98.1928, 19.0331 ], [ 98.1917, 19.0396 ], [ 98.2021, 19.0432 ], [ 98.2066, 19.0466 ], [ 98.2106, 19.0604 ], [ 98.2249, 19.0757 ], [ 98.2277, 19.0859 ], [ 98.2338, 19.0879 ], [ 98.2384, 19.0928 ], [ 98.2395, 19.0993 ], [ 98.2444, 19.1032 ], [ 98.252, 19.1064 ], [ 98.2533, 19.1114 ], [ 98.2497, 19.1163 ], [ 98.249, 19.121 ], [ 98.2429, 19.1245 ], [ 98.2455, 19.1319 ], [ 98.242, 19.1385 ], [ 98.2442, 19.1455 ], [ 98.2437, 19.1493 ], [ 98.2543, 19.1586 ], [ 98.2604, 19.1566 ], [ 98.266, 19.1511 ], [ 98.2703, 19.1538 ], [ 98.2863, 19.1509 ], [ 98.2936, 19.1535 ], [ 98.2988, 19.1525 ], [ 98.303, 19.1534 ], [ 98.3146, 19.151 ], [ 98.3212, 19.154 ], [ 98.3259, 19.154 ], [ 98.3317, 19.1483 ], [ 98.3438, 19.1494 ], [ 98.3409, 19.1427 ], [ 98.3412, 19.1402 ], [ 98.3438, 19.1356 ], [ 98.35, 19.1303 ], [ 98.3499, 19.1282 ], [ 98.3456, 19.1259 ], [ 98.3448, 19.121 ], [ 98.3465, 19.1178 ], [ 98.3471, 19.1101 ], [ 98.3533, 19.1021 ], [ 98.3542, 19.0989 ], [ 98.3529, 19.0959 ], [ 98.3549, 19.0919 ], [ 98.362, 19.086 ], [ 98.365, 19.0867 ], [ 98.3717, 19.0838 ], [ 98.3758, 19.0753 ], [ 98.3736, 19.0642 ], [ 98.3828, 19.058 ], [ 98.385, 19.06 ], [ 98.3876, 19.0585 ], [ 98.4006, 19.0407 ], [ 98.4022, 19.0342 ], [ 98.4159, 19.0302 ], [ 98.422, 19.0261 ], [ 98.4254, 19.0291 ], [ 98.4264, 19.0342 ], [ 98.4304, 19.0398 ], [ 98.4409, 19.0458 ], [ 98.4587, 19.0445 ], [ 98.4653, 19.0413 ], [ 98.4681, 19.0416 ], [ 98.47, 19.0397 ], [ 98.4797, 19.0408 ], [ 98.4848, 19.0385 ], [ 98.4921, 19.0386 ], [ 98.4953, 19.0361 ], [ 98.5171, 19.0302 ], [ 98.5294, 19.023 ], [ 98.5472, 19.0243 ], [ 98.5539, 19.0299 ], [ 98.5562, 19.0354 ], [ 98.5644, 19.0352 ], [ 98.5694, 19.0436 ], [ 98.5849, 19.0456 ], [ 98.5944, 19.0414 ], [ 98.598, 19.0424 ], [ 98.6027, 19.0491 ], [ 98.6064, 19.0512 ], [ 98.6153, 19.055 ], [ 98.6212, 19.0556 ], [ 98.6294, 19.06 ], [ 98.634, 19.0604 ], [ 98.6417, 19.0671 ], [ 98.6412, 19.0707 ], [ 98.6498, 19.0797 ], [ 98.6528, 19.093 ], [ 98.6449, 19.1042 ], [ 98.6417, 19.1265 ], [ 98.6393, 19.1327 ], [ 98.6333, 19.1407 ], [ 98.6346, 19.1467 ], [ 98.634, 19.154 ], [ 98.6241, 19.1555 ], [ 98.621, 19.1598 ], [ 98.6222, 19.1648 ], [ 98.6105, 19.1702 ], [ 98.6076, 19.1773 ], [ 98.5961, 19.1831 ], [ 98.5861, 19.1856 ], [ 98.577, 19.2003 ], [ 98.5705, 19.2049 ], [ 98.5694, 19.208 ], [ 98.5701, 19.214 ], [ 98.5758, 19.2146 ], [ 98.5789, 19.213 ], [ 98.5844, 19.2152 ], [ 98.6, 19.228 ], [ 98.5973, 19.2369 ], [ 98.5947, 19.2394 ], [ 98.5906, 19.2495 ], [ 98.5906, 19.2592 ], [ 98.5938, 19.2665 ], [ 98.5986, 19.2696 ], [ 98.5994, 19.2725 ], [ 98.6055, 19.2776 ], [ 98.5992, 19.2813 ], [ 98.596, 19.286 ], [ 98.596, 19.2889 ], [ 98.6002, 19.2955 ], [ 98.6003, 19.3016 ], [ 98.6026, 19.3065 ], [ 98.6007, 19.314 ], [ 98.5946, 19.3215 ], [ 98.5907, 19.3306 ], [ 98.5941, 19.3388 ], [ 98.5914, 19.3453 ], [ 98.5916, 19.3491 ], [ 98.5923, 19.3514 ], [ 98.5965, 19.352 ], [ 98.5944, 19.3561 ], [ 98.5823, 19.3652 ], [ 98.5772, 19.3767 ], [ 98.5748, 19.3877 ], [ 98.579, 19.3958 ], [ 98.5824, 19.3971 ], [ 98.5884, 19.3956 ], [ 98.5957, 19.4013 ], [ 98.5962, 19.4043 ], [ 98.5873, 19.4138 ], [ 98.5876, 19.4176 ], [ 98.591, 19.4224 ], [ 98.5873, 19.4311 ], [ 98.5863, 19.4417 ], [ 98.5912, 19.4475 ], [ 98.5936, 19.4533 ], [ 98.5928, 19.4611 ], [ 98.5956, 19.4606 ], [ 98.5988, 19.4624 ], [ 98.6006, 19.4678 ], [ 98.5977, 19.4775 ], [ 98.5945, 19.4812 ], [ 98.5965, 19.4877 ], [ 98.5947, 19.4915 ], [ 98.5801, 19.5072 ], [ 98.5755, 19.5081 ], [ 98.5701, 19.5065 ], [ 98.5667, 19.5141 ], [ 98.5679, 19.5223 ], [ 98.5655, 19.526 ], [ 98.5648, 19.5345 ], [ 98.5671, 19.5448 ], [ 98.5461, 19.5543 ], [ 98.5443, 19.5568 ], [ 98.5453, 19.5613 ], [ 98.5436, 19.5641 ], [ 98.5424, 19.5785 ], [ 98.5384, 19.5851 ], [ 98.5401, 19.5937 ], [ 98.5373, 19.6006 ], [ 98.541, 19.6058 ], [ 98.5403, 19.6092 ], [ 98.5275, 19.6131 ], [ 98.5254, 19.615 ], [ 98.5236, 19.6218 ], [ 98.5054, 19.6298 ], [ 98.5024, 19.6343 ], [ 98.4939, 19.6392 ], [ 98.4823, 19.653 ], [ 98.4748, 19.6555 ], [ 98.4708, 19.6595 ], [ 98.473, 19.6745 ], [ 98.471, 19.6787 ], [ 98.4711, 19.6847 ], [ 98.4684, 19.6895 ], [ 98.4704, 19.6921 ], [ 98.4759, 19.6933 ], [ 98.4846, 19.7006 ], [ 98.4974, 19.7033 ], [ 98.5091, 19.7086 ], [ 98.5123, 19.7155 ], [ 98.5205, 19.7129 ], [ 98.5372, 19.6927 ], [ 98.5403, 19.6909 ], [ 98.5423, 19.6858 ], [ 98.5516, 19.6834 ], [ 98.5577, 19.679 ], [ 98.5619, 19.6731 ], [ 98.5676, 19.6696 ], [ 98.5695, 19.6707 ], [ 98.5696, 19.6779 ], [ 98.5748, 19.7014 ], [ 98.5899, 19.711 ], [ 98.5954, 19.7124 ], [ 98.6074, 19.7075 ], [ 98.6125, 19.7073 ], [ 98.6156, 19.7085 ], [ 98.6204, 19.7141 ], [ 98.6225, 19.7115 ], [ 98.626, 19.7114 ], [ 98.629, 19.7138 ], [ 98.6298, 19.7179 ], [ 98.628, 19.7243 ], [ 98.6354, 19.7264 ], [ 98.6556, 19.7369 ], [ 98.6601, 19.7337 ], [ 98.6637, 19.7348 ], [ 98.6669, 19.7378 ], [ 98.6666, 19.7448 ], [ 98.6713, 19.7476 ], [ 98.676, 19.7486 ], [ 98.6814, 19.747 ], [ 98.6862, 19.7512 ], [ 98.6963, 19.7521 ], [ 98.7054, 19.7552 ], [ 98.7109, 19.7605 ], [ 98.7141, 19.7616 ], [ 98.7211, 19.7588 ], [ 98.7309, 19.7581 ], [ 98.7344, 19.7541 ], [ 98.7411, 19.7515 ], [ 98.747, 19.7534 ], [ 98.7531, 19.7582 ], [ 98.7603, 19.7548 ], [ 98.773, 19.7529 ], [ 98.779, 19.7497 ], [ 98.7819, 19.751 ], [ 98.7882, 19.7585 ], [ 98.7901, 19.7625 ], [ 98.7969, 19.7693 ], [ 98.7983, 19.7731 ], [ 98.8057, 19.7739 ], [ 98.816, 19.7792 ], [ 98.8289, 19.7903 ], [ 98.8314, 19.7938 ], [ 98.83, 19.8002 ], [ 98.8343, 19.8084 ], [ 98.8415, 19.8111 ], [ 98.8502, 19.8057 ], [ 98.8523, 19.8028 ], [ 98.8518, 19.8004 ], [ 98.8567, 19.7947 ], [ 98.8711, 19.79 ], [ 98.877, 19.7805 ], [ 98.8873, 19.7782 ], [ 98.8978, 19.7689 ], [ 98.8975, 19.7666 ], [ 98.8996, 19.7645 ], [ 98.9104, 19.7611 ], [ 98.9116, 19.7563 ], [ 98.9158, 19.7528 ], [ 98.9161, 19.7429 ], [ 98.9188, 19.7395 ], [ 98.9203, 19.7432 ], [ 98.9279, 19.7499 ], [ 98.93, 19.754 ], [ 98.9314, 19.7607 ], [ 98.9292, 19.7668 ], [ 98.9296, 19.7697 ], [ 98.9319, 19.7715 ], [ 98.9461, 19.7658 ], [ 98.9464, 19.7618 ], [ 98.9555, 19.755 ], [ 98.9574, 19.7475 ], [ 98.9651, 19.7392 ], [ 98.976, 19.7327 ], [ 98.9825, 19.7319 ], [ 98.9906, 19.7491 ], [ 98.9893, 19.7604 ], [ 98.9936, 19.7805 ], [ 98.9947, 19.7822 ], [ 98.9986, 19.7797 ], [ 99.0053, 19.7795 ], [ 99.0084, 19.7873 ], [ 99.017, 19.7924 ], [ 99.0188, 19.8037 ], [ 99.0235, 19.812 ], [ 99.0265, 19.8234 ], [ 99.0324, 19.8317 ], [ 99.0311, 19.838 ], [ 99.036, 19.8527 ], [ 99.0257, 19.8621 ], [ 99.0271, 19.874 ], [ 99.0294, 19.8775 ], [ 99.027, 19.8834 ], [ 99.0281, 19.8921 ], [ 99.024, 19.9023 ], [ 99.0245, 19.9059 ], [ 99.0289, 19.9069 ], [ 99.0288, 19.9128 ], [ 99.0253, 19.9177 ], [ 99.0246, 19.9254 ], [ 99.0274, 19.9269 ], [ 99.031, 19.9235 ], [ 99.0359, 19.9277 ], [ 99.0441, 19.9283 ], [ 99.0429, 19.9411 ], [ 99.0462, 19.9469 ], [ 99.0419, 19.9527 ], [ 99.0411, 19.9618 ], [ 99.0381, 19.9669 ], [ 99.0338, 19.9674 ], [ 99.0321, 19.9692 ], [ 99.0371, 19.9795 ], [ 99.0383, 19.9876 ], [ 99.0433, 19.9932 ], [ 99.0529, 19.9967 ], [ 99.0559, 20.0004 ], [ 99.0502, 20.0052 ], [ 99.0455, 20.0138 ], [ 99.045, 20.0169 ], [ 99.0475, 20.0249 ], [ 99.0473, 20.0318 ], [ 99.0457, 20.0341 ], [ 99.051, 20.0448 ], [ 99.0552, 20.048 ], [ 99.0582, 20.0598 ], [ 99.0693, 20.0663 ], [ 99.0717, 20.0792 ], [ 99.0691, 20.0833 ], [ 99.0697, 20.0871 ], [ 99.0741, 20.0946 ], [ 99.0785, 20.0986 ], [ 99.0835, 20.0993 ], [ 99.0848, 20.097 ], [ 99.0923, 20.0949 ], [ 99.0941, 20.0962 ], [ 99.0949, 20.1013 ], [ 99.0974, 20.1033 ], [ 99.1003, 20.1004 ], [ 99.1019, 20.0959 ], [ 99.1044, 20.0949 ], [ 99.1101, 20.0954 ], [ 99.1124, 20.0977 ], [ 99.119, 20.0982 ], [ 99.1337, 20.1029 ], [ 99.1308, 20.1069 ], [ 99.1288, 20.1147 ], [ 99.1314, 20.1173 ], [ 99.1433, 20.1193 ], [ 99.1474, 20.121 ], [ 99.1509, 20.1255 ], [ 99.152, 20.1241 ], [ 99.1635, 20.1297 ], [ 99.1671, 20.1274 ], [ 99.1732, 20.1292 ], [ 99.1831, 20.124 ], [ 99.1933, 20.1238 ], [ 99.2013, 20.1274 ], [ 99.214, 20.1277 ], [ 99.2203, 20.1246 ], [ 99.2257, 20.1166 ], [ 99.2284, 20.1161 ], [ 99.2372, 20.1215 ], [ 99.2452, 20.1115 ], [ 99.2527, 20.1092 ], [ 99.2567, 20.1112 ], [ 99.2619, 20.1108 ], [ 99.2655, 20.1029 ], [ 99.2711, 20.1009 ], [ 99.2787, 20.0941 ], [ 99.2857, 20.0911 ], [ 99.291, 20.087 ], [ 99.292, 20.0839 ], [ 99.2959, 20.0802 ], [ 99.309, 20.0763 ], [ 99.318, 20.0679 ], [ 99.3263, 20.0666 ], [ 99.3342, 20.0709 ], [ 99.3399, 20.0709 ], [ 99.3437, 20.0689 ], [ 99.3454, 20.0714 ], [ 99.3527, 20.0726 ], [ 99.3602, 20.0784 ], [ 99.3715, 20.0809 ], [ 99.3835, 20.0865 ], [ 99.3878, 20.085 ], [ 99.4003, 20.0853 ], [ 99.4029, 20.0837 ], [ 99.4171, 20.0856 ], [ 99.4191, 20.0888 ], [ 99.4231, 20.0905 ], [ 99.4263, 20.0903 ], [ 99.4315, 20.0864 ], [ 99.4386, 20.0882 ], [ 99.441, 20.0872 ], [ 99.4439, 20.0888 ], [ 99.4466, 20.0954 ], [ 99.457, 20.0949 ], [ 99.4706, 20.1039 ], [ 99.4749, 20.1056 ], [ 99.4845, 20.1059 ], [ 99.4925, 20.1097 ], [ 99.4937, 20.1117 ], [ 99.5, 20.113 ], [ 99.5021, 20.1148 ], [ 99.5007, 20.123 ], [ 99.4981, 20.1275 ], [ 99.4993, 20.1302 ], [ 99.5145, 20.1442 ], [ 99.5162, 20.1436 ], [ 99.5204, 20.1369 ], [ 99.5249, 20.1348 ], [ 99.5416, 20.1304 ], [ 99.546, 20.1274 ], [ 99.558, 20.1274 ], [ 99.5645, 20.1225 ], [ 99.5685, 20.1213 ], [ 99.5739, 20.1116 ], [ 99.572, 20.1062 ], [ 99.5624, 20.0986 ], [ 99.5499, 20.1011 ], [ 99.5245, 20.0895 ], [ 99.5069, 20.0835 ], [ 99.501, 20.0793 ], [ 99.4953, 20.0781 ], [ 99.4933, 20.0747 ], [ 99.4928, 20.0693 ], [ 99.4962, 20.0627 ], [ 99.5023, 20.0581 ], [ 99.5249, 20.0469 ], [ 99.5272, 20.0391 ], [ 99.5245, 20.039 ], [ 99.5226, 20.0416 ], [ 99.5198, 20.0422 ], [ 99.5172, 20.0471 ], [ 99.5085, 20.052 ], [ 99.5013, 20.0502 ], [ 99.4932, 20.0415 ], [ 99.4877, 20.0394 ], [ 99.4858, 20.037 ], [ 99.4806, 20.0364 ], [ 99.4783, 20.0377 ], [ 99.4749, 20.033 ], [ 99.469, 20.0313 ], [ 99.4713, 20.0287 ], [ 99.4693, 20.0222 ], [ 99.4734, 20.0195 ], [ 99.4762, 20.0143 ], [ 99.4806, 20.0121 ], [ 99.4679, 20.0035 ], [ 99.4672, 19.9989 ], [ 99.4631, 19.9955 ], [ 99.4583, 19.9827 ], [ 99.4492, 19.9732 ], [ 99.4442, 19.9707 ], [ 99.4408, 19.9708 ], [ 99.4354, 19.9615 ], [ 99.4305, 19.9624 ], [ 99.4231, 19.961 ], [ 99.4226, 19.9545 ], [ 99.4194, 19.9477 ], [ 99.4189, 19.9398 ], [ 99.4165, 19.9349 ], [ 99.4187, 19.9208 ], [ 99.4221, 19.9162 ], [ 99.4208, 19.9147 ], [ 99.4094, 19.9132 ], [ 99.4004, 19.9091 ], [ 99.397, 19.9011 ], [ 99.3856, 19.8894 ], [ 99.3849, 19.8847 ], [ 99.3893, 19.8731 ], [ 99.3881, 19.8669 ], [ 99.39, 19.8618 ], [ 99.4075, 19.8451 ], [ 99.4118, 19.8421 ], [ 99.4145, 19.8425 ], [ 99.4151, 19.838 ], [ 99.4106, 19.8292 ], [ 99.4218, 19.8194 ], [ 99.4217, 19.812 ], [ 99.4119, 19.8105 ], [ 99.4077, 19.8121 ], [ 99.3957, 19.8122 ], [ 99.3931, 19.8109 ], [ 99.3922, 19.8054 ], [ 99.3885, 19.8052 ], [ 99.3794, 19.7927 ], [ 99.3811, 19.7883 ], [ 99.378, 19.779 ], [ 99.3734, 19.7786 ], [ 99.3638, 19.7744 ], [ 99.3676, 19.7663 ], [ 99.366, 19.7503 ], [ 99.3636, 19.7482 ], [ 99.3613, 19.7421 ], [ 99.3633, 19.7363 ], [ 99.3615, 19.7251 ], [ 99.3582, 19.7229 ], [ 99.3499, 19.7214 ], [ 99.3477, 19.7144 ], [ 99.3482, 19.7109 ], [ 99.3461, 19.7091 ], [ 99.3383, 19.7112 ], [ 99.3264, 19.7103 ], [ 99.3152, 19.7053 ], [ 99.3148, 19.7004 ], [ 99.3126, 19.7007 ], [ 99.3109, 19.6973 ], [ 99.306, 19.6934 ], [ 99.3058, 19.6911 ], [ 99.2987, 19.6831 ], [ 99.299, 19.6804 ], [ 99.2955, 19.6772 ], [ 99.2662, 19.6606 ], [ 99.2651, 19.6524 ], [ 99.2608, 19.6487 ], [ 99.2602, 19.6448 ], [ 99.2625, 19.6334 ], [ 99.2602, 19.6268 ], [ 99.2667, 19.6231 ], [ 99.2687, 19.6078 ], [ 99.2798, 19.6012 ], [ 99.2862, 19.6006 ], [ 99.2936, 19.5897 ], [ 99.291, 19.5781 ], [ 99.2965, 19.5729 ], [ 99.2963, 19.5682 ], [ 99.3001, 19.5605 ], [ 99.3088, 19.5518 ], [ 99.3167, 19.5524 ], [ 99.3188, 19.551 ], [ 99.3216, 19.5403 ], [ 99.3269, 19.537 ], [ 99.3227, 19.533 ], [ 99.3195, 19.5331 ], [ 99.3195, 19.5309 ], [ 99.3158, 19.5259 ], [ 99.3137, 19.5261 ], [ 99.31, 19.523 ], [ 99.3106, 19.5203 ], [ 99.3086, 19.517 ], [ 99.303, 19.5144 ], [ 99.2963, 19.4934 ], [ 99.2987, 19.486 ], [ 99.3037, 19.4848 ], [ 99.3085, 19.4863 ], [ 99.3104, 19.4847 ], [ 99.3084, 19.4812 ], [ 99.3093, 19.4759 ], [ 99.3076, 19.4736 ], [ 99.308, 19.471 ], [ 99.311, 19.47 ], [ 99.3188, 19.4527 ], [ 99.3112, 19.4261 ], [ 99.3192, 19.413 ], [ 99.3227, 19.4028 ], [ 99.3251, 19.403 ], [ 99.3298, 19.3983 ], [ 99.3307, 19.3953 ], [ 99.3267, 19.3947 ], [ 99.3268, 19.3916 ], [ 99.3326, 19.376 ], [ 99.3322, 19.363 ], [ 99.3338, 19.3585 ], [ 99.3221, 19.354 ], [ 99.3184, 19.3477 ], [ 99.3216, 19.3389 ], [ 99.3246, 19.3355 ], [ 99.3267, 19.3278 ], [ 99.3297, 19.3253 ], [ 99.3289, 19.3188 ], [ 99.3332, 19.3087 ], [ 99.335, 19.2996 ], [ 99.3402, 19.2941 ], [ 99.3389, 19.2892 ], [ 99.3408, 19.285 ], [ 99.3395, 19.2786 ], [ 99.3438, 19.2662 ], [ 99.3374, 19.2579 ], [ 99.3386, 19.2528 ], [ 99.3295, 19.2438 ], [ 99.3227, 19.2412 ], [ 99.324, 19.2388 ], [ 99.3199, 19.2279 ], [ 99.312, 19.2224 ], [ 99.311, 19.2169 ], [ 99.3123, 19.2106 ], [ 99.3157, 19.2063 ], [ 99.3105, 19.203 ], [ 99.3074, 19.1926 ], [ 99.3048, 19.191 ], [ 99.3075, 19.1851 ], [ 99.3076, 19.1742 ], [ 99.3179, 19.1677 ], [ 99.3204, 19.1632 ], [ 99.3197, 19.1566 ], [ 99.3253, 19.135 ], [ 99.3218, 19.1264 ], [ 99.3228, 19.121 ], [ 99.3249, 19.1209 ], [ 99.3265, 19.1177 ], [ 99.3294, 19.116 ], [ 99.3375, 19.1036 ], [ 99.3437, 19.0928 ], [ 99.346, 19.0841 ], [ 99.3545, 19.0844 ], [ 99.364, 19.0791 ], [ 99.3657, 19.0777 ], [ 99.3659, 19.0692 ], [ 99.3673, 19.0665 ], [ 99.3709, 19.0646 ], [ 99.3773, 19.0654 ], [ 99.3851, 19.0603 ], [ 99.3832, 19.0456 ], [ 99.3917, 19.0181 ], [ 99.3975, 19.0132 ], [ 99.3985, 19.0036 ], [ 99.4025, 18.9976 ], [ 99.3946, 18.9952 ], [ 99.3917, 18.9917 ], [ 99.3834, 18.9876 ], [ 99.3756, 18.9811 ], [ 99.3749, 18.9709 ], [ 99.379, 18.9662 ], [ 99.377, 18.9578 ], [ 99.3849, 18.9511 ], [ 99.3877, 18.9422 ], [ 99.386, 18.9319 ], [ 99.3799, 18.9203 ], [ 99.3847, 18.9083 ], [ 99.386, 18.8971 ], [ 99.3885, 18.8924 ], [ 99.3877, 18.8873 ], [ 99.3924, 18.8837 ], [ 99.3879, 18.8763 ], [ 99.3894, 18.8738 ], [ 99.3872, 18.866 ], [ 99.3741, 18.8552 ], [ 99.3537, 18.8447 ], [ 99.3523, 18.8348 ], [ 99.3559, 18.8226 ], [ 99.354, 18.8215 ], [ 99.357, 18.8161 ], [ 99.3599, 18.8013 ], [ 99.3611, 18.7982 ], [ 99.3641, 18.7962 ], [ 99.3676, 18.7841 ], [ 99.3722, 18.7783 ], [ 99.3695, 18.7745 ], [ 99.3679, 18.7668 ], [ 99.3708, 18.7619 ], [ 99.3726, 18.7521 ], [ 99.3698, 18.748 ], [ 99.3629, 18.7446 ], [ 99.3495, 18.7316 ], [ 99.3497, 18.7232 ], [ 99.3453, 18.7154 ], [ 99.3426, 18.7139 ], [ 99.3424, 18.7037 ], [ 99.3362, 18.7007 ], [ 99.3351, 18.6974 ], [ 99.3373, 18.6926 ], [ 99.329, 18.683 ], [ 99.3327, 18.6783 ], [ 99.3355, 18.6699 ], [ 99.3349, 18.6665 ], [ 99.3406, 18.6635 ], [ 99.3503, 18.6538 ], [ 99.3438, 18.6479 ], [ 99.3373, 18.6485 ], [ 99.3337, 18.647 ], [ 99.3288, 18.6368 ], [ 99.3283, 18.6272 ], [ 99.3315, 18.6249 ], [ 99.329, 18.6192 ], [ 99.3302, 18.616 ], [ 99.3347, 18.6147 ], [ 99.3477, 18.6145 ], [ 99.355, 18.6106 ], [ 99.36, 18.6052 ], [ 99.361, 18.6029 ], [ 99.3585, 18.6006 ], [ 99.3581, 18.5975 ], [ 99.3549, 18.593 ], [ 99.3516, 18.5927 ], [ 99.3503, 18.5905 ], [ 99.3502, 18.5882 ], [ 99.3524, 18.5866 ], [ 99.3524, 18.5804 ], [ 99.3549, 18.5773 ], [ 99.3479, 18.576 ], [ 99.3452, 18.5735 ], [ 99.3345, 18.5743 ], [ 99.33, 18.5651 ], [ 99.3309, 18.5579 ], [ 99.3282, 18.5409 ], [ 99.3243, 18.5341 ], [ 99.3213, 18.5339 ], [ 99.3177, 18.5304 ], [ 99.3145, 18.5305 ], [ 99.297, 18.5364 ], [ 99.2896, 18.5456 ], [ 99.2789, 18.5526 ], [ 99.2732, 18.5611 ], [ 99.2638, 18.5702 ], [ 99.2532, 18.5725 ], [ 99.2464, 18.5806 ], [ 99.2384, 18.5807 ], [ 99.2308, 18.5873 ], [ 99.2284, 18.5868 ], [ 99.2204, 18.5906 ], [ 99.2248, 18.601 ], [ 99.2253, 18.6061 ], [ 99.2353, 18.6128 ], [ 99.2371, 18.6156 ], [ 99.2334, 18.6269 ], [ 99.235, 18.634 ], [ 99.2328, 18.641 ], [ 99.2357, 18.6486 ], [ 99.234, 18.6509 ], [ 99.2196, 18.6524 ], [ 99.2158, 18.6576 ], [ 99.2086, 18.6575 ], [ 99.2064, 18.6663 ], [ 99.2012, 18.6687 ], [ 99.1906, 18.6775 ], [ 99.1887, 18.688 ], [ 99.1921, 18.6978 ], [ 99.1895, 18.7052 ], [ 99.1833, 18.706 ], [ 99.1805, 18.7036 ], [ 99.1778, 18.7037 ], [ 99.1574, 18.7081 ], [ 99.146, 18.7018 ], [ 99.1375, 18.6993 ], [ 99.129, 18.6885 ], [ 99.1275, 18.6828 ], [ 99.1252, 18.6811 ], [ 99.1164, 18.6804 ], [ 99.1146, 18.6774 ], [ 99.0947, 18.6794 ], [ 99.0823, 18.6781 ], [ 99.082, 18.6803 ], [ 99.0778, 18.6797 ], [ 99.0676, 18.6717 ], [ 99.0534, 18.6664 ], [ 99.0371, 18.6675 ], [ 99.0194, 18.6721 ], [ 99.0133, 18.6719 ], [ 99.0061, 18.6589 ], [ 99.0064, 18.6427 ], [ 98.9954, 18.6364 ], [ 98.9919, 18.6366 ], [ 98.9886, 18.634 ], [ 98.9856, 18.6352 ], [ 98.9851, 18.6327 ], [ 98.9793, 18.6337 ], [ 98.9783, 18.627 ], [ 98.9695, 18.6164 ], [ 98.9697, 18.6139 ], [ 98.9672, 18.6138 ], [ 98.9667, 18.609 ], [ 98.9709, 18.6013 ], [ 98.967, 18.5959 ], [ 98.9636, 18.5951 ], [ 98.9584, 18.5891 ], [ 98.955, 18.584 ], [ 98.955, 18.5779 ], [ 98.9494, 18.5738 ], [ 98.9498, 18.5715 ], [ 98.9454, 18.5623 ], [ 98.9422, 18.5622 ], [ 98.939, 18.5596 ], [ 98.9372, 18.5547 ], [ 98.9345, 18.5527 ], [ 98.9355, 18.5489 ], [ 98.9341, 18.5434 ], [ 98.9367, 18.5411 ], [ 98.9253, 18.5341 ], [ 98.9215, 18.5348 ], [ 98.9157, 18.5328 ], [ 98.9045, 18.5245 ], [ 98.897, 18.5212 ], [ 98.8831, 18.5094 ], [ 98.8791, 18.5096 ], [ 98.8762, 18.5134 ], [ 98.8693, 18.513 ], [ 98.8642, 18.5085 ], [ 98.8629, 18.5022 ], [ 98.8579, 18.4981 ], [ 98.8549, 18.5002 ], [ 98.8538, 18.506 ], [ 98.8494, 18.5053 ], [ 98.8476, 18.5037 ], [ 98.8462, 18.4936 ], [ 98.8419, 18.4864 ], [ 98.8372, 18.4817 ], [ 98.829, 18.4799 ], [ 98.8215, 18.4736 ], [ 98.8152, 18.4613 ], [ 98.8067, 18.462 ], [ 98.8008, 18.4524 ], [ 98.7975, 18.4508 ], [ 98.7885, 18.4522 ], [ 98.7786, 18.4479 ], [ 98.767, 18.4332 ], [ 98.7625, 18.4329 ], [ 98.7562, 18.4353 ], [ 98.7452, 18.4297 ], [ 98.7383, 18.4369 ], [ 98.7286, 18.444 ], [ 98.7246, 18.4402 ], [ 98.7206, 18.4323 ], [ 98.7158, 18.4337 ], [ 98.7118, 18.4398 ], [ 98.709, 18.4385 ], [ 98.7013, 18.4238 ], [ 98.6952, 18.4171 ], [ 98.695, 18.4148 ], [ 98.6969, 18.4108 ], [ 98.7002, 18.4087 ], [ 98.7094, 18.4146 ], [ 98.7097, 18.4096 ], [ 98.6994, 18.3943 ], [ 98.6918, 18.3901 ], [ 98.6887, 18.3831 ], [ 98.6885, 18.3765 ], [ 98.6826, 18.3671 ], [ 98.6837, 18.3641 ], [ 98.6951, 18.353 ], [ 98.7053, 18.3336 ], [ 98.7011, 18.3287 ], [ 98.6935, 18.3329 ], [ 98.6897, 18.333 ], [ 98.6814, 18.3269 ], [ 98.6746, 18.3255 ], [ 98.6723, 18.3233 ], [ 98.6755, 18.319 ], [ 98.6767, 18.3125 ], [ 98.6667, 18.3005 ], [ 98.6752, 18.2945 ], [ 98.6862, 18.293 ], [ 98.6966, 18.2876 ], [ 98.7044, 18.2875 ], [ 98.7103, 18.285 ], [ 98.7246, 18.2777 ], [ 98.729, 18.2725 ], [ 98.7421, 18.2632 ], [ 98.754, 18.2601 ], [ 98.7639, 18.255 ], [ 98.7715, 18.2547 ], [ 98.7771, 18.2486 ], [ 98.7785, 18.2437 ], [ 98.7783, 18.2349 ], [ 98.7766, 18.2302 ], [ 98.7745, 18.2291 ], [ 98.7774, 18.2231 ], [ 98.7855, 18.2195 ], [ 98.7866, 18.2145 ], [ 98.7848, 18.206 ], [ 98.7851, 18.1976 ], [ 98.7819, 18.194 ], [ 98.7853, 18.1825 ], [ 98.7844, 18.1777 ], [ 98.7927, 18.1665 ], [ 98.7934, 18.1599 ], [ 98.795, 18.1584 ], [ 98.8004, 18.1588 ], [ 98.805, 18.1558 ], [ 98.806, 18.1534 ], [ 98.8071, 18.1445 ], [ 98.8057, 18.1417 ], [ 98.8079, 18.1359 ], [ 98.8064, 18.1295 ], [ 98.8091, 18.1231 ], [ 98.8074, 18.1204 ], [ 98.8109, 18.1142 ], [ 98.8083, 18.1049 ], [ 98.8031, 18.1022 ], [ 98.8034, 18.0968 ], [ 98.8019, 18.0941 ], [ 98.8032, 18.0902 ], [ 98.7995, 18.0859 ], [ 98.8015, 18.0833 ], [ 98.8057, 18.0836 ], [ 98.8149, 18.0777 ], [ 98.808, 18.0713 ], [ 98.8099, 18.0672 ], [ 98.8078, 18.0613 ], [ 98.7989, 18.0561 ], [ 98.7983, 18.0462 ], [ 98.7928, 18.035 ], [ 98.7947, 18.0279 ], [ 98.7875, 18.0228 ], [ 98.7862, 18.0165 ], [ 98.7809, 18.0119 ], [ 98.779, 18.0014 ], [ 98.7887, 18.0039 ], [ 98.7917, 18.0001 ], [ 98.8092, 18.0069 ], [ 98.8116, 18.0029 ], [ 98.8172, 17.9994 ], [ 98.8289, 17.9946 ], [ 98.835, 17.9868 ], [ 98.8355, 17.9842 ], [ 98.8323, 17.9791 ], [ 98.8339, 17.9761 ], [ 98.8333, 17.9721 ], [ 98.8379, 17.9659 ], [ 98.8419, 17.9637 ], [ 98.8409, 17.9586 ], [ 98.8434, 17.9428 ], [ 98.8519, 17.9287 ], [ 98.8498, 17.9246 ], [ 98.8522, 17.9199 ], [ 98.8517, 17.9176 ], [ 98.858, 17.9079 ], [ 98.8564, 17.8967 ], [ 98.8627, 17.8937 ], [ 98.8636, 17.8839 ], [ 98.8685, 17.8771 ], [ 98.8675, 17.8712 ], [ 98.8718, 17.8577 ], [ 98.8726, 17.8486 ], [ 98.8662, 17.8494 ], [ 98.863, 17.8542 ], [ 98.8606, 17.8538 ], [ 98.8578, 17.8482 ], [ 98.8552, 17.8467 ], [ 98.8541, 17.8424 ], [ 98.8564, 17.826 ], [ 98.8533, 17.8197 ], [ 98.8578, 17.815 ], [ 98.8565, 17.8124 ], [ 98.8388, 17.8039 ], [ 98.8343, 17.8035 ], [ 98.8303, 17.7985 ], [ 98.8228, 17.7954 ], [ 98.808, 17.7975 ], [ 98.8033, 17.7942 ], [ 98.8002, 17.7954 ], [ 98.7997, 17.8018 ], [ 98.7947, 17.8096 ], [ 98.7952, 17.8118 ], [ 98.7973, 17.8105 ], [ 98.7986, 17.8123 ], [ 98.7985, 17.814 ], [ 98.795, 17.8167 ], [ 98.7963, 17.8213 ], [ 98.7946, 17.8232 ], [ 98.7896, 17.8229 ], [ 98.7884, 17.8258 ], [ 98.7896, 17.8294 ], [ 98.7848, 17.831 ], [ 98.7791, 17.8273 ], [ 98.7747, 17.8188 ], [ 98.769, 17.8121 ], [ 98.7684, 17.8066 ], [ 98.7641, 17.8003 ], [ 98.752, 17.8001 ], [ 98.7467, 17.8031 ], [ 98.7427, 17.8032 ], [ 98.7373, 17.7962 ], [ 98.7274, 17.7922 ], [ 98.7259, 17.7959 ], [ 98.7182, 17.7962 ], [ 98.709, 17.7947 ], [ 98.6987, 17.7905 ], [ 98.6866, 17.7894 ], [ 98.6873, 17.7811 ], [ 98.6919, 17.7753 ], [ 98.69, 17.7652 ], [ 98.6787, 17.7563 ], [ 98.6693, 17.7519 ], [ 98.666, 17.7473 ], [ 98.6507, 17.7428 ], [ 98.6411, 17.7352 ], [ 98.6388, 17.7353 ], [ 98.6344, 17.7429 ], [ 98.6292, 17.7579 ], [ 98.6303, 17.765 ], [ 98.6283, 17.7711 ], [ 98.6236, 17.7768 ], [ 98.6148, 17.7784 ], [ 98.6098, 17.7831 ], [ 98.6052, 17.7922 ], [ 98.5985, 17.8008 ], [ 98.5914, 17.8035 ], [ 98.5917, 17.801 ], [ 98.5899, 17.7987 ], [ 98.5848, 17.7997 ], [ 98.582, 17.8055 ], [ 98.574, 17.8083 ], [ 98.5646, 17.7951 ], [ 98.5612, 17.7944 ], [ 98.5517, 17.802 ], [ 98.5457, 17.8092 ], [ 98.5316, 17.8135 ], [ 98.5238, 17.8219 ], [ 98.5207, 17.8229 ], [ 98.5156, 17.8202 ], [ 98.5169, 17.8162 ], [ 98.512, 17.8113 ], [ 98.4981, 17.8142 ], [ 98.4957, 17.8122 ], [ 98.4939, 17.8052 ], [ 98.4957, 17.7957 ], [ 98.5035, 17.7933 ], [ 98.5089, 17.7879 ], [ 98.5117, 17.7872 ], [ 98.5113, 17.7705 ], [ 98.5078, 17.7685 ], [ 98.5054, 17.7576 ], [ 98.5075, 17.7509 ], [ 98.5188, 17.7348 ], [ 98.5188, 17.7271 ], [ 98.5209, 17.7235 ], [ 98.5223, 17.7138 ], [ 98.5256, 17.7098 ], [ 98.5268, 17.7051 ], [ 98.5236, 17.6956 ], [ 98.5234, 17.6814 ], [ 98.5245, 17.6715 ], [ 98.5328, 17.6459 ], [ 98.5338, 17.6383 ], [ 98.5307, 17.6321 ], [ 98.5335, 17.6195 ], [ 98.5408, 17.6159 ], [ 98.5643, 17.6142 ], [ 98.5809, 17.5956 ], [ 98.5873, 17.5781 ], [ 98.5681, 17.5718 ], [ 98.5508, 17.5623 ], [ 98.5458, 17.5581 ], [ 98.537, 17.5451 ], [ 98.5362, 17.5423 ], [ 98.5378, 17.5392 ] ] ] ] } },
{ "type": "Feature", "properties": { "NAME_1": "ChiangRai" }, "geometry": { "type": "MultiPolygon", "coordinates": [ [ [ [ 99.3977, 19.0065 ], [ 99.3975, 19.0132 ], [ 99.3917, 19.0181 ], [ 99.3832, 19.0456 ], [ 99.3851, 19.0603 ], [ 99.3773, 19.0654 ], [ 99.3709, 19.0646 ], [ 99.3673, 19.0665 ], [ 99.3659, 19.0692 ], [ 99.3657, 19.0777 ], [ 99.364, 19.0791 ], [ 99.3545, 19.0844 ], [ 99.346, 19.0841 ], [ 99.3437, 19.0928 ], [ 99.3375, 19.1036 ], [ 99.3294, 19.116 ], [ 99.3265, 19.1177 ], [ 99.3249, 19.1209 ], [ 99.3228, 19.121 ], [ 99.3218, 19.1264 ], [ 99.3253, 19.135 ], [ 99.3197, 19.1566 ], [ 99.3204, 19.1632 ], [ 99.3179, 19.1677 ], [ 99.3076, 19.1742 ], [ 99.3075, 19.1851 ], [ 99.3048, 19.191 ], [ 99.3074, 19.1926 ], [ 99.3105, 19.203 ], [ 99.3157, 19.2063 ], [ 99.3123, 19.2106 ], [ 99.311, 19.2169 ], [ 99.312, 19.2224 ], [ 99.3199, 19.2279 ], [ 99.324, 19.2388 ], [ 99.3227, 19.2412 ], [ 99.3295, 19.2438 ], [ 99.3386, 19.2528 ], [ 99.3374, 19.2579 ], [ 99.3438, 19.2662 ], [ 99.3395, 19.2786 ], [ 99.3408, 19.285 ], [ 99.3389, 19.2892 ], [ 99.3402, 19.2941 ], [ 99.335, 19.2996 ], [ 99.3332, 19.3087 ], [ 99.3289, 19.3188 ], [ 99.3297, 19.3253 ], [ 99.3267, 19.3278 ], [ 99.3246, 19.3355 ], [ 99.3216, 19.3389 ], [ 99.3184, 19.3477 ], [ 99.3221, 19.354 ], [ 99.3338, 19.3585 ], [ 99.3322, 19.363 ], [ 99.3326, 19.376 ], [ 99.3268, 19.3916 ], [ 99.3267, 19.3947 ], [ 99.3307, 19.3953 ], [ 99.3298, 19.3983 ], [ 99.3251, 19.403 ], [ 99.3227, 19.4028 ], [ 99.3192, 19.413 ], [ 99.3112, 19.4261 ], [ 99.3188, 19.4527 ], [ 99.311, 19.47 ], [ 99.308, 19.471 ], [ 99.3076, 19.4736 ], [ 99.3093, 19.4759 ], [ 99.3084, 19.4812 ], [ 99.3104, 19.4847 ], [ 99.3085, 19.4863 ], [ 99.3037, 19.4848 ], [ 99.2987, 19.486 ], [ 99.2963, 19.4934 ], [ 99.303, 19.5144 ], [ 99.3086, 19.517 ], [ 99.3106, 19.5203 ], [ 99.31, 19.523 ], [ 99.3137, 19.5261 ], [ 99.3158, 19.5259 ], [ 99.3195, 19.5309 ], [ 99.3195, 19.5331 ], [ 99.3227, 19.533 ], [ 99.3269, 19.537 ], [ 99.3216, 19.5403 ], [ 99.3188, 19.551 ], [ 99.3167, 19.5524 ], [ 99.3088, 19.5518 ], [ 99.3001, 19.5605 ], [ 99.2963, 19.5682 ], [ 99.2965, 19.5729 ], [ 99.291, 19.5781 ], [ 99.2936, 19.5897 ], [ 99.2862, 19.6006 ], [ 99.2798, 19.6012 ], [ 99.2687, 19.6078 ], [ 99.2667, 19.6231 ], [ 99.2602, 19.6268 ], [ 99.2625, 19.6334 ], [ 99.2602, 19.6448 ], [ 99.2608, 19.6487 ], [ 99.2651, 19.6524 ], [ 99.2662, 19.6606 ], [ 99.2955, 19.6772 ], [ 99.299, 19.6804 ], [ 99.2987, 19.6831 ], [ 99.3058, 19.6911 ], [ 99.306, 19.6934 ], [ 99.3109, 19.6973 ], [ 99.3126, 19.7007 ], [ 99.3148, 19.7004 ], [ 99.3152, 19.7053 ], [ 99.3264, 19.7103 ], [ 99.3383, 19.7112 ], [ 99.3461, 19.7091 ], [ 99.3482, 19.7109 ], [ 99.3477, 19.7144 ], [ 99.3499, 19.7214 ], [ 99.3582, 19.7229 ], [ 99.3615, 19.7251 ], [ 99.3633, 19.7363 ], [ 99.3613, 19.7421 ], [ 99.3636, 19.7482 ], [ 99.366, 19.7503 ], [ 99.3676, 19.7663 ], [ 99.3638, 19.7744 ], [ 99.3734, 19.7786 ], [ 99.378, 19.779 ], [ 99.3811, 19.7883 ], [ 99.3794, 19.7927 ], [ 99.3885, 19.8052 ], [ 99.3922, 19.8054 ], [ 99.3931, 19.8109 ], [ 99.3957, 19.8122 ], [ 99.4077, 19.8121 ], [ 99.4119, 19.8105 ], [ 99.4217, 19.812 ], [ 99.4218, 19.8194 ], [ 99.4106, 19.8292 ], [ 99.4151, 19.838 ], [ 99.4145, 19.8425 ], [ 99.4118, 19.8421 ], [ 99.4075, 19.8451 ], [ 99.39, 19.8618 ], [ 99.3881, 19.8669 ], [ 99.3893, 19.8731 ], [ 99.3848, 19.887 ], [ 99.3884, 19.8936 ], [ 99.397, 19.9011 ], [ 99.4004, 19.9091 ], [ 99.4094, 19.9132 ], [ 99.4208, 19.9147 ], [ 99.4221, 19.9162 ], [ 99.4187, 19.9208 ], [ 99.4165, 19.9349 ], [ 99.4189, 19.9398 ], [ 99.4194, 19.9477 ], [ 99.4226, 19.9545 ], [ 99.4231, 19.961 ], [ 99.4305, 19.9624 ], [ 99.4354, 19.9615 ], [ 99.4408, 19.9708 ], [ 99.4442, 19.9707 ], [ 99.4492, 19.9732 ], [ 99.4583, 19.9827 ], [ 99.4631, 19.9955 ], [ 99.4672, 19.9989 ], [ 99.4679, 20.0035 ], [ 99.4806, 20.0121 ], [ 99.4762, 20.0143 ], [ 99.4734, 20.0195 ], [ 99.4693, 20.0222 ], [ 99.4713, 20.0287 ], [ 99.469, 20.0313 ], [ 99.4749, 20.033 ], [ 99.4783, 20.0377 ], [ 99.4806, 20.0364 ], [ 99.4858, 20.037 ], [ 99.4877, 20.0394 ], [ 99.4932, 20.0415 ], [ 99.5013, 20.0502 ], [ 99.5085, 20.052 ], [ 99.5172, 20.0471 ], [ 99.5198, 20.0422 ], [ 99.5226, 20.0416 ], [ 99.5245, 20.039 ], [ 99.5272, 20.0391 ], [ 99.5249, 20.0469 ], [ 99.5023, 20.0581 ], [ 99.4962, 20.0627 ], [ 99.4928, 20.0693 ], [ 99.4933, 20.0747 ], [ 99.4953, 20.0781 ], [ 99.501, 20.0793 ], [ 99.5069, 20.0835 ], [ 99.5245, 20.0895 ], [ 99.5499, 20.1011 ], [ 99.5624, 20.0986 ], [ 99.572, 20.1062 ], [ 99.5739, 20.1116 ], [ 99.5685, 20.1213 ], [ 99.5645, 20.1225 ], [ 99.558, 20.1274 ], [ 99.546, 20.1274 ], [ 99.5416, 20.1304 ], [ 99.5249, 20.1348 ], [ 99.5204, 20.1369 ], [ 99.5162, 20.1436 ], [ 99.5172, 20.1432 ], [ 99.5146, 20.1489 ], [ 99.5206, 20.1501 ], [ 99.5328, 20.1442 ], [ 99.5421, 20.1451 ], [ 99.5405, 20.1524 ], [ 99.5428, 20.1588 ], [ 99.5411, 20.1619 ], [ 99.5445, 20.1696 ], [ 99.5532, 20.1725 ], [ 99.5565, 20.177 ], [ 99.5561, 20.1874 ], [ 99.5626, 20.2019 ], [ 99.5658, 20.2038 ], [ 99.5572, 20.2151 ], [ 99.5507, 20.2145 ], [ 99.5456, 20.2169 ], [ 99.5433, 20.2229 ], [ 99.5349, 20.2304 ], [ 99.5241, 20.2316 ], [ 99.5253, 20.2357 ], [ 99.5228, 20.2416 ], [ 99.5232, 20.2482 ], [ 99.5183, 20.254 ], [ 99.5205, 20.2574 ], [ 99.5197, 20.2634 ], [ 99.5118, 20.2831 ], [ 99.5118, 20.2862 ], [ 99.5071, 20.2921 ], [ 99.5088, 20.299 ], [ 99.5078, 20.3052 ], [ 99.5115, 20.3121 ], [ 99.5091, 20.3234 ], [ 99.4984, 20.3391 ], [ 99.4959, 20.3392 ], [ 99.4838, 20.3469 ], [ 99.476, 20.3484 ], [ 99.4686, 20.3563 ], [ 99.4592, 20.3603 ], [ 99.4588, 20.3765 ], [ 99.4612, 20.3829 ], [ 99.4595, 20.3907 ], [ 99.4742, 20.3923 ], [ 99.4903, 20.3819 ], [ 99.4947, 20.3811 ], [ 99.498, 20.3834 ], [ 99.5025, 20.3812 ], [ 99.5036, 20.3776 ], [ 99.5167, 20.3639 ], [ 99.5182, 20.3601 ], [ 99.5264, 20.3606 ], [ 99.5406, 20.3538 ], [ 99.56, 20.3558 ], [ 99.5639, 20.3502 ], [ 99.5762, 20.347 ], [ 99.5798, 20.3429 ], [ 99.5842, 20.3409 ], [ 99.5954, 20.3408 ], [ 99.6004, 20.3361 ], [ 99.6049, 20.3358 ], [ 99.6086, 20.332 ], [ 99.6142, 20.3298 ], [ 99.6164, 20.3343 ], [ 99.6208, 20.334 ], [ 99.625, 20.3368 ], [ 99.6316, 20.3342 ], [ 99.6375, 20.3401 ], [ 99.6442, 20.3396 ], [ 99.6462, 20.3417 ], [ 99.6519, 20.3387 ], [ 99.6527, 20.3337 ], [ 99.6558, 20.3325 ], [ 99.6589, 20.3269 ], [ 99.6743, 20.3203 ], [ 99.6779, 20.3158 ], [ 99.6837, 20.3146 ], [ 99.6869, 20.3164 ], [ 99.6872, 20.3185 ], [ 99.7003, 20.3247 ], [ 99.708, 20.3243 ], [ 99.7132, 20.3221 ], [ 99.7156, 20.3254 ], [ 99.7215, 20.3267 ], [ 99.7225, 20.3302 ], [ 99.7191, 20.3371 ], [ 99.72, 20.3408 ], [ 99.7231, 20.3437 ], [ 99.7283, 20.3441 ], [ 99.7327, 20.3479 ], [ 99.7418, 20.3429 ], [ 99.7475, 20.3437 ], [ 99.7599, 20.337 ], [ 99.7624, 20.34 ], [ 99.7723, 20.3395 ], [ 99.7782, 20.3326 ], [ 99.8015, 20.3324 ], [ 99.8128, 20.3341 ], [ 99.8169, 20.3423 ], [ 99.8278, 20.352 ], [ 99.8307, 20.3623 ], [ 99.8429, 20.3706 ], [ 99.8441, 20.3812 ], [ 99.8416, 20.3871 ], [ 99.8436, 20.3912 ], [ 99.8427, 20.4003 ], [ 99.8463, 20.4045 ], [ 99.85, 20.4057 ], [ 99.8548, 20.4117 ], [ 99.8579, 20.4124 ], [ 99.8631, 20.4271 ], [ 99.8675, 20.4316 ], [ 99.8718, 20.443 ], [ 99.8759, 20.4418 ], [ 99.8865, 20.444 ], [ 99.891, 20.4425 ], [ 99.8928, 20.4433 ], [ 99.8951, 20.4411 ], [ 99.8951, 20.4438 ], [ 99.8994, 20.4464 ], [ 99.9038, 20.4454 ], [ 99.9062, 20.4475 ], [ 99.908, 20.4466 ], [ 99.9096, 20.4478 ], [ 99.9172, 20.4478 ], [ 99.9187, 20.4451 ], [ 99.9234, 20.4439 ], [ 99.9298, 20.4497 ], [ 99.9302, 20.4519 ], [ 99.9344, 20.4543 ], [ 99.9362, 20.4524 ], [ 99.9416, 20.4535 ], [ 99.9533, 20.4592 ], [ 99.9568, 20.4628 ], [ 99.9618, 20.4631 ], [ 99.9614, 20.4594 ], [ 99.9668, 20.4613 ], [ 99.9664, 20.4579 ], [ 99.965, 20.4578 ], [ 99.9671, 20.4557 ], [ 99.9716, 20.4574 ], [ 99.9685, 20.4528 ], [ 99.9753, 20.4505 ], [ 99.9765, 20.4465 ], [ 99.9818, 20.448 ], [ 99.9792, 20.4441 ], [ 99.9759, 20.4429 ], [ 99.9783, 20.4408 ], [ 99.9777, 20.4385 ], [ 99.9827, 20.4397 ], [ 99.985, 20.4363 ], [ 99.9877, 20.4367 ], [ 99.9872, 20.4342 ], [ 99.9909, 20.434 ], [ 99.9865, 20.4321 ], [ 99.9883, 20.43 ], [ 99.9869, 20.4279 ], [ 99.9933, 20.4252 ], [ 99.9891, 20.4209 ], [ 99.9968, 20.4199 ], [ 99.9919, 20.416 ], [ 99.9997, 20.417 ], [ 100.0014, 20.4144 ], [ 100.0053, 20.4132 ], [ 100.0051, 20.4106 ], [ 100.007, 20.4117 ], [ 100.0067, 20.4143 ], [ 100.0105, 20.4165 ], [ 100.0113, 20.4148 ], [ 100.0141, 20.4147 ], [ 100.0127, 20.4113 ], [ 100.016, 20.4128 ], [ 100.0207, 20.4105 ], [ 100.0188, 20.4075 ], [ 100.0213, 20.4047 ], [ 100.0254, 20.4039 ], [ 100.0256, 20.4059 ], [ 100.0272, 20.4027 ], [ 100.03, 20.4021 ], [ 100.0307, 20.4 ], [ 100.0325, 20.4004 ], [ 100.0316, 20.3988 ], [ 100.0351, 20.3971 ], [ 100.0378, 20.3995 ], [ 100.0376, 20.3963 ], [ 100.0422, 20.3914 ], [ 100.0429, 20.3965 ], [ 100.0451, 20.3963 ], [ 100.0464, 20.3906 ], [ 100.0535, 20.3909 ], [ 100.0562, 20.386 ], [ 100.0586, 20.3877 ], [ 100.0574, 20.3922 ], [ 100.0592, 20.3945 ], [ 100.0619, 20.3944 ], [ 100.0645, 20.3905 ], [ 100.0684, 20.3924 ], [ 100.0687, 20.3913 ], [ 100.0655, 20.39 ], [ 100.0657, 20.3836 ], [ 100.069, 20.3841 ], [ 100.0718, 20.3877 ], [ 100.0741, 20.3864 ], [ 100.0714, 20.3818 ], [ 100.0676, 20.3796 ], [ 100.0697, 20.3764 ], [ 100.0687, 20.3733 ], [ 100.073, 20.3731 ], [ 100.0801, 20.3787 ], [ 100.0811, 20.3768 ], [ 100.0788, 20.3721 ], [ 100.0841, 20.3678 ], [ 100.0883, 20.367 ], [ 100.0873, 20.3652 ], [ 100.0822, 20.3639 ], [ 100.0812, 20.3615 ], [ 100.0826, 20.3557 ], [ 100.0869, 20.3506 ], [ 100.088, 20.3437 ], [ 100.0957, 20.3265 ], [ 100.0982, 20.316 ], [ 100.0986, 20.306 ], [ 100.0926, 20.2767 ], [ 100.0941, 20.2659 ], [ 100.0994, 20.259 ], [ 100.114, 20.2484 ], [ 100.1627, 20.2421 ], [ 100.1713, 20.2429 ], [ 100.1757, 20.2457 ], [ 100.1827, 20.2614 ], [ 100.1783, 20.2752 ], [ 100.1707, 20.2835 ], [ 100.1695, 20.2962 ], [ 100.1756, 20.3015 ], [ 100.1843, 20.3052 ], [ 100.1976, 20.3091 ], [ 100.2174, 20.3113 ], [ 100.2228, 20.3152 ], [ 100.2283, 20.3227 ], [ 100.2309, 20.3293 ], [ 100.2262, 20.3453 ], [ 100.227, 20.35 ], [ 100.2317, 20.3563 ], [ 100.2487, 20.3664 ], [ 100.2515, 20.3729 ], [ 100.2507, 20.3809 ], [ 100.2536, 20.3857 ], [ 100.2679, 20.3971 ], [ 100.2744, 20.3988 ], [ 100.3032, 20.3954 ], [ 100.3159, 20.4 ], [ 100.3214, 20.397 ], [ 100.3326, 20.3964 ], [ 100.3532, 20.3792 ], [ 100.3543, 20.3766 ], [ 100.3573, 20.3759 ], [ 100.3615, 20.3659 ], [ 100.3602, 20.361 ], [ 100.3614, 20.3533 ], [ 100.3719, 20.3525 ], [ 100.3771, 20.3487 ], [ 100.3838, 20.3137 ], [ 100.3952, 20.2985 ], [ 100.3979, 20.2916 ], [ 100.4081, 20.28 ], [ 100.4137, 20.2579 ], [ 100.4168, 20.2525 ], [ 100.4295, 20.243 ], [ 100.4387, 20.2393 ], [ 100.454, 20.2297 ], [ 100.4585, 20.2225 ], [ 100.4557, 20.2097 ], [ 100.4557, 20.2025 ], [ 100.4576, 20.1976 ], [ 100.4684, 20.1952 ], [ 100.4801, 20.1867 ], [ 100.4832, 20.1813 ], [ 100.4873, 20.1795 ], [ 100.4919, 20.1746 ], [ 100.4981, 20.1637 ], [ 100.5039, 20.158 ], [ 100.5106, 20.148 ], [ 100.5198, 20.1421 ], [ 100.5304, 20.1419 ], [ 100.5427, 20.1574 ], [ 100.5473, 20.1662 ], [ 100.5548, 20.1735 ], [ 100.5595, 20.1722 ], [ 100.5664, 20.1742 ], [ 100.5798, 20.1665 ], [ 100.5772, 20.148 ], [ 100.5743, 20.1422 ], [ 100.5751, 20.1393 ], [ 100.573, 20.1342 ], [ 100.5737, 20.1237 ], [ 100.5706, 20.1117 ], [ 100.5717, 20.0966 ], [ 100.5667, 20.0922 ], [ 100.5625, 20.0845 ], [ 100.5628, 20.0755 ], [ 100.5606, 20.0653 ], [ 100.5559, 20.0517 ], [ 100.5558, 20.0448 ], [ 100.5528, 20.0412 ], [ 100.5537, 20.0292 ], [ 100.5477, 20.0256 ], [ 100.544, 20.0207 ], [ 100.5433, 20.0157 ], [ 100.5455, 20.012 ], [ 100.531, 19.9773 ], [ 100.5193, 19.944 ], [ 100.5183, 19.9366 ], [ 100.5217, 19.915 ], [ 100.5209, 19.9118 ], [ 100.5159, 19.9073 ], [ 100.5184, 19.9056 ], [ 100.5157, 19.9028 ], [ 100.5075, 19.8853 ], [ 100.5035, 19.8825 ], [ 100.5025, 19.8785 ], [ 100.4982, 19.8736 ], [ 100.484, 19.864 ], [ 100.4626, 19.8551 ], [ 100.452, 19.8459 ], [ 100.4448, 19.8354 ], [ 100.4445, 19.8327 ], [ 100.4493, 19.8278 ], [ 100.4463, 19.8197 ], [ 100.446, 19.8131 ], [ 100.4387, 19.7983 ], [ 100.4225, 19.7851 ], [ 100.4159, 19.7774 ], [ 100.4059, 19.7493 ], [ 100.4058, 19.7407 ], [ 100.4086, 19.7339 ], [ 100.4073, 19.7312 ], [ 100.4, 19.7277 ], [ 100.3949, 19.7229 ], [ 100.3924, 19.7194 ], [ 100.392, 19.7139 ], [ 100.3869, 19.7085 ], [ 100.3731, 19.705 ], [ 100.3707, 19.6988 ], [ 100.3606, 19.6871 ], [ 100.3433, 19.6862 ], [ 100.3356, 19.6818 ], [ 100.3311, 19.6743 ], [ 100.3268, 19.6707 ], [ 100.3248, 19.6607 ], [ 100.321, 19.6551 ], [ 100.3185, 19.6468 ], [ 100.3059, 19.6429 ], [ 100.3029, 19.6444 ], [ 100.2953, 19.6435 ], [ 100.2918, 19.6413 ], [ 100.2853, 19.6418 ], [ 100.2828, 19.6446 ], [ 100.2824, 19.6501 ], [ 100.2774, 19.6484 ], [ 100.275, 19.6435 ], [ 100.2708, 19.6449 ], [ 100.2713, 19.6403 ], [ 100.2699, 19.6398 ], [ 100.2678, 19.645 ], [ 100.2626, 19.6466 ], [ 100.2633, 19.6441 ], [ 100.2577, 19.6441 ], [ 100.2579, 19.6404 ], [ 100.2549, 19.6393 ], [ 100.2542, 19.6355 ], [ 100.2444, 19.6248 ], [ 100.2427, 19.6147 ], [ 100.2382, 19.6063 ], [ 100.2335, 19.605 ], [ 100.2238, 19.609 ], [ 100.2159, 19.6076 ], [ 100.208, 19.5982 ], [ 100.201, 19.5983 ], [ 100.1959, 19.5923 ], [ 100.1841, 19.5857 ], [ 100.1778, 19.5847 ], [ 100.1719, 19.5864 ], [ 100.1678, 19.5852 ], [ 100.1664, 19.5823 ], [ 100.1694, 19.5806 ], [ 100.1682, 19.5782 ], [ 100.1701, 19.5746 ], [ 100.1673, 19.5727 ], [ 100.1646, 19.5739 ], [ 100.1654, 19.5712 ], [ 100.1614, 19.5616 ], [ 100.1526, 19.5607 ], [ 100.15, 19.5559 ], [ 100.1426, 19.5555 ], [ 100.1396, 19.5535 ], [ 100.1367, 19.5552 ], [ 100.1229, 19.5525 ], [ 100.1044, 19.5514 ], [ 100.1004, 19.5528 ], [ 100.0939, 19.5502 ], [ 100.0856, 19.5502 ], [ 100.0766, 19.5446 ], [ 100.0683, 19.5377 ], [ 100.062, 19.5244 ], [ 100.0693, 19.519 ], [ 100.0668, 19.5086 ], [ 100.0685, 19.5053 ], [ 100.0666, 19.5005 ], [ 100.0721, 19.4824 ], [ 100.0674, 19.4701 ], [ 100.0701, 19.4624 ], [ 100.0677, 19.4552 ], [ 100.0642, 19.4504 ], [ 100.0595, 19.4506 ], [ 100.0529, 19.4474 ], [ 100.0483, 19.4406 ], [ 100.0417, 19.4429 ], [ 100.0394, 19.4403 ], [ 100.034, 19.4415 ], [ 100.0327, 19.44 ], [ 100.0335, 19.4386 ], [ 100.0293, 19.4364 ], [ 100.0289, 19.4346 ], [ 100.02, 19.4344 ], [ 100.0188, 19.4365 ], [ 100.0119, 19.4373 ], [ 100.0102, 19.4319 ], [ 100.0147, 19.4269 ], [ 100.0122, 19.4243 ], [ 100.0095, 19.428 ], [ 100.0031, 19.4297 ], [ 100.0023, 19.4326 ], [ 100.0, 19.4337 ], [ 99.9975, 19.4318 ], [ 99.9992, 19.4291 ], [ 99.9942, 19.4274 ], [ 99.9891, 19.4306 ], [ 99.9849, 19.4299 ], [ 99.9835, 19.4278 ], [ 99.9744, 19.4261 ], [ 99.9715, 19.4277 ], [ 99.9647, 19.4261 ], [ 99.9509, 19.4268 ], [ 99.9463, 19.4247 ], [ 99.9445, 19.4183 ], [ 99.931, 19.4135 ], [ 99.9279, 19.4085 ], [ 99.9233, 19.4048 ], [ 99.9163, 19.4309 ], [ 99.9081, 19.4295 ], [ 99.9013, 19.4241 ], [ 99.8967, 19.4361 ], [ 99.8913, 19.4407 ], [ 99.8877, 19.4466 ], [ 99.8822, 19.4473 ], [ 99.8791, 19.4537 ], [ 99.8736, 19.4527 ], [ 99.8656, 19.444 ], [ 99.8556, 19.4451 ], [ 99.8464, 19.4433 ], [ 99.8295, 19.4441 ], [ 99.8137, 19.4484 ], [ 99.7881, 19.4486 ], [ 99.7783, 19.4406 ], [ 99.7574, 19.439 ], [ 99.7528, 19.4333 ], [ 99.7376, 19.4268 ], [ 99.7347, 19.423 ], [ 99.7191, 19.4204 ], [ 99.716, 19.4178 ], [ 99.7081, 19.4235 ], [ 99.7066, 19.4202 ], [ 99.7038, 19.4206 ], [ 99.7014, 19.4181 ], [ 99.6904, 19.4181 ], [ 99.6847, 19.4204 ], [ 99.6847, 19.4158 ], [ 99.6871, 19.4105 ], [ 99.6868, 19.405 ], [ 99.6891, 19.4016 ], [ 99.6888, 19.3967 ], [ 99.6954, 19.381 ], [ 99.6907, 19.3802 ], [ 99.6848, 19.3831 ], [ 99.6839, 19.3893 ], [ 99.6781, 19.3903 ], [ 99.6611, 19.3839 ], [ 99.6563, 19.3857 ], [ 99.6505, 19.3842 ], [ 99.6477, 19.3876 ], [ 99.6422, 19.3863 ], [ 99.6413, 19.3833 ], [ 99.6359, 19.3859 ], [ 99.6345, 19.3823 ], [ 99.6328, 19.3819 ], [ 99.6313, 19.3868 ], [ 99.6194, 19.3897 ], [ 99.617, 19.3921 ], [ 99.617, 19.3947 ], [ 99.6114, 19.3957 ], [ 99.6078, 19.3997 ], [ 99.6028, 19.4002 ], [ 99.5973, 19.4044 ], [ 99.5844, 19.4046 ], [ 99.5719, 19.4114 ], [ 99.5671, 19.416 ], [ 99.5638, 19.411 ], [ 99.5655, 19.4055 ], [ 99.5648, 19.4026 ], [ 99.5775, 19.3873 ], [ 99.5772, 19.3595 ], [ 99.5814, 19.3579 ], [ 99.5827, 19.3519 ], [ 99.5797, 19.3466 ], [ 99.5746, 19.3446 ], [ 99.5829, 19.3362 ], [ 99.5821, 19.3285 ], [ 99.5772, 19.326 ], [ 99.5779, 19.3226 ], [ 99.5814, 19.32 ], [ 99.5793, 19.3141 ], [ 99.582, 19.3089 ], [ 99.5791, 19.3056 ], [ 99.5772, 19.2999 ], [ 99.5782, 19.2971 ], [ 99.58, 19.2969 ], [ 99.5796, 19.2913 ], [ 99.5731, 19.2916 ], [ 99.5707, 19.2862 ], [ 99.5658, 19.2818 ], [ 99.5655, 19.2777 ], [ 99.5616, 19.2695 ], [ 99.5618, 19.2665 ], [ 99.5643, 19.2641 ], [ 99.5608, 19.2563 ], [ 99.5537, 19.2554 ], [ 99.5495, 19.2507 ], [ 99.5508, 19.2468 ], [ 99.5473, 19.2386 ], [ 99.5504, 19.2341 ], [ 99.5495, 19.2247 ], [ 99.5508, 19.2226 ], [ 99.5461, 19.2197 ], [ 99.5444, 19.2143 ], [ 99.5452, 19.2094 ], [ 99.5424, 19.2038 ], [ 99.5443, 19.1917 ], [ 99.5394, 19.1834 ], [ 99.5425, 19.1757 ], [ 99.5378, 19.1603 ], [ 99.5513, 19.1551 ], [ 99.5549, 19.143 ], [ 99.5611, 19.1413 ], [ 99.5617, 19.1382 ], [ 99.5592, 19.1287 ], [ 99.5545, 19.1255 ], [ 99.5537, 19.1199 ], [ 99.5462, 19.112 ], [ 99.5424, 19.1114 ], [ 99.5391, 19.1071 ], [ 99.541, 19.1007 ], [ 99.5364, 19.0929 ], [ 99.5389, 19.0887 ], [ 99.5383, 19.086 ], [ 99.5412, 19.0835 ], [ 99.5348, 19.0812 ], [ 99.5316, 19.078 ], [ 99.5311, 19.0744 ], [ 99.5221, 19.0733 ], [ 99.5193, 19.0774 ], [ 99.5152, 19.0748 ], [ 99.5045, 19.0761 ], [ 99.5002, 19.0728 ], [ 99.4958, 19.0758 ], [ 99.4924, 19.0713 ], [ 99.4856, 19.0685 ], [ 99.4756, 19.0474 ], [ 99.4669, 19.0343 ], [ 99.462, 19.0331 ], [ 99.4452, 19.0183 ], [ 99.4388, 19.0114 ], [ 99.4379, 19.006 ], [ 99.4294, 19.0066 ], [ 99.4221, 19.0011 ], [ 99.4065, 19.0 ], [ 99.4025, 18.9976 ], [ 99.3977, 19.0065 ] ] ] ] } },
{ "type": "Feature", "properties": { "NAME_1": "Lampang" }, "geometry": { "type": "MultiPolygon", "coordinates": [ [ [ [ 99.4269, 17.85 ], [ 99.423, 17.8486 ], [ 99.4227, 17.8422 ], [ 99.4181, 17.8396 ], [ 99.418, 17.8354 ], [ 99.4143, 17.8294 ], [ 99.4139, 17.8236 ], [ 99.4123, 17.8219 ], [ 99.4048, 17.8205 ], [ 99.4026, 17.8159 ], [ 99.3954, 17.8141 ], [ 99.3942, 17.8124 ], [ 99.3953, 17.8073 ], [ 99.3869, 17.7879 ], [ 99.3782, 17.7794 ], [ 99.37, 17.7755 ], [ 99.3682, 17.772 ], [ 99.3819, 17.7636 ], [ 99.3819, 17.7587 ], [ 99.3867, 17.7537 ], [ 99.3809, 17.7482 ], [ 99.3818, 17.7425 ], [ 99.4005, 17.7348 ], [ 99.4072, 17.7248 ], [ 99.4113, 17.723 ], [ 99.4097, 17.7174 ], [ 99.416, 17.7103 ], [ 99.4182, 17.7042 ], [ 99.4266, 17.7089 ], [ 99.4314, 17.7087 ], [ 99.4337, 17.7064 ], [ 99.4406, 17.7068 ], [ 99.444, 17.7049 ], [ 99.4509, 17.7076 ], [ 99.4574, 17.7138 ], [ 99.4596, 17.7207 ], [ 99.4569, 17.7233 ], [ 99.4575, 17.725 ], [ 99.4671, 17.7358 ], [ 99.4736, 17.7366 ], [ 99.4762, 17.7284 ], [ 99.4795, 17.7235 ], [ 99.4754, 17.7151 ], [ 99.4767, 17.6962 ], [ 99.4717, 17.689 ], [ 99.4775, 17.6747 ], [ 99.4732, 17.6704 ], [ 99.4716, 17.6641 ], [ 99.4677, 17.66 ], [ 99.4566, 17.653 ], [ 99.4528, 17.6532 ], [ 99.4488, 17.6423 ], [ 99.4511, 17.6284 ], [ 99.4481, 17.6212 ], [ 99.4487, 17.6172 ], [ 99.4511, 17.6157 ], [ 99.4511, 17.6116 ], [ 99.4565, 17.6073 ], [ 99.4545, 17.6043 ], [ 99.4551, 17.5974 ], [ 99.4538, 17.5963 ], [ 99.4488, 17.5977 ], [ 99.4446, 17.6017 ], [ 99.4427, 17.6074 ], [ 99.4404, 17.6081 ], [ 99.4277, 17.6075 ], [ 99.4233, 17.6038 ], [ 99.4205, 17.5981 ], [ 99.4203, 17.594 ], [ 99.424, 17.5906 ], [ 99.417, 17.582 ], [ 99.4173, 17.5764 ], [ 99.4148, 17.5721 ], [ 99.4166, 17.569 ], [ 99.4212, 17.5673 ], [ 99.431, 17.5672 ], [ 99.4324, 17.5641 ], [ 99.4368, 17.5619 ], [ 99.4322, 17.5467 ], [ 99.4339, 17.5398 ], [ 99.4406, 17.5271 ], [ 99.4391, 17.5242 ], [ 99.4327, 17.5196 ], [ 99.4223, 17.517 ], [ 99.4236, 17.5137 ], [ 99.4216, 17.5117 ], [ 99.4199, 17.5037 ], [ 99.4227, 17.4986 ], [ 99.4193, 17.4928 ], [ 99.4207, 17.4857 ], [ 99.4176, 17.4809 ], [ 99.4176, 17.4783 ], [ 99.4115, 17.4775 ], [ 99.4084, 17.4749 ], [ 99.4074, 17.4697 ], [ 99.4153, 17.4579 ], [ 99.4188, 17.4562 ], [ 99.4159, 17.4482 ], [ 99.4217, 17.4412 ], [ 99.4294, 17.4393 ], [ 99.4359, 17.4322 ], [ 99.4437, 17.4335 ], [ 99.4406, 17.4192 ], [ 99.4314, 17.4163 ], [ 99.4287, 17.4065 ], [ 99.4298, 17.4016 ], [ 99.4319, 17.3995 ], [ 99.4309, 17.3909 ], [ 99.4429, 17.3877 ], [ 99.4464, 17.3795 ], [ 99.4488, 17.3789 ], [ 99.4506, 17.3745 ], [ 99.4561, 17.371 ], [ 99.4575, 17.3666 ], [ 99.4607, 17.3678 ], [ 99.4711, 17.3663 ], [ 99.4732, 17.3619 ], [ 99.472, 17.3552 ], [ 99.4745, 17.3538 ], [ 99.4791, 17.327 ], [ 99.4745, 17.3196 ], [ 99.4708, 17.3182 ], [ 99.463, 17.3088 ], [ 99.4603, 17.308 ], [ 99.4579, 17.3099 ], [ 99.4562, 17.3074 ], [ 99.4575, 17.3046 ], [ 99.4533, 17.294 ], [ 99.4531, 17.2792 ], [ 99.455, 17.2739 ], [ 99.4543, 17.2664 ], [ 99.4566, 17.2644 ], [ 99.4571, 17.2526 ], [ 99.4537, 17.2501 ], [ 99.4476, 17.2499 ], [ 99.4447, 17.2514 ], [ 99.4421, 17.2499 ], [ 99.4448, 17.2408 ], [ 99.4408, 17.2285 ], [ 99.4382, 17.2273 ], [ 99.4332, 17.2301 ], [ 99.4293, 17.2299 ], [ 99.4249, 17.2251 ], [ 99.4195, 17.2243 ], [ 99.4222, 17.219 ], [ 99.4207, 17.217 ], [ 99.4013, 17.2186 ], [ 99.3978, 17.2068 ], [ 99.3909, 17.2055 ], [ 99.3787, 17.2083 ], [ 99.3744, 17.2113 ], [ 99.3704, 17.2202 ], [ 99.3709, 17.2259 ], [ 99.3669, 17.2327 ], [ 99.3623, 17.2358 ], [ 99.3597, 17.2468 ], [ 99.3526, 17.2535 ], [ 99.3484, 17.254 ], [ 99.3418, 17.2618 ], [ 99.3416, 17.2657 ], [ 99.332, 17.2641 ], [ 99.3285, 17.266 ], [ 99.3246, 17.2649 ], [ 99.3219, 17.2679 ], [ 99.3166, 17.2674 ], [ 99.3137, 17.2693 ], [ 99.3107, 17.2684 ], [ 99.3042, 17.2717 ], [ 99.2984, 17.2891 ], [ 99.2984, 17.2911 ], [ 99.301, 17.2923 ], [ 99.2979, 17.2961 ], [ 99.2979, 17.3013 ], [ 99.2945, 17.3064 ], [ 99.2876, 17.3107 ], [ 99.2866, 17.3176 ], [ 99.2776, 17.3296 ], [ 99.2793, 17.3358 ], [ 99.279, 17.3434 ], [ 99.275, 17.3441 ], [ 99.2725, 17.3477 ], [ 99.2716, 17.359 ], [ 99.2736, 17.3725 ], [ 99.2765, 17.3801 ], [ 99.2714, 17.3989 ], [ 99.2608, 17.4039 ], [ 99.2434, 17.4038 ], [ 99.2385, 17.401 ], [ 99.2283, 17.4041 ], [ 99.2267, 17.4032 ], [ 99.2141, 17.3901 ], [ 99.2076, 17.3797 ], [ 99.2105, 17.3714 ], [ 99.2089, 17.3687 ], [ 99.1998, 17.3633 ], [ 99.1973, 17.3574 ], [ 99.1924, 17.3553 ], [ 99.1897, 17.3509 ], [ 99.1778, 17.3467 ], [ 99.1757, 17.3365 ], [ 99.1722, 17.3344 ], [ 99.1664, 17.3364 ], [ 99.1549, 17.336 ], [ 99.1548, 17.3378 ], [ 99.1562, 17.3377 ], [ 99.1532, 17.341 ], [ 99.1503, 17.3496 ], [ 99.1429, 17.3589 ], [ 99.1337, 17.3604 ], [ 99.1292, 17.3637 ], [ 99.1231, 17.3632 ], [ 99.1175, 17.3665 ], [ 99.1177, 17.3688 ], [ 99.1147, 17.3689 ], [ 99.1143, 17.3605 ], [ 99.1127, 17.3577 ], [ 99.1102, 17.3568 ], [ 99.106, 17.3623 ], [ 99.0891, 17.3748 ], [ 99.087, 17.3752 ], [ 99.0775, 17.3708 ], [ 99.0673, 17.3763 ], [ 99.0663, 17.3812 ], [ 99.0587, 17.386 ], [ 99.0548, 17.3867 ], [ 99.0492, 17.3839 ], [ 99.0426, 17.3889 ], [ 99.0444, 17.3935 ], [ 99.0361, 17.4001 ], [ 99.0339, 17.4085 ], [ 99.0207, 17.4095 ], [ 99.0178, 17.4112 ], [ 99.018, 17.4126 ], [ 99.0132, 17.4126 ], [ 99.0149, 17.4205 ], [ 99.0118, 17.4228 ], [ 99.011, 17.4256 ], [ 99.0079, 17.427 ], [ 99.0063, 17.4336 ], [ 99.0014, 17.4373 ], [ 99.0002, 17.4411 ], [ 98.9936, 17.4458 ], [ 98.9938, 17.451 ], [ 98.9883, 17.4542 ], [ 98.9877, 17.4587 ], [ 98.9813, 17.4657 ], [ 98.9753, 17.4633 ], [ 98.9638, 17.4651 ], [ 98.9607, 17.4613 ], [ 98.9587, 17.4635 ], [ 98.9573, 17.4729 ], [ 98.9471, 17.4672 ], [ 98.9385, 17.4695 ], [ 98.9384, 17.4731 ], [ 98.9331, 17.4729 ], [ 98.934, 17.4822 ], [ 98.9308, 17.4839 ], [ 98.928, 17.4901 ], [ 98.9311, 17.4941 ], [ 98.928, 17.4981 ], [ 98.9291, 17.5049 ], [ 98.9234, 17.5117 ], [ 98.9276, 17.5212 ], [ 98.9242, 17.5272 ], [ 98.9139, 17.5318 ], [ 98.9071, 17.543 ], [ 98.9085, 17.5498 ], [ 98.9063, 17.5628 ], [ 98.9102, 17.5688 ], [ 98.9088, 17.5724 ], [ 98.9119, 17.5761 ], [ 98.9121, 17.5804 ], [ 98.9104, 17.582 ], [ 98.8904, 17.5872 ], [ 98.8885, 17.5921 ], [ 98.8878, 17.6016 ], [ 98.882, 17.6034 ], [ 98.8834, 17.6067 ], [ 98.881, 17.6089 ], [ 98.8861, 17.6197 ], [ 98.8829, 17.6247 ], [ 98.895, 17.6313 ], [ 98.8958, 17.6356 ], [ 98.8989, 17.6382 ], [ 98.9022, 17.6397 ], [ 98.9052, 17.6388 ], [ 98.9066, 17.6466 ], [ 98.9086, 17.6472 ], [ 98.919, 17.6409 ], [ 98.9229, 17.6424 ], [ 98.9303, 17.6424 ], [ 98.9406, 17.6385 ], [ 98.9438, 17.6424 ], [ 98.9489, 17.6447 ], [ 98.9535, 17.6432 ], [ 98.9563, 17.6401 ], [ 98.9625, 17.6382 ], [ 98.9734, 17.6408 ], [ 98.9791, 17.6383 ], [ 98.9835, 17.6386 ], [ 98.9924, 17.632 ], [ 98.9947, 17.634 ], [ 99.001, 17.6339 ], [ 99.0066, 17.6281 ], [ 99.0093, 17.6221 ], [ 99.0158, 17.6208 ], [ 99.0203, 17.6136 ], [ 99.0313, 17.6133 ], [ 99.037, 17.6113 ], [ 99.041, 17.6134 ], [ 99.0475, 17.6102 ], [ 99.0511, 17.6109 ], [ 99.0561, 17.6204 ], [ 99.0604, 17.6251 ], [ 99.0605, 17.6298 ], [ 99.0631, 17.6341 ], [ 99.0623, 17.6381 ], [ 99.0651, 17.6426 ], [ 99.0624, 17.6475 ], [ 99.0609, 17.6591 ], [ 99.0622, 17.6676 ], [ 99.0671, 17.6708 ], [ 99.0632, 17.681 ], [ 99.0648, 17.6823 ], [ 99.0657, 17.6905 ], [ 99.0712, 17.6946 ], [ 99.0759, 17.695 ], [ 99.0784, 17.697 ], [ 99.0823, 17.6964 ], [ 99.0888, 17.7024 ], [ 99.0886, 17.7045 ], [ 99.0844, 17.7074 ], [ 99.0864, 17.7123 ], [ 99.0854, 17.7165 ], [ 99.0875, 17.7193 ], [ 99.0847, 17.723 ], [ 99.0866, 17.7358 ], [ 99.0941, 17.7407 ], [ 99.1054, 17.739 ], [ 99.1082, 17.7427 ], [ 99.1062, 17.7479 ], [ 99.1119, 17.7521 ], [ 99.1135, 17.7572 ], [ 99.1133, 17.7658 ], [ 99.1164, 17.7684 ], [ 99.1249, 17.7671 ], [ 99.1267, 17.7704 ], [ 99.1237, 17.7717 ], [ 99.1253, 17.7754 ], [ 99.1247, 17.7782 ], [ 99.1193, 17.7805 ], [ 99.1181, 17.7889 ], [ 99.1134, 17.7894 ], [ 99.1116, 17.7912 ], [ 99.1104, 17.8024 ], [ 99.1049, 17.8106 ], [ 99.1116, 17.8145 ], [ 99.1235, 17.8174 ], [ 99.1299, 17.8148 ], [ 99.1367, 17.8193 ], [ 99.1469, 17.8127 ], [ 99.1518, 17.8148 ], [ 99.1611, 17.8066 ], [ 99.176, 17.8093 ], [ 99.1758, 17.8136 ], [ 99.1725, 17.8134 ], [ 99.1708, 17.815 ], [ 99.1744, 17.8166 ], [ 99.1749, 17.8198 ], [ 99.166, 17.8287 ], [ 99.1612, 17.8407 ], [ 99.1628, 17.8454 ], [ 99.173, 17.8449 ], [ 99.1787, 17.848 ], [ 99.1837, 17.8476 ], [ 99.1851, 17.8582 ], [ 99.181, 17.8596 ], [ 99.1738, 17.8696 ], [ 99.1648, 17.8752 ], [ 99.1634, 17.8853 ], [ 99.1571, 17.891 ], [ 99.1505, 17.8936 ], [ 99.1479, 17.8969 ], [ 99.1458, 17.9013 ], [ 99.1482, 17.9094 ], [ 99.1416, 17.9081 ], [ 99.1335, 17.9124 ], [ 99.122, 17.914 ], [ 99.1153, 17.9108 ], [ 99.1077, 17.9116 ], [ 99.1136, 17.9182 ], [ 99.116, 17.9259 ], [ 99.1168, 17.9447 ], [ 99.1123, 17.9472 ], [ 99.1033, 17.9459 ], [ 99.0986, 17.9492 ], [ 99.096, 17.9556 ], [ 99.0957, 17.9603 ], [ 99.0991, 17.9668 ], [ 99.0962, 17.9741 ], [ 99.1029, 17.9813 ], [ 99.0974, 17.9901 ], [ 99.0967, 17.9944 ], [ 99.1024, 17.9991 ], [ 99.1, 18.0077 ], [ 99.0942, 18.013 ], [ 99.0936, 18.0226 ], [ 99.0853, 18.0279 ], [ 99.0858, 18.0343 ], [ 99.084, 18.0423 ], [ 99.0718, 18.0611 ], [ 99.0741, 18.0884 ], [ 99.0736, 18.0918 ], [ 99.0698, 18.0947 ], [ 99.0684, 18.0979 ], [ 99.0716, 18.1039 ], [ 99.0673, 18.1081 ], [ 99.0662, 18.1391 ], [ 99.0594, 18.1538 ], [ 99.0556, 18.1558 ], [ 99.0533, 18.1591 ], [ 99.053, 18.1662 ], [ 99.0581, 18.1709 ], [ 99.0583, 18.1731 ], [ 99.0491, 18.1877 ], [ 99.0465, 18.1889 ], [ 99.0456, 18.194 ], [ 99.0388, 18.198 ], [ 99.0307, 18.214 ], [ 99.0314, 18.2215 ], [ 99.0287, 18.2308 ], [ 99.0226, 18.2384 ], [ 99.0217, 18.249 ], [ 99.0197, 18.2512 ], [ 99.0229, 18.2554 ], [ 99.0301, 18.2601 ], [ 99.0307, 18.2634 ], [ 99.0527, 18.264 ], [ 99.0556, 18.2683 ], [ 99.0643, 18.2709 ], [ 99.0818, 18.2672 ], [ 99.0838, 18.2694 ], [ 99.0858, 18.2779 ], [ 99.0947, 18.2777 ], [ 99.0993, 18.2711 ], [ 99.1073, 18.2641 ], [ 99.1137, 18.2652 ], [ 99.1161, 18.2673 ], [ 99.118, 18.2729 ], [ 99.1147, 18.2921 ], [ 99.1207, 18.2963 ], [ 99.121, 18.2995 ], [ 99.1244, 18.299 ], [ 99.1243, 18.3013 ], [ 99.1261, 18.303 ], [ 99.1239, 18.3095 ], [ 99.1276, 18.312 ], [ 99.1458, 18.3112 ], [ 99.1535, 18.3141 ], [ 99.153, 18.3206 ], [ 99.1549, 18.3284 ], [ 99.1593, 18.331 ], [ 99.1614, 18.3384 ], [ 99.1674, 18.3401 ], [ 99.171, 18.3461 ], [ 99.1714, 18.3595 ], [ 99.1682, 18.3626 ], [ 99.1687, 18.3732 ], [ 99.1724, 18.3733 ], [ 99.1907, 18.3863 ], [ 99.1916, 18.3898 ], [ 99.1897, 18.3933 ], [ 99.1968, 18.4061 ], [ 99.1962, 18.4101 ], [ 99.2005, 18.4193 ], [ 99.2035, 18.4204 ], [ 99.2041, 18.4229 ], [ 99.2103, 18.4232 ], [ 99.2123, 18.4261 ], [ 99.2163, 18.4279 ], [ 99.2232, 18.4286 ], [ 99.2313, 18.4408 ], [ 99.239, 18.4471 ], [ 99.2374, 18.4549 ], [ 99.2394, 18.4566 ], [ 99.2393, 18.4623 ], [ 99.2417, 18.4668 ], [ 99.2406, 18.47 ], [ 99.2437, 18.4744 ], [ 99.2443, 18.4783 ], [ 99.2495, 18.4816 ], [ 99.2511, 18.4855 ], [ 99.256, 18.4878 ], [ 99.259, 18.4938 ], [ 99.2725, 18.4937 ], [ 99.2843, 18.4981 ], [ 99.2874, 18.491 ], [ 99.3, 18.4877 ], [ 99.304, 18.4892 ], [ 99.3097, 18.4952 ], [ 99.315, 18.4948 ], [ 99.3201, 18.4992 ], [ 99.3225, 18.4993 ], [ 99.3211, 18.5032 ], [ 99.3216, 18.5101 ], [ 99.3201, 18.5125 ], [ 99.3211, 18.5177 ], [ 99.3184, 18.5227 ], [ 99.3186, 18.5309 ], [ 99.3213, 18.5339 ], [ 99.3243, 18.5341 ], [ 99.3282, 18.5409 ], [ 99.3309, 18.5579 ], [ 99.3299, 18.5645 ], [ 99.3316, 18.5697 ], [ 99.3345, 18.5743 ], [ 99.3452, 18.5735 ], [ 99.3479, 18.576 ], [ 99.3549, 18.5773 ], [ 99.3524, 18.5804 ], [ 99.3524, 18.5866 ], [ 99.3502, 18.5882 ], [ 99.3503, 18.5905 ], [ 99.3516, 18.5927 ], [ 99.3549, 18.593 ], [ 99.361, 18.6029 ], [ 99.355, 18.6106 ], [ 99.3477, 18.6145 ], [ 99.3391, 18.6139 ], [ 99.3302, 18.616 ], [ 99.329, 18.6192 ], [ 99.3315, 18.6249 ], [ 99.3283, 18.6272 ], [ 99.3288, 18.6368 ], [ 99.3337, 18.647 ], [ 99.3373, 18.6485 ], [ 99.3438, 18.6479 ], [ 99.3503, 18.6538 ], [ 99.3406, 18.6635 ], [ 99.3349, 18.6665 ], [ 99.3355, 18.6699 ], [ 99.3327, 18.6783 ], [ 99.329, 18.683 ], [ 99.3373, 18.6926 ], [ 99.3351, 18.6974 ], [ 99.3362, 18.7007 ], [ 99.3424, 18.7037 ], [ 99.3426, 18.7139 ], [ 99.3453, 18.7154 ], [ 99.3497, 18.7232 ], [ 99.3495, 18.7316 ], [ 99.3629, 18.7446 ], [ 99.3698, 18.748 ], [ 99.3727, 18.7528 ], [ 99.3708, 18.7619 ], [ 99.3679, 18.7668 ], [ 99.3695, 18.7745 ], [ 99.3722, 18.7783 ], [ 99.3676, 18.7841 ], [ 99.3641, 18.7962 ], [ 99.3611, 18.7982 ], [ 99.357, 18.8161 ], [ 99.354, 18.8215 ], [ 99.3559, 18.8226 ], [ 99.3525, 18.8317 ], [ 99.3537, 18.8447 ], [ 99.3741, 18.8552 ], [ 99.3872, 18.866 ], [ 99.3894, 18.8738 ], [ 99.3879, 18.8763 ], [ 99.3924, 18.8837 ], [ 99.3877, 18.8873 ], [ 99.3885, 18.8924 ], [ 99.386, 18.8971 ], [ 99.3847, 18.9083 ], [ 99.3799, 18.9203 ], [ 99.386, 18.9319 ], [ 99.3878, 18.9411 ], [ 99.3849, 18.9511 ], [ 99.377, 18.9578 ], [ 99.379, 18.9662 ], [ 99.3749, 18.9709 ], [ 99.3756, 18.9811 ], [ 99.3764, 18.983 ], [ 99.3917, 18.9917 ], [ 99.3968, 18.9962 ], [ 99.4065, 19.0 ], [ 99.4221, 19.0011 ], [ 99.4294, 19.0066 ], [ 99.4379, 19.006 ], [ 99.4388, 19.0114 ], [ 99.4452, 19.0183 ], [ 99.462, 19.0331 ], [ 99.4669, 19.0343 ], [ 99.4756, 19.0474 ], [ 99.4856, 19.0685 ], [ 99.4924, 19.0713 ], [ 99.4949, 19.0753 ], [ 99.5002, 19.0728 ], [ 99.5045, 19.0761 ], [ 99.5152, 19.0748 ], [ 99.5193, 19.0774 ], [ 99.5221, 19.0733 ], [ 99.5311, 19.0744 ], [ 99.5316, 19.078 ], [ 99.5348, 19.0812 ], [ 99.5412, 19.0835 ], [ 99.5383, 19.086 ], [ 99.5389, 19.0887 ], [ 99.5364, 19.0929 ], [ 99.541, 19.1007 ], [ 99.5391, 19.1071 ], [ 99.5424, 19.1114 ], [ 99.5462, 19.112 ], [ 99.5537, 19.1199 ], [ 99.5545, 19.1255 ], [ 99.5592, 19.1287 ], [ 99.5617, 19.1382 ], [ 99.5611, 19.1413 ], [ 99.5549, 19.143 ], [ 99.5513, 19.1551 ], [ 99.5378, 19.1603 ], [ 99.5425, 19.1757 ], [ 99.5394, 19.1834 ], [ 99.5443, 19.1917 ], [ 99.5424, 19.2038 ], [ 99.5452, 19.2094 ], [ 99.5444, 19.2143 ], [ 99.5461, 19.2197 ], [ 99.5508, 19.2226 ], [ 99.5495, 19.2247 ], [ 99.5504, 19.2341 ], [ 99.5473, 19.2386 ], [ 99.5508, 19.2468 ], [ 99.5495, 19.2507 ], [ 99.5537, 19.2554 ], [ 99.5608, 19.2563 ], [ 99.5643, 19.2641 ], [ 99.5618, 19.2665 ], [ 99.5616, 19.2695 ], [ 99.5655, 19.2777 ], [ 99.5658, 19.2818 ], [ 99.5707, 19.2862 ], [ 99.5731, 19.2916 ], [ 99.5796, 19.2913 ], [ 99.58, 19.2969 ], [ 99.5782, 19.2971 ], [ 99.5772, 19.2999 ], [ 99.5791, 19.3056 ], [ 99.582, 19.3089 ], [ 99.5793, 19.3141 ], [ 99.5814, 19.32 ], [ 99.5779, 19.3226 ], [ 99.5772, 19.326 ], [ 99.5821, 19.3285 ], [ 99.5829, 19.3362 ], [ 99.5746, 19.3446 ], [ 99.5797, 19.3466 ], [ 99.5827, 19.3519 ], [ 99.5814, 19.3579 ], [ 99.5772, 19.3595 ], [ 99.5775, 19.3873 ], [ 99.5648, 19.4026 ], [ 99.5655, 19.4055 ], [ 99.5638, 19.411 ], [ 99.5671, 19.416 ], [ 99.5719, 19.4114 ], [ 99.5844, 19.4046 ], [ 99.5973, 19.4044 ], [ 99.6028, 19.4002 ], [ 99.6078, 19.3997 ], [ 99.6114, 19.3957 ], [ 99.617, 19.3947 ], [ 99.617, 19.3921 ], [ 99.6194, 19.3897 ], [ 99.6313, 19.3868 ], [ 99.6328, 19.3819 ], [ 99.6345, 19.3823 ], [ 99.6359, 19.3859 ], [ 99.6413, 19.3833 ], [ 99.6422, 19.3863 ], [ 99.6477, 19.3876 ], [ 99.6505, 19.3842 ], [ 99.6563, 19.3857 ], [ 99.6611, 19.3839 ], [ 99.6781, 19.3903 ], [ 99.6839, 19.3893 ], [ 99.6843, 19.3839 ], [ 99.6865, 19.3818 ], [ 99.6897, 19.3802 ], [ 99.6954, 19.381 ], [ 99.6976, 19.3788 ], [ 99.6955, 19.3761 ], [ 99.6966, 19.3736 ], [ 99.6936, 19.3621 ], [ 99.6942, 19.3578 ], [ 99.6969, 19.3531 ], [ 99.701, 19.3506 ], [ 99.7023, 19.3454 ], [ 99.7056, 19.3458 ], [ 99.7084, 19.3437 ], [ 99.7099, 19.3384 ], [ 99.7084, 19.3358 ], [ 99.7099, 19.3279 ], [ 99.7058, 19.3184 ], [ 99.703, 19.3155 ], [ 99.6996, 19.3045 ], [ 99.7001, 19.3006 ], [ 99.7044, 19.2955 ], [ 99.7047, 19.2835 ], [ 99.7071, 19.2746 ], [ 99.7051, 19.2636 ], [ 99.7061, 19.2568 ], [ 99.7044, 19.2531 ], [ 99.7074, 19.2466 ], [ 99.7053, 19.2426 ], [ 99.7073, 19.2384 ], [ 99.7128, 19.2356 ], [ 99.712, 19.229 ], [ 99.7177, 19.214 ], [ 99.7162, 19.2098 ], [ 99.7198, 19.2069 ], [ 99.7239, 19.1967 ], [ 99.724, 19.1905 ], [ 99.7271, 19.1872 ], [ 99.7309, 19.179 ], [ 99.728, 19.1676 ], [ 99.731, 19.1678 ], [ 99.7347, 19.1646 ], [ 99.7361, 19.1608 ], [ 99.7407, 19.1565 ], [ 99.7459, 19.1403 ], [ 99.76, 19.1314 ], [ 99.7587, 19.119 ], [ 99.7616, 19.1136 ], [ 99.7654, 19.0995 ], [ 99.7663, 19.0934 ], [ 99.7648, 19.0893 ], [ 99.7703, 19.0761 ], [ 99.7758, 19.0745 ], [ 99.7743, 19.0655 ], [ 99.7751, 19.0623 ], [ 99.7834, 19.0585 ], [ 99.7834, 19.0558 ], [ 99.7856, 19.054 ], [ 99.7939, 19.0531 ], [ 99.7962, 19.0515 ], [ 99.807, 19.0565 ], [ 99.8146, 19.0567 ], [ 99.8176, 19.0603 ], [ 99.8201, 19.0598 ], [ 99.8217, 19.0582 ], [ 99.8227, 19.0431 ], [ 99.8297, 19.0392 ], [ 99.8345, 19.0385 ], [ 99.8311, 19.0301 ], [ 99.8366, 19.0252 ], [ 99.8342, 19.0203 ], [ 99.8357, 19.0166 ], [ 99.8317, 19.0122 ], [ 99.8313, 19.0089 ], [ 99.84, 18.9995 ], [ 99.8468, 19.0021 ], [ 99.8555, 19.001 ], [ 99.8596, 18.998 ], [ 99.8744, 18.9947 ], [ 99.879, 18.9981 ], [ 99.885, 18.9978 ], [ 99.8857, 18.9934 ], [ 99.8913, 18.9862 ], [ 99.8961, 18.9871 ], [ 99.9082, 18.981 ], [ 99.9126, 18.9862 ], [ 99.9175, 18.9807 ], [ 99.9283, 18.9771 ], [ 99.9323, 18.9682 ], [ 99.9352, 18.9677 ], [ 99.9416, 18.9582 ], [ 99.9475, 18.9401 ], [ 99.9525, 18.9385 ], [ 99.9562, 18.933 ], [ 99.9697, 18.9248 ], [ 99.9763, 18.9176 ], [ 99.9792, 18.9163 ], [ 99.9826, 18.9177 ], [ 99.9986, 18.9037 ], [ 100.0043, 18.9056 ], [ 100.0105, 18.9031 ], [ 100.0183, 18.8943 ], [ 100.0253, 18.8944 ], [ 100.0355, 18.9003 ], [ 100.0385, 18.8967 ], [ 100.0397, 18.892 ], [ 100.0473, 18.8835 ], [ 100.0522, 18.8841 ], [ 100.0605, 18.8784 ], [ 100.0642, 18.874 ], [ 100.0681, 18.865 ], [ 100.072, 18.8635 ], [ 100.0717, 18.8563 ], [ 100.0689, 18.8505 ], [ 100.0706, 18.8441 ], [ 100.0675, 18.8422 ], [ 100.0635, 18.8326 ], [ 100.0644, 18.8289 ], [ 100.0683, 18.8262 ], [ 100.0685, 18.8153 ], [ 100.0743, 18.8159 ], [ 100.0749, 18.8192 ], [ 100.077, 18.8205 ], [ 100.0865, 18.8239 ], [ 100.0872, 18.8259 ], [ 100.09, 18.8256 ], [ 100.0907, 18.8226 ], [ 100.0977, 18.8186 ], [ 100.0997, 18.8136 ], [ 100.1075, 18.8117 ], [ 100.1129, 18.8063 ], [ 100.116, 18.807 ], [ 100.1176, 18.7975 ], [ 100.1236, 18.7963 ], [ 100.1246, 18.7912 ], [ 100.1273, 18.7882 ], [ 100.1273, 18.7826 ], [ 100.1205, 18.7786 ], [ 100.1167, 18.7744 ], [ 100.1172, 18.7643 ], [ 100.1108, 18.7608 ], [ 100.1096, 18.7566 ], [ 100.1056, 18.7539 ], [ 100.1028, 18.7495 ], [ 100.1036, 18.7363 ], [ 100.0993, 18.7323 ], [ 100.0984, 18.7275 ], [ 100.1012, 18.7227 ], [ 100.1034, 18.7222 ], [ 100.1023, 18.714 ], [ 100.1051, 18.7094 ], [ 100.1052, 18.7031 ], [ 100.1098, 18.7011 ], [ 100.11, 18.6896 ], [ 100.1061, 18.6879 ], [ 100.1062, 18.6836 ], [ 100.1107, 18.681 ], [ 100.1106, 18.6754 ], [ 100.113, 18.6697 ], [ 100.1067, 18.6612 ], [ 100.1088, 18.6567 ], [ 100.1084, 18.6518 ], [ 100.1046, 18.6463 ], [ 100.1014, 18.6275 ], [ 100.1074, 18.6201 ], [ 100.1075, 18.6156 ], [ 100.1095, 18.6131 ], [ 100.1123, 18.6124 ], [ 100.1138, 18.6095 ], [ 100.1181, 18.6079 ], [ 100.1213, 18.6043 ], [ 100.1218, 18.599 ], [ 100.1172, 18.5924 ], [ 100.1118, 18.5881 ], [ 100.1132, 18.5863 ], [ 100.112, 18.5814 ], [ 100.1138, 18.5752 ], [ 100.1102, 18.5726 ], [ 100.1088, 18.5694 ], [ 100.1087, 18.5635 ], [ 100.1103, 18.5614 ], [ 100.1085, 18.5581 ], [ 100.1032, 18.5599 ], [ 100.0923, 18.5711 ], [ 100.0775, 18.5589 ], [ 100.0706, 18.5604 ], [ 100.0572, 18.5554 ], [ 100.0566, 18.5473 ], [ 100.0536, 18.5401 ], [ 100.0548, 18.5363 ], [ 100.0507, 18.5293 ], [ 100.0514, 18.5274 ], [ 100.0582, 18.5245 ], [ 100.0567, 18.5188 ], [ 100.0575, 18.5145 ], [ 100.053, 18.5104 ], [ 100.0525, 18.5007 ], [ 100.0505, 18.4948 ], [ 100.0411, 18.4849 ], [ 100.0324, 18.4687 ], [ 100.0301, 18.4669 ], [ 100.0257, 18.4677 ], [ 100.0295, 18.4625 ], [ 100.0229, 18.446 ], [ 100.0136, 18.444 ], [ 100.0065, 18.4443 ], [ 100.0058, 18.4432 ], [ 100.0115, 18.4415 ], [ 100.0157, 18.4359 ], [ 100.0077, 18.4204 ], [ 100.0058, 18.413 ], [ 100.008, 18.4108 ], [ 100.0073, 18.4083 ], [ 100.0017, 18.4008 ], [ 99.9991, 18.4015 ], [ 99.9921, 18.3968 ], [ 99.989, 18.3903 ], [ 99.9829, 18.3908 ], [ 99.9794, 18.3892 ], [ 99.9677, 18.3918 ], [ 99.9716, 18.387 ], [ 99.9703, 18.3831 ], [ 99.9686, 18.3813 ], [ 99.9627, 18.3823 ], [ 99.9564, 18.3739 ], [ 99.9509, 18.3614 ], [ 99.9523, 18.354 ], [ 99.9454, 18.3532 ], [ 99.9409, 18.3492 ], [ 99.9407, 18.3393 ], [ 99.9384, 18.3359 ], [ 99.9379, 18.3267 ], [ 99.9274, 18.3101 ], [ 99.9249, 18.3084 ], [ 99.9131, 18.2841 ], [ 99.9102, 18.2825 ], [ 99.909, 18.2791 ], [ 99.8968, 18.2785 ], [ 99.8903, 18.2815 ], [ 99.8842, 18.2795 ], [ 99.8815, 18.2804 ], [ 99.8762, 18.2767 ], [ 99.8663, 18.2782 ], [ 99.8595, 18.2821 ], [ 99.8581, 18.2776 ], [ 99.86, 18.2736 ], [ 99.8577, 18.272 ], [ 99.854, 18.2621 ], [ 99.8514, 18.2601 ], [ 99.8532, 18.2568 ], [ 99.8521, 18.2543 ], [ 99.8507, 18.2532 ], [ 99.8468, 18.2552 ], [ 99.8416, 18.2442 ], [ 99.8356, 18.2378 ], [ 99.8346, 18.2345 ], [ 99.8229, 18.2361 ], [ 99.8028, 18.2133 ], [ 99.8005, 18.1983 ], [ 99.7918, 18.1905 ], [ 99.7892, 18.1835 ], [ 99.7553, 18.1393 ], [ 99.7572, 18.1337 ], [ 99.7557, 18.1277 ], [ 99.7627, 18.122 ], [ 99.7624, 18.1203 ], [ 99.7561, 18.1193 ], [ 99.7483, 18.1098 ], [ 99.7407, 18.1069 ], [ 99.7357, 18.0936 ], [ 99.7279, 18.0841 ], [ 99.7217, 18.0688 ], [ 99.7208, 18.0678 ], [ 99.7157, 18.0697 ], [ 99.7109, 18.0671 ], [ 99.708, 18.0693 ], [ 99.7021, 18.0654 ], [ 99.6913, 18.0628 ], [ 99.6934, 18.0543 ], [ 99.6858, 18.0501 ], [ 99.6817, 18.0439 ], [ 99.6709, 18.0403 ], [ 99.6591, 18.0384 ], [ 99.652, 18.0505 ], [ 99.6519, 18.0548 ], [ 99.6434, 18.054 ], [ 99.634, 18.0608 ], [ 99.6286, 18.0583 ], [ 99.6203, 18.0469 ], [ 99.6164, 18.0462 ], [ 99.6121, 18.0478 ], [ 99.6014, 18.0376 ], [ 99.5883, 18.0344 ], [ 99.5868, 18.0304 ], [ 99.5904, 18.0246 ], [ 99.59, 18.0203 ], [ 99.5932, 18.0158 ], [ 99.5928, 18.0127 ], [ 99.5965, 18.0087 ], [ 99.5952, 18.0063 ], [ 99.5828, 17.9997 ], [ 99.5778, 17.9941 ], [ 99.5659, 17.9893 ], [ 99.5626, 17.9832 ], [ 99.5626, 17.9753 ], [ 99.5591, 17.9719 ], [ 99.5451, 17.969 ], [ 99.5389, 17.9603 ], [ 99.5336, 17.9599 ], [ 99.5244, 17.9555 ], [ 99.523, 17.9501 ], [ 99.5188, 17.9463 ], [ 99.513, 17.9416 ], [ 99.5088, 17.9418 ], [ 99.5003, 17.9302 ], [ 99.4958, 17.9277 ], [ 99.4914, 17.9206 ], [ 99.4876, 17.9181 ], [ 99.4847, 17.9188 ], [ 99.4857, 17.9146 ], [ 99.4847, 17.9108 ], [ 99.4785, 17.8998 ], [ 99.4792, 17.8978 ], [ 99.477, 17.8927 ], [ 99.4714, 17.891 ], [ 99.4707, 17.8876 ], [ 99.4675, 17.8845 ], [ 99.454, 17.8771 ], [ 99.4504, 17.8678 ], [ 99.4462, 17.8659 ], [ 99.444, 17.8621 ], [ 99.4401, 17.8619 ], [ 99.4308, 17.856 ], [ 99.4296, 17.8512 ], [ 99.4269, 17.85 ] ] ] ] } },
{ "type": "Feature", "properties": { "NAME_1": "Lamphun" }, "geometry": { "type": "MultiPolygon", "coordinates": [ [ [ [ 98.6877, 17.7803 ], [ 98.6866, 17.7894 ], [ 98.6987, 17.7905 ], [ 98.709, 17.7947 ], [ 98.7182, 17.7962 ], [ 98.7259, 17.7959 ], [ 98.7274, 17.7922 ], [ 98.7373, 17.7962 ], [ 98.7427, 17.8032 ], [ 98.7467, 17.8031 ], [ 98.752, 17.8001 ], [ 98.7641, 17.8003 ], [ 98.7684, 17.8066 ], [ 98.769, 17.8121 ], [ 98.7747, 17.8188 ], [ 98.7791, 17.8273 ], [ 98.7848, 17.831 ], [ 98.7896, 17.8294 ], [ 98.7884, 17.8258 ], [ 98.7896, 17.8229 ], [ 98.7946, 17.8232 ], [ 98.7963, 17.8213 ], [ 98.795, 17.8167 ], [ 98.7985, 17.814 ], [ 98.7986, 17.8123 ], [ 98.7973, 17.8105 ], [ 98.7952, 17.8118 ], [ 98.7947, 17.8096 ], [ 98.7997, 17.8018 ], [ 98.8002, 17.7954 ], [ 98.8033, 17.7942 ], [ 98.808, 17.7975 ], [ 98.8228, 17.7954 ], [ 98.8303, 17.7985 ], [ 98.8343, 17.8035 ], [ 98.8388, 17.8039 ], [ 98.8565, 17.8124 ], [ 98.8578, 17.815 ], [ 98.8533, 17.8197 ], [ 98.8564, 17.826 ], [ 98.8541, 17.8424 ], [ 98.8552, 17.8467 ], [ 98.8578, 17.8482 ], [ 98.8606, 17.8538 ], [ 98.863, 17.8542 ], [ 98.8662, 17.8494 ], [ 98.8726, 17.8486 ], [ 98.8718, 17.8577 ], [ 98.8675, 17.8712 ], [ 98.8685, 17.8771 ], [ 98.8636, 17.8839 ], [ 98.8627, 17.8937 ], [ 98.8564, 17.8967 ], [ 98.858, 17.9079 ], [ 98.8517, 17.9176 ], [ 98.8522, 17.9199 ], [ 98.8498, 17.9246 ], [ 98.8519, 17.9287 ], [ 98.8434, 17.9428 ], [ 98.8409, 17.9586 ], [ 98.8419, 17.9637 ], [ 98.8379, 17.9659 ], [ 98.8333, 17.9721 ], [ 98.8339, 17.9761 ], [ 98.8323, 17.9791 ], [ 98.8355, 17.9842 ], [ 98.835, 17.9868 ], [ 98.8289, 17.9946 ], [ 98.8172, 17.9994 ], [ 98.8116, 18.0029 ], [ 98.8092, 18.0069 ], [ 98.7917, 18.0001 ], [ 98.7887, 18.0039 ], [ 98.779, 18.0014 ], [ 98.7809, 18.0119 ], [ 98.7862, 18.0165 ], [ 98.7875, 18.0228 ], [ 98.7947, 18.0279 ], [ 98.7928, 18.035 ], [ 98.7983, 18.0462 ], [ 98.7989, 18.0561 ], [ 98.8078, 18.0613 ], [ 98.8099, 18.0672 ], [ 98.808, 18.0713 ], [ 98.8149, 18.0777 ], [ 98.8057, 18.0836 ], [ 98.8015, 18.0833 ], [ 98.7995, 18.0859 ], [ 98.8032, 18.0902 ], [ 98.8019, 18.0941 ], [ 98.8034, 18.0968 ], [ 98.8031, 18.1022 ], [ 98.8083, 18.1049 ], [ 98.8109, 18.1142 ], [ 98.8074, 18.1204 ], [ 98.8091, 18.1231 ], [ 98.8064, 18.1295 ], [ 98.8079, 18.1359 ], [ 98.8057, 18.1417 ], [ 98.8071, 18.1445 ], [ 98.806, 18.1534 ], [ 98.805, 18.1558 ], [ 98.8004, 18.1588 ], [ 98.795, 18.1584 ], [ 98.7934, 18.1599 ], [ 98.7927, 18.1665 ], [ 98.7844, 18.1777 ], [ 98.7853, 18.1825 ], [ 98.7819, 18.194 ], [ 98.7851, 18.1976 ], [ 98.7848, 18.206 ], [ 98.7866, 18.2145 ], [ 98.7855, 18.2195 ], [ 98.7774, 18.2231 ], [ 98.7745, 18.2291 ], [ 98.7766, 18.2302 ], [ 98.7783, 18.2349 ], [ 98.7785, 18.2437 ], [ 98.7771, 18.2486 ], [ 98.7715, 18.2547 ], [ 98.7639, 18.255 ], [ 98.754, 18.2601 ], [ 98.7421, 18.2632 ], [ 98.729, 18.2725 ], [ 98.7246, 18.2777 ], [ 98.7103, 18.285 ], [ 98.7044, 18.2875 ], [ 98.6966, 18.2876 ], [ 98.6862, 18.293 ], [ 98.6752, 18.2945 ], [ 98.6667, 18.3005 ], [ 98.6767, 18.3125 ], [ 98.6755, 18.319 ], [ 98.6723, 18.3233 ], [ 98.6746, 18.3255 ], [ 98.6814, 18.3269 ], [ 98.6897, 18.333 ], [ 98.6935, 18.3329 ], [ 98.7011, 18.3287 ], [ 98.7053, 18.3336 ], [ 98.6951, 18.353 ], [ 98.6837, 18.3641 ], [ 98.6826, 18.3671 ], [ 98.6885, 18.3765 ], [ 98.6887, 18.3831 ], [ 98.6918, 18.3901 ], [ 98.6994, 18.3943 ], [ 98.7097, 18.4096 ], [ 98.7094, 18.4146 ], [ 98.7002, 18.4087 ], [ 98.6962, 18.412 ], [ 98.6952, 18.4171 ], [ 98.7013, 18.4238 ], [ 98.709, 18.4385 ], [ 98.7118, 18.4398 ], [ 98.7158, 18.4337 ], [ 98.7206, 18.4323 ], [ 98.7246, 18.4402 ], [ 98.7286, 18.444 ], [ 98.7383, 18.4369 ], [ 98.7452, 18.4297 ], [ 98.7562, 18.4353 ], [ 98.7625, 18.4329 ], [ 98.767, 18.4332 ], [ 98.7786, 18.4479 ], [ 98.7885, 18.4522 ], [ 98.7975, 18.4508 ], [ 98.8008, 18.4524 ], [ 98.8067, 18.462 ], [ 98.8152, 18.4613 ], [ 98.8215, 18.4736 ], [ 98.829, 18.4799 ], [ 98.8372, 18.4817 ], [ 98.8419, 18.4864 ], [ 98.8462, 18.4936 ], [ 98.8476, 18.5037 ], [ 98.8494, 18.5053 ], [ 98.8538, 18.506 ], [ 98.8549, 18.5002 ], [ 98.8579, 18.4981 ], [ 98.8629, 18.5022 ], [ 98.8642, 18.5085 ], [ 98.8693, 18.513 ], [ 98.8762, 18.5134 ], [ 98.8791, 18.5096 ], [ 98.8831, 18.5094 ], [ 98.897, 18.5212 ], [ 98.9045, 18.5245 ], [ 98.9157, 18.5328 ], [ 98.9215, 18.5348 ], [ 98.9253, 18.5341 ], [ 98.9367, 18.5411 ], [ 98.9341, 18.5434 ], [ 98.9355, 18.5489 ], [ 98.9345, 18.5527 ], [ 98.9372, 18.5547 ], [ 98.939, 18.5596 ], [ 98.9422, 18.5622 ], [ 98.9454, 18.5623 ], [ 98.9498, 18.5715 ], [ 98.9494, 18.5738 ], [ 98.955, 18.5779 ], [ 98.955, 18.584 ], [ 98.9584, 18.5891 ], [ 98.9636, 18.5951 ], [ 98.967, 18.5959 ], [ 98.9709, 18.6013 ], [ 98.9667, 18.609 ], [ 98.9672, 18.6138 ], [ 98.9697, 18.6139 ], [ 98.9695, 18.6164 ], [ 98.9783, 18.627 ], [ 98.9793, 18.6337 ], [ 98.9851, 18.6327 ], [ 98.9856, 18.6352 ], [ 98.9886, 18.634 ], [ 98.9919, 18.6366 ], [ 98.9954, 18.6364 ], [ 99.0064, 18.6427 ], [ 99.0061, 18.6589 ], [ 99.0133, 18.6719 ], [ 99.0194, 18.6721 ], [ 99.0371, 18.6675 ], [ 99.0534, 18.6664 ], [ 99.0676, 18.6717 ], [ 99.0778, 18.6797 ], [ 99.082, 18.6803 ], [ 99.0823, 18.6781 ], [ 99.0947, 18.6794 ], [ 99.1146, 18.6774 ], [ 99.1164, 18.6804 ], [ 99.1252, 18.6811 ], [ 99.1275, 18.6828 ], [ 99.129, 18.6885 ], [ 99.1375, 18.6993 ], [ 99.146, 18.7018 ], [ 99.1574, 18.7081 ], [ 99.1778, 18.7037 ], [ 99.1805, 18.7036 ], [ 99.1833, 18.706 ], [ 99.1895, 18.7052 ], [ 99.1921, 18.6978 ], [ 99.1887, 18.688 ], [ 99.1906, 18.6775 ], [ 99.2012, 18.6687 ], [ 99.2064, 18.6663 ], [ 99.2086, 18.6575 ], [ 99.2158, 18.6576 ], [ 99.2196, 18.6524 ], [ 99.234, 18.6509 ], [ 99.2357, 18.6486 ], [ 99.2328, 18.641 ], [ 99.235, 18.634 ], [ 99.2334, 18.6269 ], [ 99.2371, 18.6156 ], [ 99.2353, 18.6128 ], [ 99.2253, 18.6061 ], [ 99.2248, 18.601 ], [ 99.2204, 18.5906 ], [ 99.2284, 18.5868 ], [ 99.2308, 18.5873 ], [ 99.2384, 18.5807 ], [ 99.2464, 18.5806 ], [ 99.2532, 18.5725 ], [ 99.2638, 18.5702 ], [ 99.2732, 18.5611 ], [ 99.2789, 18.5526 ], [ 99.2896, 18.5456 ], [ 99.2979, 18.5359 ], [ 99.304, 18.535 ], [ 99.3145, 18.5305 ], [ 99.3186, 18.5309 ], [ 99.3184, 18.5227 ], [ 99.3211, 18.5177 ], [ 99.3201, 18.5125 ], [ 99.3216, 18.5101 ], [ 99.3211, 18.5032 ], [ 99.3225, 18.4993 ], [ 99.3201, 18.4992 ], [ 99.315, 18.4948 ], [ 99.3097, 18.4952 ], [ 99.304, 18.4892 ], [ 99.3, 18.4877 ], [ 99.2874, 18.491 ], [ 99.2843, 18.4981 ], [ 99.2725, 18.4937 ], [ 99.259, 18.4938 ], [ 99.256, 18.4878 ], [ 99.2511, 18.4855 ], [ 99.2495, 18.4816 ], [ 99.2443, 18.4783 ], [ 99.2437, 18.4744 ], [ 99.2406, 18.47 ], [ 99.2417, 18.4668 ], [ 99.2393, 18.4623 ], [ 99.2394, 18.4566 ], [ 99.2374, 18.4549 ], [ 99.239, 18.4471 ], [ 99.2313, 18.4408 ], [ 99.2232, 18.4286 ], [ 99.2163, 18.4279 ], [ 99.2123, 18.4261 ], [ 99.2103, 18.4232 ], [ 99.2041, 18.4229 ], [ 99.2035, 18.4204 ], [ 99.2005, 18.4193 ], [ 99.1962, 18.4101 ], [ 99.1968, 18.4061 ], [ 99.1897, 18.3933 ], [ 99.1916, 18.3898 ], [ 99.1907, 18.3863 ], [ 99.1724, 18.3733 ], [ 99.1687, 18.3732 ], [ 99.1682, 18.3626 ], [ 99.1714, 18.3595 ], [ 99.171, 18.3461 ], [ 99.1674, 18.3401 ], [ 99.1614, 18.3384 ], [ 99.1593, 18.331 ], [ 99.1549, 18.3284 ], [ 99.153, 18.3206 ], [ 99.1535, 18.3141 ], [ 99.1458, 18.3112 ], [ 99.1276, 18.312 ], [ 99.1239, 18.3095 ], [ 99.1261, 18.303 ], [ 99.1243, 18.3013 ], [ 99.1244, 18.299 ], [ 99.121, 18.2995 ], [ 99.1207, 18.2963 ], [ 99.1147, 18.2921 ], [ 99.118, 18.2729 ], [ 99.1161, 18.2673 ], [ 99.1137, 18.2652 ], [ 99.1073, 18.2641 ], [ 99.0993, 18.2711 ], [ 99.0947, 18.2777 ], [ 99.0858, 18.2779 ], [ 99.0838, 18.2694 ], [ 99.0818, 18.2672 ], [ 99.0643, 18.2709 ], [ 99.0556, 18.2683 ], [ 99.0527, 18.264 ], [ 99.0307, 18.2634 ], [ 99.0301, 18.2601 ], [ 99.0229, 18.2554 ], [ 99.0197, 18.2512 ], [ 99.0217, 18.249 ], [ 99.0226, 18.2384 ], [ 99.0287, 18.2308 ], [ 99.0314, 18.2215 ], [ 99.0307, 18.214 ], [ 99.0388, 18.198 ], [ 99.0456, 18.194 ], [ 99.0465, 18.1889 ], [ 99.0491, 18.1877 ], [ 99.0583, 18.1731 ], [ 99.0581, 18.1709 ], [ 99.053, 18.1662 ], [ 99.0533, 18.1591 ], [ 99.0556, 18.1558 ], [ 99.0594, 18.1538 ], [ 99.0662, 18.1391 ], [ 99.0673, 18.1081 ], [ 99.0716, 18.1039 ], [ 99.0684, 18.0979 ], [ 99.0698, 18.0947 ], [ 99.0736, 18.0918 ], [ 99.0741, 18.0884 ], [ 99.0718, 18.0611 ], [ 99.084, 18.0423 ], [ 99.0858, 18.0343 ], [ 99.0853, 18.0279 ], [ 99.0936, 18.0226 ], [ 99.0942, 18.013 ], [ 99.1, 18.0077 ], [ 99.1024, 17.9991 ], [ 99.0967, 17.9944 ], [ 99.0974, 17.9901 ], [ 99.1029, 17.9813 ], [ 99.0962, 17.9741 ], [ 99.0991, 17.9668 ], [ 99.0957, 17.9603 ], [ 99.096, 17.9556 ], [ 99.0986, 17.9492 ], [ 99.1033, 17.9459 ], [ 99.1123, 17.9472 ], [ 99.1168, 17.9447 ], [ 99.116, 17.9259 ], [ 99.1136, 17.9182 ], [ 99.1077, 17.9116 ], [ 99.1153, 17.9108 ], [ 99.122, 17.914 ], [ 99.1335, 17.9124 ], [ 99.1416, 17.9081 ], [ 99.1482, 17.9094 ], [ 99.1458, 17.9013 ], [ 99.1479, 17.8969 ], [ 99.1505, 17.8936 ], [ 99.1571, 17.891 ], [ 99.1634, 17.8853 ], [ 99.1648, 17.8752 ], [ 99.1738, 17.8696 ], [ 99.181, 17.8596 ], [ 99.1851, 17.8582 ], [ 99.1837, 17.8476 ], [ 99.1787, 17.848 ], [ 99.173, 17.8449 ], [ 99.1628, 17.8454 ], [ 99.1612, 17.8407 ], [ 99.166, 17.8287 ], [ 99.1749, 17.8198 ], [ 99.1744, 17.8166 ], [ 99.1708, 17.815 ], [ 99.1725, 17.8134 ], [ 99.1758, 17.8136 ], [ 99.176, 17.8093 ], [ 99.1611, 17.8066 ], [ 99.1518, 17.8148 ], [ 99.1469, 17.8127 ], [ 99.1367, 17.8193 ], [ 99.1299, 17.8148 ], [ 99.1235, 17.8174 ], [ 99.1116, 17.8145 ], [ 99.1049, 17.8106 ], [ 99.1104, 17.8024 ], [ 99.1116, 17.7912 ], [ 99.1134, 17.7894 ], [ 99.1181, 17.7889 ], [ 99.1193, 17.7805 ], [ 99.1247, 17.7782 ], [ 99.1253, 17.7754 ], [ 99.1237, 17.7717 ], [ 99.1267, 17.7704 ], [ 99.1249, 17.7671 ], [ 99.1164, 17.7684 ], [ 99.1133, 17.7658 ], [ 99.1135, 17.7572 ], [ 99.1119, 17.7521 ], [ 99.1062, 17.7479 ], [ 99.1082, 17.7427 ], [ 99.1054, 17.739 ], [ 99.0941, 17.7407 ], [ 99.0866, 17.7358 ], [ 99.0847, 17.723 ], [ 99.0875, 17.7193 ], [ 99.0854, 17.7165 ], [ 99.0864, 17.7123 ], [ 99.0844, 17.7074 ], [ 99.0886, 17.7045 ], [ 99.0888, 17.7024 ], [ 99.0823, 17.6964 ], [ 99.0784, 17.697 ], [ 99.0759, 17.695 ], [ 99.0712, 17.6946 ], [ 99.0657, 17.6905 ], [ 99.0648, 17.6823 ], [ 99.0632, 17.681 ], [ 99.0671, 17.6708 ], [ 99.0622, 17.6676 ], [ 99.0609, 17.6591 ], [ 99.0624, 17.6475 ], [ 99.0651, 17.6426 ], [ 99.0623, 17.6381 ], [ 99.0631, 17.6341 ], [ 99.0605, 17.6298 ], [ 99.0604, 17.6251 ], [ 99.0561, 17.6204 ], [ 99.0517, 17.6114 ], [ 99.0475, 17.6102 ], [ 99.041, 17.6134 ], [ 99.037, 17.6113 ], [ 99.0313, 17.6133 ], [ 99.0203, 17.6136 ], [ 99.0158, 17.6208 ], [ 99.0093, 17.6221 ], [ 99.0066, 17.6281 ], [ 99.001, 17.6339 ], [ 98.9947, 17.634 ], [ 98.9924, 17.632 ], [ 98.9835, 17.6386 ], [ 98.9791, 17.6383 ], [ 98.9734, 17.6408 ], [ 98.9625, 17.6382 ], [ 98.9563, 17.6401 ], [ 98.9535, 17.6432 ], [ 98.9489, 17.6447 ], [ 98.9438, 17.6424 ], [ 98.9406, 17.6385 ], [ 98.9303, 17.6424 ], [ 98.9229, 17.6424 ], [ 98.919, 17.6409 ], [ 98.9105, 17.6467 ], [ 98.9071, 17.6471 ], [ 98.9052, 17.6388 ], [ 98.9022, 17.6397 ], [ 98.8989, 17.6382 ], [ 98.8958, 17.6356 ], [ 98.895, 17.6313 ], [ 98.8829, 17.6247 ], [ 98.8861, 17.6197 ], [ 98.881, 17.6089 ], [ 98.8834, 17.6067 ], [ 98.882, 17.6034 ], [ 98.8878, 17.6016 ], [ 98.8885, 17.5921 ], [ 98.8904, 17.5872 ], [ 98.9104, 17.582 ], [ 98.9121, 17.5804 ], [ 98.9119, 17.5761 ], [ 98.9088, 17.5724 ], [ 98.9102, 17.5688 ], [ 98.9062, 17.561 ], [ 98.9085, 17.5498 ], [ 98.9071, 17.543 ], [ 98.9121, 17.5344 ], [ 98.8979, 17.527 ], [ 98.8952, 17.5189 ], [ 98.89, 17.5156 ], [ 98.89, 17.5115 ], [ 98.8839, 17.509 ], [ 98.8827, 17.4999 ], [ 98.8804, 17.4963 ], [ 98.8814, 17.49 ], [ 98.8729, 17.4912 ], [ 98.8717, 17.4999 ], [ 98.8597, 17.5101 ], [ 98.8463, 17.5116 ], [ 98.8422, 17.5136 ], [ 98.8349, 17.5102 ], [ 98.8318, 17.5135 ], [ 98.8236, 17.5106 ], [ 98.8169, 17.5056 ], [ 98.817, 17.4988 ], [ 98.7978, 17.4984 ], [ 98.7919, 17.494 ], [ 98.7823, 17.4926 ], [ 98.7788, 17.4883 ], [ 98.7616, 17.4809 ], [ 98.7568, 17.4744 ], [ 98.7559, 17.4708 ], [ 98.7516, 17.467 ], [ 98.748, 17.4658 ], [ 98.7425, 17.4667 ], [ 98.7351, 17.4632 ], [ 98.7186, 17.4629 ], [ 98.7148, 17.4519 ], [ 98.7099, 17.4517 ], [ 98.7085, 17.4486 ], [ 98.7042, 17.4456 ], [ 98.702, 17.4347 ], [ 98.6962, 17.4294 ], [ 98.6923, 17.4227 ], [ 98.692, 17.4308 ], [ 98.6896, 17.4374 ], [ 98.6824, 17.4451 ], [ 98.6846, 17.4522 ], [ 98.6839, 17.4597 ], [ 98.6894, 17.4718 ], [ 98.6942, 17.4755 ], [ 98.7014, 17.4773 ], [ 98.7061, 17.4841 ], [ 98.7048, 17.4917 ], [ 98.707, 17.5 ], [ 98.7014, 17.5048 ], [ 98.6978, 17.513 ], [ 98.703, 17.5237 ], [ 98.7025, 17.5325 ], [ 98.7049, 17.5405 ], [ 98.7034, 17.554 ], [ 98.6975, 17.5709 ], [ 98.6945, 17.5855 ], [ 98.6869, 17.5903 ], [ 98.6836, 17.5955 ], [ 98.6847, 17.6012 ], [ 98.6911, 17.6128 ], [ 98.6899, 17.6238 ], [ 98.6933, 17.6292 ], [ 98.686, 17.6427 ], [ 98.6865, 17.649 ], [ 98.6906, 17.6543 ], [ 98.6852, 17.6614 ], [ 98.6851, 17.6635 ], [ 98.6868, 17.6664 ], [ 98.6974, 17.6652 ], [ 98.7244, 17.6744 ], [ 98.7323, 17.6807 ], [ 98.7394, 17.6819 ], [ 98.7462, 17.6881 ], [ 98.7471, 17.691 ], [ 98.7456, 17.7001 ], [ 98.7409, 17.7067 ], [ 98.7262, 17.7148 ], [ 98.7251, 17.7262 ], [ 98.7163, 17.7332 ], [ 98.7095, 17.736 ], [ 98.7049, 17.7418 ], [ 98.7032, 17.7458 ], [ 98.706, 17.7548 ], [ 98.7057, 17.7601 ], [ 98.6993, 17.7654 ], [ 98.6954, 17.7731 ], [ 98.6877, 17.7803 ] ] ] ] } },
{ "type": "Feature", "properties": { "NAME_1": "MaeHongSon" }, "geometry": { "type": "MultiPolygon", "coordinates": [ [ [ [ 98.0163, 17.9185 ], [ 98.0127, 17.9236 ], [ 98.0113, 17.9198 ], [ 98.012, 17.9069 ], [ 98.0098, 17.9014 ], [ 98.012, 17.8928 ], [ 98.0179, 17.8904 ], [ 98.0211, 17.8873 ], [ 98.0263, 17.8887 ], [ 98.0312, 17.8758 ], [ 98.0331, 17.8741 ], [ 98.0461, 17.8682 ], [ 98.0549, 17.868 ], [ 98.0594, 17.8584 ], [ 98.0691, 17.8523 ], [ 98.0751, 17.8263 ], [ 98.0869, 17.8125 ], [ 98.0892, 17.807 ], [ 98.1109, 17.7929 ], [ 98.1157, 17.7959 ], [ 98.1339, 17.7941 ], [ 98.1402, 17.783 ], [ 98.1478, 17.7754 ], [ 98.1424, 17.761 ], [ 98.1366, 17.7574 ], [ 98.1422, 17.7471 ], [ 98.1491, 17.7444 ], [ 98.1512, 17.7336 ], [ 98.1541, 17.7287 ], [ 98.1511, 17.7205 ], [ 98.1519, 17.6989 ], [ 98.1464, 17.6893 ], [ 98.1461, 17.6804 ], [ 98.1404, 17.6756 ], [ 98.1384, 17.6701 ], [ 98.1343, 17.6652 ], [ 98.1306, 17.6639 ], [ 98.1259, 17.6576 ], [ 98.1172, 17.6532 ], [ 98.114, 17.6488 ], [ 98.11, 17.6494 ], [ 98.1066, 17.6475 ], [ 98.1061, 17.6455 ], [ 98.0993, 17.6416 ], [ 98.0967, 17.6366 ], [ 98.0945, 17.6355 ], [ 98.0878, 17.6355 ], [ 98.0746, 17.6441 ], [ 98.0735, 17.6464 ], [ 98.0689, 17.6477 ], [ 98.0636, 17.6465 ], [ 98.0631, 17.6543 ], [ 98.0589, 17.6607 ], [ 98.0537, 17.6655 ], [ 98.0482, 17.6652 ], [ 98.0483, 17.6681 ], [ 98.0463, 17.6685 ], [ 98.044, 17.6736 ], [ 98.0416, 17.6735 ], [ 98.044, 17.6791 ], [ 98.0409, 17.6845 ], [ 98.0393, 17.694 ], [ 98.0319, 17.7011 ], [ 98.0326, 17.7071 ], [ 98.0305, 17.7095 ], [ 98.0263, 17.7073 ], [ 98.0248, 17.7109 ], [ 98.0283, 17.7198 ], [ 98.0222, 17.7238 ], [ 98.0222, 17.7296 ], [ 98.0164, 17.7309 ], [ 98.0159, 17.7381 ], [ 98.022, 17.7344 ], [ 98.0227, 17.7365 ], [ 98.0181, 17.7444 ], [ 98.0129, 17.7466 ], [ 98.0122, 17.7495 ], [ 98.0148, 17.7543 ], [ 98.0118, 17.7539 ], [ 98.0086, 17.7602 ], [ 98.0115, 17.7649 ], [ 98.0106, 17.7672 ], [ 98.0053, 17.7736 ], [ 97.9978, 17.7733 ], [ 97.9969, 17.7755 ], [ 97.9997, 17.7785 ], [ 97.9975, 17.7843 ], [ 97.9945, 17.784 ], [ 97.9916, 17.7945 ], [ 97.9873, 17.7986 ], [ 97.9868, 17.8073 ], [ 97.9899, 17.8093 ], [ 97.9803, 17.8131 ], [ 97.9813, 17.821 ], [ 97.9789, 17.8221 ], [ 97.9768, 17.821 ], [ 97.9763, 17.8234 ], [ 97.979, 17.8305 ], [ 97.982, 17.8305 ], [ 97.9831, 17.836 ], [ 97.9756, 17.8469 ], [ 97.973, 17.8454 ], [ 97.9713, 17.8466 ], [ 97.9685, 17.8551 ], [ 97.9694, 17.8576 ], [ 97.9742, 17.8615 ], [ 97.9701, 17.867 ], [ 97.9673, 17.8635 ], [ 97.965, 17.8639 ], [ 97.9642, 17.8662 ], [ 97.9533, 17.8587 ], [ 97.9373, 17.8565 ], [ 97.9194, 17.857 ], [ 97.9132, 17.8532 ], [ 97.9083, 17.842 ], [ 97.9088, 17.8395 ], [ 97.9027, 17.8352 ], [ 97.9, 17.8308 ], [ 97.9, 17.8286 ], [ 97.9075, 17.8184 ], [ 97.9055, 17.8106 ], [ 97.8955, 17.8025 ], [ 97.8859, 17.7994 ], [ 97.877, 17.7932 ], [ 97.872, 17.7935 ], [ 97.8696, 17.791 ], [ 97.8693, 17.7878 ], [ 97.864, 17.789 ], [ 97.8619, 17.7838 ], [ 97.8561, 17.7826 ], [ 97.8469, 17.7773 ], [ 97.827, 17.7798 ], [ 97.8178, 17.785 ], [ 97.812, 17.7833 ], [ 97.8112, 17.7813 ], [ 97.8057, 17.778 ], [ 97.7963, 17.775 ], [ 97.7881, 17.783 ], [ 97.7645, 17.7747 ], [ 97.7596, 17.7768 ], [ 97.7537, 17.7758 ], [ 97.7498, 17.7806 ], [ 97.7459, 17.7812 ], [ 97.7469, 17.7833 ], [ 97.744, 17.7834 ], [ 97.7333, 17.7949 ], [ 97.7255, 17.7965 ], [ 97.7196, 17.8046 ], [ 97.7213, 17.8136 ], [ 97.7205, 17.8157 ], [ 97.7184, 17.8171 ], [ 97.7109, 17.8166 ], [ 97.7042, 17.8136 ], [ 97.7004, 17.8174 ], [ 97.6947, 17.8266 ], [ 97.6939, 17.8388 ], [ 97.6763, 17.8683 ], [ 97.6763, 17.875 ], [ 97.6793, 17.8864 ], [ 97.6937, 17.9243 ], [ 97.7128, 17.9415 ], [ 97.7191, 17.9421 ], [ 97.7303, 17.9466 ], [ 97.7374, 17.9519 ], [ 97.741, 17.9665 ], [ 97.7411, 17.9725 ], [ 97.735, 17.992 ], [ 97.7248, 18.0128 ], [ 97.727, 18.0175 ], [ 97.7099, 18.047 ], [ 97.709, 18.0543 ], [ 97.6993, 18.064 ], [ 97.6943, 18.0641 ], [ 97.6892, 18.0585 ], [ 97.687, 18.06 ], [ 97.6856, 18.0646 ], [ 97.6935, 18.0819 ], [ 97.6936, 18.0869 ], [ 97.6919, 18.0864 ], [ 97.6892, 18.0945 ], [ 97.6797, 18.1114 ], [ 97.6797, 18.133 ], [ 97.6775, 18.145 ], [ 97.6785, 18.1525 ], [ 97.6769, 18.1595 ], [ 97.6679, 18.1686 ], [ 97.6597, 18.1705 ], [ 97.6517, 18.1771 ], [ 97.6442, 18.1912 ], [ 97.6283, 18.2063 ], [ 97.6163, 18.2214 ], [ 97.6104, 18.2367 ], [ 97.6097, 18.2411 ], [ 97.6124, 18.2495 ], [ 97.6238, 18.2582 ], [ 97.6358, 18.2706 ], [ 97.6411, 18.279 ], [ 97.6404, 18.2858 ], [ 97.6207, 18.3167 ], [ 97.615, 18.3186 ], [ 97.6044, 18.326 ], [ 97.5938, 18.33 ], [ 97.585, 18.3306 ], [ 97.5765, 18.3368 ], [ 97.5682, 18.3351 ], [ 97.5611, 18.3377 ], [ 97.5543, 18.3344 ], [ 97.5511, 18.3306 ], [ 97.5439, 18.3086 ], [ 97.5426, 18.299 ], [ 97.5372, 18.2847 ], [ 97.5287, 18.2754 ], [ 97.5218, 18.2715 ], [ 97.5077, 18.2648 ], [ 97.5019, 18.2671 ], [ 97.4864, 18.2878 ], [ 97.4683, 18.3016 ], [ 97.4619, 18.3093 ], [ 97.4536, 18.326 ], [ 97.4476, 18.3314 ], [ 97.4453, 18.338 ], [ 97.4452, 18.3492 ], [ 97.4431, 18.3589 ], [ 97.4524, 18.3751 ], [ 97.4534, 18.3881 ], [ 97.4473, 18.3943 ], [ 97.4419, 18.4033 ], [ 97.4379, 18.4052 ], [ 97.4299, 18.4051 ], [ 97.4263, 18.4091 ], [ 97.4213, 18.4207 ], [ 97.4196, 18.4339 ], [ 97.4146, 18.4411 ], [ 97.4049, 18.4473 ], [ 97.3999, 18.457 ], [ 97.3957, 18.4698 ], [ 97.3919, 18.4905 ], [ 97.3861, 18.5062 ], [ 97.3735, 18.5217 ], [ 97.3596, 18.5278 ], [ 97.3534, 18.5352 ], [ 97.3516, 18.5406 ], [ 97.3488, 18.5424 ], [ 97.3456, 18.5558 ], [ 97.3452, 18.5724 ], [ 97.3455, 18.575 ], [ 97.3542, 18.5832 ], [ 97.3611, 18.5937 ], [ 97.3622, 18.5899 ], [ 97.3633, 18.5924 ], [ 97.3649, 18.5868 ], [ 97.365, 18.5771 ], [ 97.3628, 18.5749 ], [ 97.3637, 18.5581 ], [ 97.3689, 18.5556 ], [ 97.3868, 18.5559 ], [ 97.3984, 18.5586 ], [ 97.4013, 18.5617 ], [ 97.4104, 18.5525 ], [ 97.4228, 18.5447 ], [ 97.4274, 18.5249 ], [ 97.4327, 18.5184 ], [ 97.4359, 18.5034 ], [ 97.4438, 18.4949 ], [ 97.4488, 18.4918 ], [ 97.4563, 18.4902 ], [ 97.4629, 18.4964 ], [ 97.4679, 18.4942 ], [ 97.4701, 18.4948 ], [ 97.4748, 18.5008 ], [ 97.4817, 18.5031 ], [ 97.4848, 18.5065 ], [ 97.4919, 18.5053 ], [ 97.4995, 18.4942 ], [ 97.5088, 18.4886 ], [ 97.5118, 18.4888 ], [ 97.5136, 18.4915 ], [ 97.5214, 18.4946 ], [ 97.5246, 18.4924 ], [ 97.5312, 18.4923 ], [ 97.5342, 18.4892 ], [ 97.5394, 18.4876 ], [ 97.5442, 18.4962 ], [ 97.5429, 18.5004 ], [ 97.5481, 18.515 ], [ 97.5487, 18.5226 ], [ 97.5515, 18.526 ], [ 97.5612, 18.5241 ], [ 97.5669, 18.5188 ], [ 97.5716, 18.5223 ], [ 97.5765, 18.5314 ], [ 97.5805, 18.5299 ], [ 97.5888, 18.5301 ], [ 97.5925, 18.5347 ], [ 97.5996, 18.532 ], [ 97.6059, 18.5329 ], [ 97.6086, 18.5336 ], [ 97.6099, 18.5383 ], [ 97.6159, 18.5415 ], [ 97.6204, 18.5413 ], [ 97.6204, 18.537 ], [ 97.6226, 18.5389 ], [ 97.6226, 18.5357 ], [ 97.6264, 18.5391 ], [ 97.6264, 18.5414 ], [ 97.6184, 18.5518 ], [ 97.6183, 18.5576 ], [ 97.6274, 18.5618 ], [ 97.6323, 18.5613 ], [ 97.6357, 18.5565 ], [ 97.6401, 18.5555 ], [ 97.6438, 18.5585 ], [ 97.6486, 18.5669 ], [ 97.6531, 18.5672 ], [ 97.6541, 18.5723 ], [ 97.6589, 18.5745 ], [ 97.6749, 18.5701 ], [ 97.6781, 18.5736 ], [ 97.6834, 18.5715 ], [ 97.6854, 18.5727 ], [ 97.6963, 18.5667 ], [ 97.7036, 18.5662 ], [ 97.7242, 18.5702 ], [ 97.7273, 18.5735 ], [ 97.7262, 18.5756 ], [ 97.7285, 18.5802 ], [ 97.7332, 18.5805 ], [ 97.7468, 18.575 ], [ 97.7512, 18.5756 ], [ 97.756, 18.5728 ], [ 97.7615, 18.5748 ], [ 97.7638, 18.5738 ], [ 97.7719, 18.575 ], [ 97.7715, 18.583 ], [ 97.7699, 18.585 ], [ 97.773, 18.5879 ], [ 97.7782, 18.6123 ], [ 97.7769, 18.6165 ], [ 97.7739, 18.6182 ], [ 97.7747, 18.6255 ], [ 97.7719, 18.6297 ], [ 97.7755, 18.6337 ], [ 97.7724, 18.6405 ], [ 97.7754, 18.6415 ], [ 97.7765, 18.653 ], [ 97.7731, 18.6576 ], [ 97.7719, 18.6643 ], [ 97.7767, 18.6713 ], [ 97.775, 18.6793 ], [ 97.7775, 18.6867 ], [ 97.7758, 18.6929 ], [ 97.7698, 18.6999 ], [ 97.7679, 18.7065 ], [ 97.7635, 18.709 ], [ 97.7574, 18.7219 ], [ 97.7575, 18.7304 ], [ 97.7555, 18.733 ], [ 97.7572, 18.7382 ], [ 97.7611, 18.7413 ], [ 97.7631, 18.7488 ], [ 97.7618, 18.7509 ], [ 97.7665, 18.7546 ], [ 97.767, 18.7568 ], [ 97.7661, 18.7599 ], [ 97.7571, 18.7649 ], [ 97.7583, 18.7673 ], [ 97.756, 18.7716 ], [ 97.7576, 18.7817 ], [ 97.7528, 18.7881 ], [ 97.7518, 18.7958 ], [ 97.7563, 18.8055 ], [ 97.7485, 18.8086 ], [ 97.7435, 18.823 ], [ 97.7428, 18.8273 ], [ 97.7484, 18.8301 ], [ 97.7517, 18.8403 ], [ 97.7471, 18.8474 ], [ 97.7493, 18.8528 ], [ 97.7451, 18.8564 ], [ 97.7433, 18.8662 ], [ 97.7441, 18.8697 ], [ 97.7426, 18.8724 ], [ 97.7444, 18.8785 ], [ 97.7388, 18.8848 ], [ 97.7311, 18.8832 ], [ 97.7194, 18.8879 ], [ 97.7125, 18.8954 ], [ 97.7082, 18.8968 ], [ 97.7009, 18.9038 ], [ 97.7003, 18.9064 ], [ 97.6916, 18.9136 ], [ 97.6935, 18.9183 ], [ 97.6927, 18.9221 ], [ 97.6724, 18.9302 ], [ 97.6706, 18.9353 ], [ 97.6729, 18.9405 ], [ 97.671, 18.9418 ], [ 97.6712, 18.9444 ], [ 97.6803, 18.9449 ], [ 97.6872, 18.9498 ], [ 97.6931, 18.9454 ], [ 97.7022, 18.9542 ], [ 97.7062, 18.956 ], [ 97.7088, 18.9544 ], [ 97.7111, 18.9631 ], [ 97.7177, 18.9657 ], [ 97.7235, 18.9642 ], [ 97.728, 18.9698 ], [ 97.7357, 18.971 ], [ 97.7412, 18.9764 ], [ 97.7377, 18.9803 ], [ 97.7404, 18.9897 ], [ 97.74, 19.0051 ], [ 97.7383, 19.0114 ], [ 97.7424, 19.0228 ], [ 97.7404, 19.0267 ], [ 97.7419, 19.0321 ], [ 97.7388, 19.0386 ], [ 97.7467, 19.04 ], [ 97.752, 19.0364 ], [ 97.7553, 19.0399 ], [ 97.7595, 19.0389 ], [ 97.763, 19.036 ], [ 97.7729, 19.0423 ], [ 97.7752, 19.0531 ], [ 97.7718, 19.0607 ], [ 97.768, 19.0643 ], [ 97.7724, 19.0696 ], [ 97.7828, 19.0732 ], [ 97.785, 19.0734 ], [ 97.7886, 19.0707 ], [ 97.7957, 19.0715 ], [ 97.7993, 19.0739 ], [ 97.8007, 19.0788 ], [ 97.8062, 19.0832 ], [ 97.8116, 19.0834 ], [ 97.814, 19.0882 ], [ 97.8276, 19.0887 ], [ 97.8373, 19.0922 ], [ 97.839, 19.0977 ], [ 97.8386, 19.1069 ], [ 97.8413, 19.1104 ], [ 97.8418, 19.1156 ], [ 97.8365, 19.1341 ], [ 97.8391, 19.1376 ], [ 97.8393, 19.1421 ], [ 97.8444, 19.1439 ], [ 97.8466, 19.1484 ], [ 97.8434, 19.1517 ], [ 97.8452, 19.1576 ], [ 97.8421, 19.1603 ], [ 97.8431, 19.165 ], [ 97.8405, 19.1695 ], [ 97.8461, 19.1794 ], [ 97.8424, 19.1852 ], [ 97.8399, 19.1943 ], [ 97.8408, 19.1968 ], [ 97.8473, 19.1998 ], [ 97.8467, 19.2074 ], [ 97.8487, 19.2083 ], [ 97.8488, 19.2119 ], [ 97.8453, 19.2183 ], [ 97.8457, 19.2203 ], [ 97.8298, 19.2273 ], [ 97.8297, 19.2349 ], [ 97.8196, 19.2368 ], [ 97.8137, 19.2509 ], [ 97.7927, 19.2621 ], [ 97.7871, 19.263 ], [ 97.7862, 19.2652 ], [ 97.79, 19.2694 ], [ 97.7892, 19.2717 ], [ 97.7915, 19.2722 ], [ 97.7937, 19.2762 ], [ 97.7939, 19.2806 ], [ 97.801, 19.2822 ], [ 97.8047, 19.2863 ], [ 97.8074, 19.286 ], [ 97.813, 19.2792 ], [ 97.8207, 19.2825 ], [ 97.8254, 19.28 ], [ 97.8299, 19.2824 ], [ 97.8356, 19.2891 ], [ 97.846, 19.2874 ], [ 97.8458, 19.2953 ], [ 97.8424, 19.2983 ], [ 97.8338, 19.3001 ], [ 97.8319, 19.3088 ], [ 97.8278, 19.3128 ], [ 97.8284, 19.322 ], [ 97.8256, 19.3264 ], [ 97.8148, 19.3324 ], [ 97.814, 19.3348 ], [ 97.8174, 19.3365 ], [ 97.8125, 19.3408 ], [ 97.8122, 19.3433 ], [ 97.8032, 19.3493 ], [ 97.8021, 19.3529 ], [ 97.8054, 19.3613 ], [ 97.8042, 19.3691 ], [ 97.8096, 19.373 ], [ 97.8064, 19.3777 ], [ 97.8071, 19.3852 ], [ 97.7951, 19.3922 ], [ 97.7905, 19.3933 ], [ 97.7899, 19.398 ], [ 97.7912, 19.4004 ], [ 97.8012, 19.4027 ], [ 97.8073, 19.4024 ], [ 97.81, 19.4083 ], [ 97.8182, 19.4122 ], [ 97.8181, 19.4143 ], [ 97.828, 19.4235 ], [ 97.8305, 19.4283 ], [ 97.8305, 19.4375 ], [ 97.8368, 19.4447 ], [ 97.8394, 19.4458 ], [ 97.8491, 19.4596 ], [ 97.8537, 19.4637 ], [ 97.8612, 19.4669 ], [ 97.8612, 19.469 ], [ 97.8634, 19.4702 ], [ 97.8634, 19.4776 ], [ 97.8686, 19.481 ], [ 97.874, 19.481 ], [ 97.8775, 19.4853 ], [ 97.8754, 19.4907 ], [ 97.877, 19.4929 ], [ 97.8856, 19.4951 ], [ 97.8854, 19.4964 ], [ 97.8891, 19.4981 ], [ 97.8823, 19.5048 ], [ 97.878, 19.5042 ], [ 97.8766, 19.5064 ], [ 97.8777, 19.5107 ], [ 97.8745, 19.5138 ], [ 97.8723, 19.5133 ], [ 97.8695, 19.5226 ], [ 97.857, 19.5306 ], [ 97.8587, 19.5503 ], [ 97.864, 19.5603 ], [ 97.8644, 19.5646 ], [ 97.861, 19.569 ], [ 97.8638, 19.5732 ], [ 97.8674, 19.5756 ], [ 97.8683, 19.574 ], [ 97.8742, 19.5759 ], [ 97.8774, 19.575 ], [ 97.8838, 19.5786 ], [ 97.893, 19.5745 ], [ 97.9042, 19.5756 ], [ 97.9141, 19.5816 ], [ 97.9238, 19.5827 ], [ 97.9295, 19.5871 ], [ 97.9316, 19.5858 ], [ 97.9463, 19.5951 ], [ 97.954, 19.5912 ], [ 97.9633, 19.5904 ], [ 97.9635, 19.5958 ], [ 97.9735, 19.5974 ], [ 97.9791, 19.6003 ], [ 97.9793, 19.608 ], [ 97.9777, 19.6096 ], [ 97.9798, 19.6146 ], [ 97.9758, 19.6194 ], [ 97.979, 19.6273 ], [ 97.9767, 19.6315 ], [ 97.979, 19.6329 ], [ 97.9839, 19.6318 ], [ 97.9869, 19.6379 ], [ 97.9941, 19.635 ], [ 97.997, 19.6355 ], [ 98.0052, 19.6303 ], [ 98.0067, 19.6332 ], [ 98.0158, 19.6325 ], [ 98.0179, 19.6335 ], [ 98.0179, 19.6358 ], [ 98.0296, 19.6337 ], [ 98.0307, 19.6381 ], [ 98.0359, 19.6402 ], [ 98.0416, 19.6391 ], [ 98.0428, 19.6459 ], [ 98.0483, 19.6521 ], [ 98.0463, 19.6573 ], [ 98.0467, 19.6623 ], [ 98.036, 19.668 ], [ 98.035, 19.6703 ], [ 98.0374, 19.6743 ], [ 98.032, 19.6848 ], [ 98.0351, 19.6884 ], [ 98.0342, 19.6933 ], [ 98.0372, 19.6954 ], [ 98.038, 19.6982 ], [ 98.0334, 19.7017 ], [ 98.0292, 19.7106 ], [ 98.0303, 19.7152 ], [ 98.0291, 19.7195 ], [ 98.0353, 19.7215 ], [ 98.0347, 19.7286 ], [ 98.033, 19.7307 ], [ 98.0373, 19.7379 ], [ 98.0363, 19.7429 ], [ 98.0386, 19.7466 ], [ 98.0367, 19.7505 ], [ 98.0416, 19.7626 ], [ 98.0372, 19.7704 ], [ 98.0385, 19.7771 ], [ 98.037, 19.7789 ], [ 98.037, 19.7839 ], [ 98.0398, 19.7915 ], [ 98.0434, 19.7959 ], [ 98.0377, 19.8004 ], [ 98.041, 19.8039 ], [ 98.0488, 19.8067 ], [ 98.0515, 19.8113 ], [ 98.0537, 19.8102 ], [ 98.0534, 19.8077 ], [ 98.0563, 19.8042 ], [ 98.0553, 19.8024 ], [ 98.0594, 19.7999 ], [ 98.0689, 19.8022 ], [ 98.0707, 19.807 ], [ 98.0858, 19.8072 ], [ 98.0878, 19.803 ], [ 98.0849, 19.7905 ], [ 98.0888, 19.788 ], [ 98.0926, 19.7879 ], [ 98.1016, 19.7702 ], [ 98.1035, 19.7692 ], [ 98.1141, 19.7704 ], [ 98.1174, 19.7724 ], [ 98.1194, 19.7764 ], [ 98.1264, 19.7763 ], [ 98.1309, 19.7809 ], [ 98.1379, 19.7842 ], [ 98.1539, 19.7708 ], [ 98.16, 19.7678 ], [ 98.1653, 19.7688 ], [ 98.1714, 19.767 ], [ 98.1807, 19.7576 ], [ 98.1851, 19.7567 ], [ 98.1853, 19.747 ], [ 98.1936, 19.7361 ], [ 98.1992, 19.7332 ], [ 98.2005, 19.7348 ], [ 98.2063, 19.7285 ], [ 98.2126, 19.7285 ], [ 98.2168, 19.7234 ], [ 98.2207, 19.7215 ], [ 98.2252, 19.7214 ], [ 98.2297, 19.7246 ], [ 98.2324, 19.7157 ], [ 98.235, 19.7144 ], [ 98.2392, 19.7082 ], [ 98.2374, 19.7028 ], [ 98.2328, 19.6984 ], [ 98.2341, 19.6916 ], [ 98.238, 19.6856 ], [ 98.2502, 19.6737 ], [ 98.2559, 19.6758 ], [ 98.2622, 19.6754 ], [ 98.2716, 19.6808 ], [ 98.2791, 19.6792 ], [ 98.2902, 19.6821 ], [ 98.2945, 19.6797 ], [ 98.2993, 19.6793 ], [ 98.3039, 19.6839 ], [ 98.311, 19.6847 ], [ 98.326, 19.6948 ], [ 98.3288, 19.6952 ], [ 98.3327, 19.6941 ], [ 98.3369, 19.6898 ], [ 98.3394, 19.6902 ], [ 98.343, 19.6942 ], [ 98.3492, 19.6949 ], [ 98.3515, 19.6914 ], [ 98.3597, 19.6921 ], [ 98.3665, 19.6906 ], [ 98.3727, 19.6862 ], [ 98.375, 19.687 ], [ 98.38, 19.6944 ], [ 98.3914, 19.6978 ], [ 98.3953, 19.7009 ], [ 98.4007, 19.6978 ], [ 98.4048, 19.6976 ], [ 98.4095, 19.6912 ], [ 98.4169, 19.6893 ], [ 98.4213, 19.6917 ], [ 98.4295, 19.6912 ], [ 98.4352, 19.694 ], [ 98.4423, 19.6905 ], [ 98.451, 19.6906 ], [ 98.4549, 19.6932 ], [ 98.4629, 19.6943 ], [ 98.4643, 19.6908 ], [ 98.4698, 19.6886 ], [ 98.4711, 19.6847 ], [ 98.471, 19.6787 ], [ 98.473, 19.6745 ], [ 98.4708, 19.6595 ], [ 98.4748, 19.6555 ], [ 98.4823, 19.653 ], [ 98.4939, 19.6392 ], [ 98.5024, 19.6343 ], [ 98.5054, 19.6298 ], [ 98.5236, 19.6218 ], [ 98.5254, 19.615 ], [ 98.5275, 19.6131 ], [ 98.5403, 19.6092 ], [ 98.541, 19.6058 ], [ 98.5373, 19.6006 ], [ 98.5401, 19.5937 ], [ 98.5384, 19.5851 ], [ 98.5424, 19.5785 ], [ 98.5436, 19.5641 ], [ 98.5453, 19.5613 ], [ 98.5443, 19.5568 ], [ 98.5461, 19.5543 ], [ 98.5671, 19.5448 ], [ 98.5648, 19.5345 ], [ 98.5655, 19.526 ], [ 98.5679, 19.5223 ], [ 98.5667, 19.5141 ], [ 98.5687, 19.5096 ], [ 98.5701, 19.5065 ], [ 98.5755, 19.5081 ], [ 98.5801, 19.5072 ], [ 98.5947, 19.4915 ], [ 98.5965, 19.4877 ], [ 98.5945, 19.4812 ], [ 98.5977, 19.4775 ], [ 98.6006, 19.4678 ], [ 98.5988, 19.4624 ], [ 98.5956, 19.4606 ], [ 98.5928, 19.4611 ], [ 98.5936, 19.4533 ], [ 98.5912, 19.4475 ], [ 98.5863, 19.4417 ], [ 98.5873, 19.4311 ], [ 98.591, 19.4224 ], [ 98.5876, 19.4176 ], [ 98.5873, 19.4138 ], [ 98.5962, 19.4043 ], [ 98.5957, 19.4013 ], [ 98.5884, 19.3956 ], [ 98.5824, 19.3971 ], [ 98.579, 19.3958 ], [ 98.5748, 19.3877 ], [ 98.5772, 19.3767 ], [ 98.5823, 19.3652 ], [ 98.5944, 19.3561 ], [ 98.5965, 19.352 ], [ 98.5923, 19.3514 ], [ 98.5916, 19.3491 ], [ 98.5914, 19.3453 ], [ 98.5941, 19.3388 ], [ 98.5907, 19.3306 ], [ 98.5946, 19.3215 ], [ 98.6007, 19.314 ], [ 98.6026, 19.3065 ], [ 98.6003, 19.3016 ], [ 98.6002, 19.2955 ], [ 98.596, 19.2889 ], [ 98.596, 19.286 ], [ 98.5992, 19.2813 ], [ 98.6055, 19.2776 ], [ 98.5919, 19.2633 ], [ 98.5902, 19.2516 ], [ 98.6, 19.228 ], [ 98.5844, 19.2152 ], [ 98.5789, 19.213 ], [ 98.5758, 19.2146 ], [ 98.5701, 19.214 ], [ 98.5694, 19.208 ], [ 98.5705, 19.2049 ], [ 98.577, 19.2003 ], [ 98.5861, 19.1856 ], [ 98.5961, 19.1831 ], [ 98.6076, 19.1773 ], [ 98.6105, 19.1702 ], [ 98.6222, 19.1648 ], [ 98.621, 19.1598 ], [ 98.6241, 19.1555 ], [ 98.634, 19.154 ], [ 98.6346, 19.1467 ], [ 98.6333, 19.1407 ], [ 98.6393, 19.1327 ], [ 98.6417, 19.1265 ], [ 98.6449, 19.1042 ], [ 98.6528, 19.093 ], [ 98.6498, 19.0797 ], [ 98.6412, 19.0707 ], [ 98.6417, 19.0671 ], [ 98.634, 19.0604 ], [ 98.6294, 19.06 ], [ 98.6212, 19.0556 ], [ 98.6153, 19.055 ], [ 98.6064, 19.0512 ], [ 98.6027, 19.0491 ], [ 98.598, 19.0424 ], [ 98.5944, 19.0414 ], [ 98.5849, 19.0456 ], [ 98.5694, 19.0436 ], [ 98.5644, 19.0352 ], [ 98.5562, 19.0354 ], [ 98.5539, 19.0299 ], [ 98.5472, 19.0243 ], [ 98.5294, 19.023 ], [ 98.5171, 19.0302 ], [ 98.4953, 19.0361 ], [ 98.4921, 19.0386 ], [ 98.4848, 19.0385 ], [ 98.4797, 19.0408 ], [ 98.47, 19.0397 ], [ 98.4681, 19.0416 ], [ 98.4653, 19.0413 ], [ 98.4587, 19.0445 ], [ 98.4409, 19.0458 ], [ 98.4304, 19.0398 ], [ 98.4264, 19.0342 ], [ 98.4254, 19.0291 ], [ 98.422, 19.0261 ], [ 98.4159, 19.0302 ], [ 98.4022, 19.0342 ], [ 98.4006, 19.0407 ], [ 98.3876, 19.0585 ], [ 98.385, 19.06 ], [ 98.3828, 19.058 ], [ 98.3736, 19.0642 ], [ 98.3758, 19.0753 ], [ 98.3717, 19.0838 ], [ 98.365, 19.0867 ], [ 98.362, 19.086 ], [ 98.3549, 19.0919 ], [ 98.3529, 19.0959 ], [ 98.3542, 19.0989 ], [ 98.3533, 19.1021 ], [ 98.3471, 19.1101 ], [ 98.3465, 19.1178 ], [ 98.3448, 19.121 ], [ 98.3456, 19.1259 ], [ 98.3499, 19.1282 ], [ 98.35, 19.1303 ], [ 98.3438, 19.1356 ], [ 98.3412, 19.1402 ], [ 98.3409, 19.1427 ], [ 98.3438, 19.1494 ], [ 98.3317, 19.1483 ], [ 98.3259, 19.154 ], [ 98.3212, 19.154 ], [ 98.3146, 19.151 ], [ 98.303, 19.1534 ], [ 98.2988, 19.1525 ], [ 98.2936, 19.1535 ], [ 98.2863, 19.1509 ], [ 98.2703, 19.1538 ], [ 98.266, 19.1511 ], [ 98.2604, 19.1566 ], [ 98.2543, 19.1586 ], [ 98.2437, 19.1493 ], [ 98.2442, 19.1455 ], [ 98.242, 19.1385 ], [ 98.2456, 19.1293 ], [ 98.2429, 19.1245 ], [ 98.249, 19.121 ], [ 98.2497, 19.1163 ], [ 98.2533, 19.1114 ], [ 98.252, 19.1064 ], [ 98.2444, 19.1032 ], [ 98.2395, 19.0993 ], [ 98.2384, 19.0928 ], [ 98.2338, 19.0879 ], [ 98.2277, 19.0859 ], [ 98.2249, 19.0757 ], [ 98.2106, 19.0604 ], [ 98.2066, 19.0466 ], [ 98.2021, 19.0432 ], [ 98.1917, 19.0396 ], [ 98.1928, 19.0331 ], [ 98.1914, 19.0305 ], [ 98.1869, 19.0296 ], [ 98.1854, 19.0246 ], [ 98.1876, 19.0225 ], [ 98.1873, 19.0142 ], [ 98.1799, 19.0032 ], [ 98.1714, 18.9983 ], [ 98.1701, 18.9873 ], [ 98.1653, 18.9798 ], [ 98.1739, 18.9604 ], [ 98.1729, 18.9461 ], [ 98.1675, 18.9373 ], [ 98.1588, 18.9354 ], [ 98.1603, 18.9248 ], [ 98.1586, 18.9178 ], [ 98.1502, 18.9151 ], [ 98.146, 18.9102 ], [ 98.1325, 18.91 ], [ 98.1261, 18.9059 ], [ 98.1214, 18.8971 ], [ 98.1179, 18.893 ], [ 98.1135, 18.8912 ], [ 98.1119, 18.8856 ], [ 98.1036, 18.8825 ], [ 98.0905, 18.8593 ], [ 98.0897, 18.8509 ], [ 98.0833, 18.836 ], [ 98.0808, 18.8193 ], [ 98.0836, 18.8098 ], [ 98.0885, 18.8035 ], [ 98.0869, 18.7943 ], [ 98.0918, 18.7855 ], [ 98.0923, 18.7835 ], [ 98.0907, 18.7821 ], [ 98.0935, 18.7754 ], [ 98.102, 18.7736 ], [ 98.1099, 18.7781 ], [ 98.1226, 18.7729 ], [ 98.1195, 18.7658 ], [ 98.1218, 18.7565 ], [ 98.1166, 18.7519 ], [ 98.1098, 18.7498 ], [ 98.1093, 18.7446 ], [ 98.0978, 18.7372 ], [ 98.1034, 18.734 ], [ 98.1046, 18.7163 ], [ 98.1084, 18.7119 ], [ 98.108, 18.7092 ], [ 98.1021, 18.7038 ], [ 98.1016, 18.7012 ], [ 98.1082, 18.6893 ], [ 98.1065, 18.6759 ], [ 98.111, 18.6729 ], [ 98.1138, 18.6683 ], [ 98.1105, 18.6634 ], [ 98.1071, 18.6517 ], [ 98.1071, 18.6467 ], [ 98.112, 18.6428 ], [ 98.1188, 18.6331 ], [ 98.1243, 18.632 ], [ 98.146, 18.6372 ], [ 98.1554, 18.6313 ], [ 98.1576, 18.6273 ], [ 98.1654, 18.6243 ], [ 98.1748, 18.6264 ], [ 98.1843, 18.6218 ], [ 98.1839, 18.609 ], [ 98.1851, 18.6079 ], [ 98.2118, 18.606 ], [ 98.216, 18.5973 ], [ 98.2136, 18.5914 ], [ 98.2142, 18.589 ], [ 98.224, 18.587 ], [ 98.2295, 18.584 ], [ 98.231, 18.5792 ], [ 98.2373, 18.5718 ], [ 98.2379, 18.5667 ], [ 98.2329, 18.5629 ], [ 98.2323, 18.5547 ], [ 98.2262, 18.5528 ], [ 98.224, 18.548 ], [ 98.2104, 18.5357 ], [ 98.2014, 18.5398 ], [ 98.1974, 18.5383 ], [ 98.1934, 18.5396 ], [ 98.1864, 18.546 ], [ 98.1762, 18.5453 ], [ 98.1747, 18.5352 ], [ 98.1715, 18.5278 ], [ 98.1718, 18.524 ], [ 98.1656, 18.5235 ], [ 98.1554, 18.5107 ], [ 98.1476, 18.5121 ], [ 98.1436, 18.5082 ], [ 98.1324, 18.503 ], [ 98.1311, 18.5005 ], [ 98.1236, 18.5006 ], [ 98.121, 18.4958 ], [ 98.1202, 18.4862 ], [ 98.114, 18.4809 ], [ 98.1113, 18.4746 ], [ 98.1072, 18.4562 ], [ 98.1016, 18.4549 ], [ 98.0843, 18.4446 ], [ 98.0814, 18.4345 ], [ 98.0752, 18.4268 ], [ 98.0834, 18.4155 ], [ 98.0955, 18.4189 ], [ 98.1017, 18.4168 ], [ 98.1047, 18.4115 ], [ 98.1094, 18.4101 ], [ 98.114, 18.4065 ], [ 98.1188, 18.4068 ], [ 98.1266, 18.4046 ], [ 98.1286, 18.4022 ], [ 98.1284, 18.3991 ], [ 98.125, 18.3941 ], [ 98.1319, 18.3852 ], [ 98.1372, 18.383 ], [ 98.1413, 18.37 ], [ 98.1475, 18.3608 ], [ 98.1527, 18.3574 ], [ 98.1645, 18.3534 ], [ 98.171, 18.3467 ], [ 98.1748, 18.3381 ], [ 98.1739, 18.3358 ], [ 98.1758, 18.3344 ], [ 98.1762, 18.3292 ], [ 98.172, 18.3188 ], [ 98.1726, 18.3012 ], [ 98.1742, 18.298 ], [ 98.1819, 18.2945 ], [ 98.1847, 18.2949 ], [ 98.1927, 18.2884 ], [ 98.1959, 18.2876 ], [ 98.198, 18.2891 ], [ 98.2035, 18.2892 ], [ 98.1938, 18.2826 ], [ 98.1866, 18.282 ], [ 98.1839, 18.2837 ], [ 98.1688, 18.28 ], [ 98.1644, 18.2814 ], [ 98.1586, 18.2806 ], [ 98.1533, 18.2837 ], [ 98.1464, 18.2817 ], [ 98.1408, 18.278 ], [ 98.137, 18.2645 ], [ 98.1391, 18.2568 ], [ 98.1443, 18.251 ], [ 98.1409, 18.2402 ], [ 98.1415, 18.2375 ], [ 98.1446, 18.2349 ], [ 98.1489, 18.2253 ], [ 98.1604, 18.22 ], [ 98.1624, 18.2217 ], [ 98.1687, 18.2194 ], [ 98.1735, 18.2158 ], [ 98.1704, 18.211 ], [ 98.168, 18.2017 ], [ 98.1737, 18.1966 ], [ 98.1774, 18.1882 ], [ 98.1687, 18.1801 ], [ 98.1687, 18.1688 ], [ 98.1673, 18.1655 ], [ 98.1589, 18.1639 ], [ 98.1579, 18.1608 ], [ 98.16, 18.1527 ], [ 98.1637, 18.1478 ], [ 98.164, 18.1434 ], [ 98.1691, 18.139 ], [ 98.1648, 18.1305 ], [ 98.1678, 18.1168 ], [ 98.1727, 18.1147 ], [ 98.1809, 18.1147 ], [ 98.1835, 18.112 ], [ 98.1844, 18.1139 ], [ 98.1918, 18.1124 ], [ 98.1931, 18.1064 ], [ 98.2044, 18.0973 ], [ 98.2038, 18.089 ], [ 98.2067, 18.0872 ], [ 98.2162, 18.086 ], [ 98.2185, 18.0877 ], [ 98.2208, 18.087 ], [ 98.2268, 18.0898 ], [ 98.2294, 18.0956 ], [ 98.2319, 18.0966 ], [ 98.2339, 18.0903 ], [ 98.2308, 18.0878 ], [ 98.2346, 18.0852 ], [ 98.2365, 18.0865 ], [ 98.239, 18.085 ], [ 98.2429, 18.0858 ], [ 98.2438, 18.0774 ], [ 98.2486, 18.0745 ], [ 98.2497, 18.0762 ], [ 98.2539, 18.077 ], [ 98.253, 18.0792 ], [ 98.2559, 18.0793 ], [ 98.2577, 18.0836 ], [ 98.2593, 18.0822 ], [ 98.2682, 18.0843 ], [ 98.2728, 18.0836 ], [ 98.2735, 18.0815 ], [ 98.2809, 18.0806 ], [ 98.284, 18.0827 ], [ 98.2875, 18.0822 ], [ 98.2902, 18.0733 ], [ 98.2827, 18.0569 ], [ 98.2738, 18.0469 ], [ 98.2761, 18.0443 ], [ 98.2749, 18.0424 ], [ 98.2716, 18.0408 ], [ 98.2655, 18.0464 ], [ 98.2579, 18.0345 ], [ 98.2504, 18.0321 ], [ 98.2438, 18.0328 ], [ 98.238, 18.0293 ], [ 98.2347, 18.025 ], [ 98.2327, 18.0164 ], [ 98.2344, 18.0136 ], [ 98.2395, 18.012 ], [ 98.2462, 17.9982 ], [ 98.2471, 17.9927 ], [ 98.2453, 17.9873 ], [ 98.2327, 17.9838 ], [ 98.2288, 17.9883 ], [ 98.2266, 17.9841 ], [ 98.2213, 17.9838 ], [ 98.2135, 17.9799 ], [ 98.2063, 17.9819 ], [ 98.1983, 17.9771 ], [ 98.193, 17.9784 ], [ 98.19, 17.9765 ], [ 98.1852, 17.9775 ], [ 98.1816, 17.9712 ], [ 98.1795, 17.9704 ], [ 98.1751, 17.9723 ], [ 98.1709, 17.9718 ], [ 98.1696, 17.9683 ], [ 98.163, 17.9675 ], [ 98.1609, 17.9601 ], [ 98.156, 17.9581 ], [ 98.1545, 17.9547 ], [ 98.1553, 17.9518 ], [ 98.1531, 17.9513 ], [ 98.1514, 17.9476 ], [ 98.1501, 17.9396 ], [ 98.1448, 17.934 ], [ 98.1419, 17.9383 ], [ 98.1342, 17.9415 ], [ 98.1343, 17.9439 ], [ 98.1301, 17.9431 ], [ 98.1244, 17.9445 ], [ 98.1217, 17.9488 ], [ 98.119, 17.9471 ], [ 98.117, 17.9492 ], [ 98.1075, 17.9529 ], [ 98.1019, 17.9585 ], [ 98.0903, 17.9605 ], [ 98.0801, 17.9552 ], [ 98.0732, 17.9547 ], [ 98.0627, 17.9484 ], [ 98.0585, 17.95 ], [ 98.0563, 17.9493 ], [ 98.0515, 17.9445 ], [ 98.0383, 17.941 ], [ 98.0255, 17.9352 ], [ 98.0238, 17.9336 ], [ 98.0246, 17.9315 ], [ 98.0207, 17.9288 ], [ 98.0207, 17.925 ], [ 98.0232, 17.9229 ], [ 98.0163, 17.9185 ] ] ] ] } },
{ "type": "Feature", "properties": { "NAME_1": "Nan" }, "geometry": { "type": "MultiPolygon", "coordinates": [ [ [ [ 100.606, 18.0459 ], [ 100.5988, 18.0412 ], [ 100.5891, 18.0386 ], [ 100.5792, 18.0422 ], [ 100.5764, 18.0353 ], [ 100.574, 18.0334 ], [ 100.5669, 18.0352 ], [ 100.5615, 18.0313 ], [ 100.5505, 18.0316 ], [ 100.5485, 18.029 ], [ 100.5481, 18.0205 ], [ 100.5438, 18.0148 ], [ 100.5313, 18.0168 ], [ 100.5276, 18.0215 ], [ 100.5123, 18.0188 ], [ 100.5059, 18.0226 ], [ 100.4989, 18.0199 ], [ 100.4974, 18.0223 ], [ 100.4937, 18.0237 ], [ 100.4883, 18.0218 ], [ 100.4763, 18.0233 ], [ 100.4726, 18.0185 ], [ 100.4635, 18.0212 ], [ 100.4581, 18.0195 ], [ 100.4509, 18.0201 ], [ 100.4456, 18.0238 ], [ 100.4245, 18.0115 ], [ 100.4158, 18.0194 ], [ 100.4185, 18.0267 ], [ 100.4173, 18.0338 ], [ 100.4095, 18.0455 ], [ 100.4089, 18.0495 ], [ 100.4107, 18.0548 ], [ 100.4049, 18.0632 ], [ 100.4114, 18.0738 ], [ 100.3974, 18.0845 ], [ 100.3993, 18.0888 ], [ 100.3977, 18.0923 ], [ 100.4015, 18.0976 ], [ 100.3934, 18.1157 ], [ 100.3977, 18.126 ], [ 100.3987, 18.1333 ], [ 100.4045, 18.1386 ], [ 100.4115, 18.1399 ], [ 100.4156, 18.1502 ], [ 100.4183, 18.1534 ], [ 100.4404, 18.1511 ], [ 100.448, 18.157 ], [ 100.4506, 18.1664 ], [ 100.4538, 18.1712 ], [ 100.453, 18.1822 ], [ 100.4575, 18.1896 ], [ 100.4613, 18.1923 ], [ 100.4603, 18.2004 ], [ 100.4557, 18.2128 ], [ 100.4608, 18.2165 ], [ 100.4627, 18.2215 ], [ 100.4623, 18.2271 ], [ 100.469, 18.2351 ], [ 100.47, 18.2434 ], [ 100.4719, 18.2444 ], [ 100.4738, 18.2522 ], [ 100.4783, 18.2588 ], [ 100.4775, 18.2626 ], [ 100.4958, 18.278 ], [ 100.4848, 18.2903 ], [ 100.4856, 18.2943 ], [ 100.4882, 18.2975 ], [ 100.484, 18.3048 ], [ 100.4818, 18.3166 ], [ 100.4829, 18.3218 ], [ 100.4864, 18.3228 ], [ 100.4948, 18.3369 ], [ 100.4905, 18.34 ], [ 100.4845, 18.3414 ], [ 100.4849, 18.345 ], [ 100.4829, 18.3484 ], [ 100.4992, 18.3512 ], [ 100.5003, 18.3554 ], [ 100.5071, 18.3602 ], [ 100.5079, 18.3683 ], [ 100.5121, 18.374 ], [ 100.5121, 18.3798 ], [ 100.5185, 18.3897 ], [ 100.5217, 18.3907 ], [ 100.529, 18.3886 ], [ 100.5349, 18.3898 ], [ 100.5384, 18.3889 ], [ 100.5433, 18.4025 ], [ 100.5477, 18.405 ], [ 100.55, 18.4123 ], [ 100.5523, 18.4144 ], [ 100.5528, 18.4276 ], [ 100.5504, 18.4303 ], [ 100.5492, 18.4382 ], [ 100.5521, 18.4485 ], [ 100.5506, 18.4571 ], [ 100.5474, 18.4607 ], [ 100.5487, 18.4633 ], [ 100.5453, 18.4675 ], [ 100.5447, 18.4817 ], [ 100.5427, 18.488 ], [ 100.5375, 18.4884 ], [ 100.5337, 18.4836 ], [ 100.5262, 18.4813 ], [ 100.526, 18.4782 ], [ 100.5217, 18.475 ], [ 100.5174, 18.4739 ], [ 100.5136, 18.4753 ], [ 100.5081, 18.4715 ], [ 100.5048, 18.474 ], [ 100.4963, 18.4727 ], [ 100.4839, 18.4805 ], [ 100.4789, 18.4882 ], [ 100.4791, 18.4921 ], [ 100.4773, 18.4937 ], [ 100.4728, 18.4904 ], [ 100.4622, 18.4895 ], [ 100.4566, 18.4941 ], [ 100.4492, 18.4945 ], [ 100.4456, 18.4887 ], [ 100.4375, 18.4986 ], [ 100.436, 18.4987 ], [ 100.4245, 18.4942 ], [ 100.4208, 18.4895 ], [ 100.4197, 18.4829 ], [ 100.417, 18.4806 ], [ 100.4009, 18.485 ], [ 100.4021, 18.4913 ], [ 100.3975, 18.4943 ], [ 100.3993, 18.4962 ], [ 100.3974, 18.5023 ], [ 100.3917, 18.5094 ], [ 100.3886, 18.5108 ], [ 100.3976, 18.5253 ], [ 100.3969, 18.5305 ], [ 100.3892, 18.541 ], [ 100.3894, 18.5565 ], [ 100.3723, 18.5644 ], [ 100.3765, 18.5709 ], [ 100.3799, 18.5828 ], [ 100.3789, 18.5878 ], [ 100.3769, 18.5896 ], [ 100.3792, 18.5917 ], [ 100.3788, 18.6015 ], [ 100.3812, 18.6137 ], [ 100.3831, 18.6151 ], [ 100.3833, 18.6205 ], [ 100.3865, 18.6233 ], [ 100.3905, 18.623 ], [ 100.3983, 18.6256 ], [ 100.396, 18.6317 ], [ 100.3942, 18.6322 ], [ 100.395, 18.6351 ], [ 100.3936, 18.6369 ], [ 100.3918, 18.6361 ], [ 100.3891, 18.6379 ], [ 100.3782, 18.6351 ], [ 100.3739, 18.6373 ], [ 100.3707, 18.6371 ], [ 100.3663, 18.6423 ], [ 100.3637, 18.6425 ], [ 100.3612, 18.6473 ], [ 100.3626, 18.6527 ], [ 100.3616, 18.6578 ], [ 100.3586, 18.6574 ], [ 100.3564, 18.6609 ], [ 100.3585, 18.6633 ], [ 100.3564, 18.6683 ], [ 100.3583, 18.6716 ], [ 100.3538, 18.6788 ], [ 100.3612, 18.6891 ], [ 100.3622, 18.6978 ], [ 100.3658, 18.7022 ], [ 100.3651, 18.7056 ], [ 100.3736, 18.7098 ], [ 100.3835, 18.7245 ], [ 100.3902, 18.7252 ], [ 100.3897, 18.7311 ], [ 100.3935, 18.7389 ], [ 100.3912, 18.7412 ], [ 100.3857, 18.7426 ], [ 100.3814, 18.7413 ], [ 100.3788, 18.7434 ], [ 100.3732, 18.7423 ], [ 100.36, 18.7495 ], [ 100.3599, 18.7601 ], [ 100.3632, 18.7652 ], [ 100.3609, 18.7697 ], [ 100.3645, 18.7748 ], [ 100.3633, 18.7773 ], [ 100.3586, 18.7825 ], [ 100.3497, 18.7846 ], [ 100.3427, 18.7832 ], [ 100.3396, 18.7847 ], [ 100.3381, 18.7928 ], [ 100.341, 18.8026 ], [ 100.3469, 18.812 ], [ 100.3417, 18.8152 ], [ 100.3402, 18.8186 ], [ 100.3419, 18.8211 ], [ 100.3416, 18.824 ], [ 100.3489, 18.8263 ], [ 100.3501, 18.8276 ], [ 100.3488, 18.8302 ], [ 100.3504, 18.8328 ], [ 100.3653, 18.8462 ], [ 100.3678, 18.8523 ], [ 100.3653, 18.862 ], [ 100.3678, 18.8652 ], [ 100.3686, 18.87 ], [ 100.3833, 18.8826 ], [ 100.39, 18.8921 ], [ 100.3901, 18.8992 ], [ 100.3931, 18.9109 ], [ 100.3915, 18.9152 ], [ 100.3929, 18.9171 ], [ 100.3929, 18.9249 ], [ 100.396, 18.928 ], [ 100.4034, 18.9288 ], [ 100.4038, 18.9308 ], [ 100.4092, 18.9336 ], [ 100.4096, 18.9368 ], [ 100.4069, 18.9408 ], [ 100.4077, 18.9434 ], [ 100.4238, 18.9454 ], [ 100.43, 18.953 ], [ 100.4302, 18.9558 ], [ 100.4264, 18.9589 ], [ 100.43, 18.9663 ], [ 100.4282, 18.9671 ], [ 100.4263, 18.9649 ], [ 100.4243, 18.9653 ], [ 100.426, 18.9707 ], [ 100.4205, 18.9799 ], [ 100.4296, 18.9835 ], [ 100.4306, 18.9941 ], [ 100.4408, 19.0058 ], [ 100.4409, 19.0145 ], [ 100.443, 19.0231 ], [ 100.4513, 19.0307 ], [ 100.4604, 19.0516 ], [ 100.4806, 19.0511 ], [ 100.4853, 19.0532 ], [ 100.4951, 19.0506 ], [ 100.496, 19.0474 ], [ 100.4929, 19.0363 ], [ 100.506, 19.0294 ], [ 100.5097, 19.0252 ], [ 100.5165, 19.0225 ], [ 100.516, 19.0187 ], [ 100.5046, 19.0048 ], [ 100.5039, 18.9986 ], [ 100.5067, 18.9878 ], [ 100.5122, 18.9922 ], [ 100.5138, 18.9958 ], [ 100.5235, 18.9983 ], [ 100.5328, 18.9975 ], [ 100.5371, 18.994 ], [ 100.5415, 18.996 ], [ 100.5474, 18.9947 ], [ 100.5489, 19.0021 ], [ 100.5469, 19.0103 ], [ 100.5474, 19.016 ], [ 100.5402, 19.0445 ], [ 100.5466, 19.0433 ], [ 100.55, 19.0381 ], [ 100.5563, 19.0424 ], [ 100.5595, 19.0417 ], [ 100.5637, 19.032 ], [ 100.5689, 19.0275 ], [ 100.5721, 19.0265 ], [ 100.5759, 19.0283 ], [ 100.5843, 19.0287 ], [ 100.5883, 19.0255 ], [ 100.5939, 19.0254 ], [ 100.5975, 19.0228 ], [ 100.601, 19.0226 ], [ 100.6067, 19.0185 ], [ 100.6122, 19.0249 ], [ 100.6157, 19.026 ], [ 100.6212, 19.0315 ], [ 100.6189, 19.037 ], [ 100.6136, 19.0434 ], [ 100.6008, 19.048 ], [ 100.5951, 19.0531 ], [ 100.5881, 19.0553 ], [ 100.5751, 19.0684 ], [ 100.566, 19.0724 ], [ 100.566, 19.0748 ], [ 100.5701, 19.0766 ], [ 100.5659, 19.0774 ], [ 100.5677, 19.083 ], [ 100.5742, 19.09 ], [ 100.5706, 19.0911 ], [ 100.5708, 19.0976 ], [ 100.5726, 19.1 ], [ 100.5753, 19.103 ], [ 100.5789, 19.1035 ], [ 100.5822, 19.1014 ], [ 100.583, 19.0965 ], [ 100.5867, 19.0941 ], [ 100.6032, 19.1028 ], [ 100.6074, 19.1008 ], [ 100.6188, 19.1015 ], [ 100.6255, 19.0979 ], [ 100.6298, 19.0982 ], [ 100.6368, 19.1029 ], [ 100.6489, 19.1168 ], [ 100.6396, 19.1255 ], [ 100.6399, 19.1419 ], [ 100.6369, 19.1456 ], [ 100.6308, 19.1476 ], [ 100.63, 19.1577 ], [ 100.6268, 19.1671 ], [ 100.6277, 19.1715 ], [ 100.6245, 19.172 ], [ 100.6243, 19.1749 ], [ 100.6198, 19.1807 ], [ 100.6204, 19.1911 ], [ 100.6235, 19.1972 ], [ 100.6175, 19.2202 ], [ 100.6185, 19.2245 ], [ 100.6023, 19.2493 ], [ 100.6045, 19.2542 ], [ 100.6073, 19.2555 ], [ 100.606, 19.2668 ], [ 100.6089, 19.276 ], [ 100.6116, 19.2784 ], [ 100.6135, 19.2867 ], [ 100.612, 19.2929 ], [ 100.6133, 19.3094 ], [ 100.6115, 19.3064 ], [ 100.6064, 19.3043 ], [ 100.583, 19.3058 ], [ 100.5736, 19.3033 ], [ 100.5705, 19.3066 ], [ 100.5658, 19.3073 ], [ 100.5651, 19.3122 ], [ 100.5617, 19.319 ], [ 100.563, 19.3243 ], [ 100.5616, 19.3316 ], [ 100.5624, 19.3366 ], [ 100.5543, 19.3409 ], [ 100.5476, 19.349 ], [ 100.536, 19.3525 ], [ 100.5332, 19.3585 ], [ 100.5376, 19.3646 ], [ 100.5378, 19.3685 ], [ 100.5334, 19.3721 ], [ 100.5327, 19.3769 ], [ 100.5222, 19.3857 ], [ 100.5199, 19.3978 ], [ 100.5237, 19.4019 ], [ 100.5247, 19.4057 ], [ 100.5434, 19.4151 ], [ 100.5666, 19.434 ], [ 100.5675, 19.453 ], [ 100.5711, 19.4564 ], [ 100.573, 19.4613 ], [ 100.5767, 19.4631 ], [ 100.5815, 19.4692 ], [ 100.5901, 19.4713 ], [ 100.5858, 19.4815 ], [ 100.6012, 19.495 ], [ 100.6009, 19.5074 ], [ 100.6039, 19.5145 ], [ 100.6049, 19.5253 ], [ 100.6093, 19.5309 ], [ 100.6133, 19.5327 ], [ 100.6131, 19.5371 ], [ 100.6191, 19.5495 ], [ 100.6318, 19.5534 ], [ 100.6389, 19.5542 ], [ 100.6454, 19.5529 ], [ 100.6536, 19.5548 ], [ 100.6595, 19.5502 ], [ 100.6622, 19.5459 ], [ 100.6739, 19.5477 ], [ 100.6771, 19.5448 ], [ 100.6839, 19.5432 ], [ 100.6864, 19.5398 ], [ 100.6935, 19.5374 ], [ 100.6981, 19.5331 ], [ 100.7096, 19.5339 ], [ 100.714, 19.5285 ], [ 100.7165, 19.5289 ], [ 100.7238, 19.525 ], [ 100.7302, 19.525 ], [ 100.7341, 19.5232 ], [ 100.7368, 19.5195 ], [ 100.7419, 19.5188 ], [ 100.7434, 19.5148 ], [ 100.7538, 19.5091 ], [ 100.7597, 19.5098 ], [ 100.7615, 19.5059 ], [ 100.7583, 19.5021 ], [ 100.7666, 19.499 ], [ 100.7678, 19.4877 ], [ 100.7692, 19.4859 ], [ 100.7738, 19.4852 ], [ 100.7849, 19.4942 ], [ 100.7863, 19.4991 ], [ 100.7937, 19.5083 ], [ 100.7986, 19.512 ], [ 100.8041, 19.513 ], [ 100.8133, 19.5209 ], [ 100.8185, 19.5234 ], [ 100.8217, 19.531 ], [ 100.8272, 19.5355 ], [ 100.83, 19.5419 ], [ 100.8338, 19.5431 ], [ 100.8369, 19.5487 ], [ 100.8407, 19.5509 ], [ 100.8429, 19.5572 ], [ 100.85, 19.5664 ], [ 100.862, 19.5715 ], [ 100.8628, 19.5747 ], [ 100.8606, 19.579 ], [ 100.8676, 19.5829 ], [ 100.8688, 19.5852 ], [ 100.8677, 19.5874 ], [ 100.8716, 19.5883 ], [ 100.8734, 19.5941 ], [ 100.8769, 19.5983 ], [ 100.8805, 19.5998 ], [ 100.8801, 19.6021 ], [ 100.8816, 19.604 ], [ 100.8846, 19.6042 ], [ 100.8853, 19.6111 ], [ 100.8907, 19.6221 ], [ 100.8919, 19.6295 ], [ 100.896, 19.6318 ], [ 100.9025, 19.6306 ], [ 100.91, 19.627 ], [ 100.9102, 19.6254 ], [ 100.9149, 19.6248 ], [ 100.9183, 19.6198 ], [ 100.9278, 19.6238 ], [ 100.9359, 19.6205 ], [ 100.9401, 19.6236 ], [ 100.9497, 19.622 ], [ 100.9598, 19.6231 ], [ 100.9684, 19.621 ], [ 100.9746, 19.6173 ], [ 100.9768, 19.6177 ], [ 100.9842, 19.6253 ], [ 100.9912, 19.6228 ], [ 100.9997, 19.6244 ], [ 101.0035, 19.6201 ], [ 101.0086, 19.6216 ], [ 101.0163, 19.6179 ], [ 101.0217, 19.6208 ], [ 101.026, 19.628 ], [ 101.0372, 19.6267 ], [ 101.0407, 19.6224 ], [ 101.0452, 19.6232 ], [ 101.054, 19.618 ], [ 101.058, 19.6196 ], [ 101.0643, 19.6173 ], [ 101.0641, 19.6149 ], [ 101.0689, 19.6109 ], [ 101.0702, 19.6065 ], [ 101.0685, 19.6033 ], [ 101.0693, 19.6024 ], [ 101.0731, 19.6008 ], [ 101.0785, 19.6028 ], [ 101.083, 19.6016 ], [ 101.0918, 19.5954 ], [ 101.0938, 19.5852 ], [ 101.0995, 19.5824 ], [ 101.1032, 19.5843 ], [ 101.11, 19.5828 ], [ 101.1152, 19.5836 ], [ 101.1182, 19.5821 ], [ 101.1202, 19.5791 ], [ 101.1191, 19.5763 ], [ 101.1246, 19.5706 ], [ 101.1423, 19.577 ], [ 101.1475, 19.5755 ], [ 101.1556, 19.5792 ], [ 101.1621, 19.5788 ], [ 101.1659, 19.5809 ], [ 101.169, 19.5791 ], [ 101.1717, 19.584 ], [ 101.1812, 19.5764 ], [ 101.1882, 19.5773 ], [ 101.1941, 19.5746 ], [ 101.2, 19.5751 ], [ 101.2066, 19.5865 ], [ 101.2045, 19.59 ], [ 101.2065, 19.5942 ], [ 101.2052, 19.597 ], [ 101.2076, 19.5992 ], [ 101.2088, 19.6034 ], [ 101.2195, 19.6001 ], [ 101.2277, 19.6031 ], [ 101.2303, 19.6008 ], [ 101.2355, 19.6004 ], [ 101.246, 19.6017 ], [ 101.2484, 19.5924 ], [ 101.2584, 19.5889 ], [ 101.2619, 19.5915 ], [ 101.2641, 19.5912 ], [ 101.2678, 19.5879 ], [ 101.2834, 19.5798 ], [ 101.282, 19.5759 ], [ 101.29, 19.5663 ], [ 101.2761, 19.5481 ], [ 101.2826, 19.5358 ], [ 101.2872, 19.532 ], [ 101.2872, 19.5243 ], [ 101.2807, 19.5188 ], [ 101.2766, 19.5101 ], [ 101.2725, 19.5092 ], [ 101.2726, 19.5062 ], [ 101.2697, 19.5016 ], [ 101.2705, 19.4934 ], [ 101.269, 19.4889 ], [ 101.272, 19.4829 ], [ 101.2684, 19.4747 ], [ 101.2683, 19.4683 ], [ 101.2493, 19.4723 ], [ 101.2419, 19.4705 ], [ 101.2393, 19.4717 ], [ 101.238, 19.4756 ], [ 101.2298, 19.4743 ], [ 101.227, 19.47 ], [ 101.2217, 19.4719 ], [ 101.2189, 19.4706 ], [ 101.2156, 19.4733 ], [ 101.2122, 19.4704 ], [ 101.2129, 19.4619 ], [ 101.2072, 19.4565 ], [ 101.2107, 19.4527 ], [ 101.2097, 19.4472 ], [ 101.2142, 19.4427 ], [ 101.2124, 19.4357 ], [ 101.2171, 19.4297 ], [ 101.2108, 19.4218 ], [ 101.2093, 19.4164 ], [ 101.2058, 19.4132 ], [ 101.2016, 19.4053 ], [ 101.197, 19.4042 ], [ 101.1981, 19.3973 ], [ 101.1931, 19.4004 ], [ 101.1893, 19.3985 ], [ 101.1905, 19.3876 ], [ 101.1924, 19.3837 ], [ 101.1923, 19.3764 ], [ 101.1987, 19.3712 ], [ 101.2014, 19.3646 ], [ 101.2043, 19.3617 ], [ 101.205, 19.3598 ], [ 101.2032, 19.3587 ], [ 101.2074, 19.3479 ], [ 101.2174, 19.3448 ], [ 101.2217, 19.3419 ], [ 101.2226, 19.3434 ], [ 101.2265, 19.3427 ], [ 101.2304, 19.3448 ], [ 101.2351, 19.3331 ], [ 101.2401, 19.3285 ], [ 101.2293, 19.3076 ], [ 101.2292, 19.3035 ], [ 101.2312, 19.2953 ], [ 101.2414, 19.283 ], [ 101.2408, 19.2793 ], [ 101.2449, 19.262 ], [ 101.2523, 19.24 ], [ 101.2556, 19.2376 ], [ 101.2564, 19.219 ], [ 101.2553, 19.2078 ], [ 101.2526, 19.2035 ], [ 101.254, 19.1982 ], [ 101.2531, 19.1914 ], [ 101.2506, 19.1838 ], [ 101.2471, 19.1787 ], [ 101.2545, 19.165 ], [ 101.258, 19.1501 ], [ 101.2592, 19.1434 ], [ 101.2563, 19.1299 ], [ 101.2587, 19.1226 ], [ 101.2621, 19.1218 ], [ 101.2724, 19.1126 ], [ 101.2876, 19.1077 ], [ 101.2904, 19.1031 ], [ 101.2949, 19.1023 ], [ 101.2986, 19.0986 ], [ 101.3003, 19.0947 ], [ 101.2994, 19.0923 ], [ 101.3182, 19.0779 ], [ 101.3264, 19.0785 ], [ 101.3282, 19.0768 ], [ 101.3289, 19.0706 ], [ 101.3339, 19.0701 ], [ 101.3353, 19.0659 ], [ 101.3431, 19.0674 ], [ 101.3458, 19.0612 ], [ 101.3497, 19.0576 ], [ 101.3526, 19.0503 ], [ 101.3594, 19.048 ], [ 101.3566, 19.0467 ], [ 101.3576, 19.0437 ], [ 101.3511, 19.034 ], [ 101.3476, 19.0235 ], [ 101.3432, 19.0201 ], [ 101.3419, 19.0081 ], [ 101.3384, 19.0026 ], [ 101.3281, 19.0002 ], [ 101.3125, 19.0004 ], [ 101.3084, 18.9952 ], [ 101.3075, 18.9861 ], [ 101.303, 18.9852 ], [ 101.2952, 18.9791 ], [ 101.2934, 18.975 ], [ 101.2964, 18.9704 ], [ 101.2942, 18.9644 ], [ 101.299, 18.9525 ], [ 101.2955, 18.9492 ], [ 101.2991, 18.942 ], [ 101.2976, 18.9376 ], [ 101.2928, 18.9331 ], [ 101.284, 18.9338 ], [ 101.2807, 18.9298 ], [ 101.2766, 18.9282 ], [ 101.2781, 18.9188 ], [ 101.2768, 18.9156 ], [ 101.2664, 18.9082 ], [ 101.2556, 18.9038 ], [ 101.2499, 18.8942 ], [ 101.2502, 18.8909 ], [ 101.2477, 18.8864 ], [ 101.2506, 18.8815 ], [ 101.2511, 18.8739 ], [ 101.2539, 18.87 ], [ 101.2538, 18.8665 ], [ 101.2566, 18.8629 ], [ 101.2541, 18.8606 ], [ 101.2555, 18.8486 ], [ 101.251, 18.8386 ], [ 101.248, 18.8369 ], [ 101.2474, 18.8326 ], [ 101.2448, 18.8303 ], [ 101.2496, 18.8234 ], [ 101.25, 18.8161 ], [ 101.2554, 18.8116 ], [ 101.2529, 18.7921 ], [ 101.2511, 18.7887 ], [ 101.2523, 18.7847 ], [ 101.2512, 18.7757 ], [ 101.2491, 18.7709 ], [ 101.2406, 18.7622 ], [ 101.2392, 18.746 ], [ 101.2267, 18.7339 ], [ 101.2257, 18.7307 ], [ 101.2317, 18.7216 ], [ 101.2352, 18.7194 ], [ 101.2342, 18.7142 ], [ 101.2363, 18.7098 ], [ 101.2511, 18.7085 ], [ 101.2555, 18.7038 ], [ 101.2591, 18.7036 ], [ 101.2631, 18.6983 ], [ 101.2691, 18.697 ], [ 101.273, 18.6886 ], [ 101.2643, 18.6818 ], [ 101.2585, 18.6672 ], [ 101.248, 18.6523 ], [ 101.2438, 18.6489 ], [ 101.2424, 18.6392 ], [ 101.229, 18.6272 ], [ 101.215, 18.62 ], [ 101.191, 18.614 ], [ 101.1918, 18.6133 ], [ 101.1888, 18.6113 ], [ 101.1837, 18.6098 ], [ 101.1811, 18.603 ], [ 101.1839, 18.6008 ], [ 101.1817, 18.5866 ], [ 101.1845, 18.5852 ], [ 101.1886, 18.5772 ], [ 101.1864, 18.5688 ], [ 101.1835, 18.5657 ], [ 101.1842, 18.5581 ], [ 101.1808, 18.5565 ], [ 101.1763, 18.5582 ], [ 101.1724, 18.555 ], [ 101.1674, 18.5551 ], [ 101.1626, 18.5529 ], [ 101.1586, 18.5534 ], [ 101.1513, 18.5511 ], [ 101.1498, 18.549 ], [ 101.1503, 18.541 ], [ 101.1441, 18.5361 ], [ 101.1398, 18.5261 ], [ 101.1292, 18.5227 ], [ 101.1186, 18.5257 ], [ 101.111, 18.5237 ], [ 101.1057, 18.5196 ], [ 101.0973, 18.4995 ], [ 101.0937, 18.4972 ], [ 101.0931, 18.4895 ], [ 101.0959, 18.482 ], [ 101.085, 18.474 ], [ 101.0696, 18.4584 ], [ 101.0597, 18.4431 ], [ 101.056, 18.4398 ], [ 101.0587, 18.434 ], [ 101.0546, 18.4236 ], [ 101.0608, 18.4205 ], [ 101.0718, 18.4074 ], [ 101.0794, 18.4051 ], [ 101.0836, 18.3989 ], [ 101.0854, 18.3917 ], [ 101.0851, 18.3827 ], [ 101.0891, 18.3773 ], [ 101.086, 18.373 ], [ 101.0859, 18.3684 ], [ 101.0806, 18.3642 ], [ 101.077, 18.3552 ], [ 101.0598, 18.3544 ], [ 101.0541, 18.3471 ], [ 101.0493, 18.344 ], [ 101.0455, 18.3379 ], [ 101.0403, 18.3357 ], [ 101.0381, 18.3324 ], [ 101.031, 18.3315 ], [ 101.0266, 18.3247 ], [ 101.0207, 18.3198 ], [ 101.0076, 18.3164 ], [ 101.0021, 18.3084 ], [ 101.0009, 18.302 ], [ 100.9934, 18.3073 ], [ 100.9873, 18.3054 ], [ 100.9861, 18.3069 ], [ 100.9823, 18.3043 ], [ 100.9797, 18.3005 ], [ 100.981, 18.2974 ], [ 100.9791, 18.2939 ], [ 100.9734, 18.2896 ], [ 100.9724, 18.2861 ], [ 100.9674, 18.2821 ], [ 100.9654, 18.2763 ], [ 100.9618, 18.2757 ], [ 100.9605, 18.2714 ], [ 100.9537, 18.2642 ], [ 100.9493, 18.2629 ], [ 100.9411, 18.2523 ], [ 100.9322, 18.2487 ], [ 100.928, 18.249 ], [ 100.9211, 18.2418 ], [ 100.9187, 18.2315 ], [ 100.9145, 18.2256 ], [ 100.9203, 18.216 ], [ 100.9241, 18.2152 ], [ 100.9273, 18.2092 ], [ 100.9234, 18.2024 ], [ 100.9102, 18.1925 ], [ 100.9107, 18.1855 ], [ 100.9081, 18.175 ], [ 100.9092, 18.1699 ], [ 100.9113, 18.1681 ], [ 100.9118, 18.1626 ], [ 100.9153, 18.1602 ], [ 100.9158, 18.1579 ], [ 100.9128, 18.155 ], [ 100.9061, 18.153 ], [ 100.9037, 18.1506 ], [ 100.8917, 18.1455 ], [ 100.885, 18.149 ], [ 100.8821, 18.1438 ], [ 100.8773, 18.1402 ], [ 100.8734, 18.133 ], [ 100.8748, 18.1283 ], [ 100.8738, 18.1238 ], [ 100.8764, 18.1208 ], [ 100.8769, 18.1168 ], [ 100.8642, 18.1082 ], [ 100.8591, 18.1018 ], [ 100.8519, 18.0873 ], [ 100.8519, 18.0809 ], [ 100.8429, 18.0778 ], [ 100.8379, 18.0793 ], [ 100.8351, 18.078 ], [ 100.8323, 18.0799 ], [ 100.826, 18.0786 ], [ 100.8215, 18.081 ], [ 100.813, 18.0765 ], [ 100.81, 18.0712 ], [ 100.809, 18.0633 ], [ 100.8029, 18.0526 ], [ 100.7992, 18.0513 ], [ 100.7964, 18.0474 ], [ 100.7931, 18.0468 ], [ 100.7765, 18.0277 ], [ 100.769, 18.023 ], [ 100.7603, 18.0261 ], [ 100.7488, 18.0263 ], [ 100.7464, 18.0277 ], [ 100.7437, 18.0264 ], [ 100.7355, 18.0268 ], [ 100.727, 18.0306 ], [ 100.7113, 18.029 ], [ 100.7077, 18.0247 ], [ 100.7014, 18.0261 ], [ 100.6997, 18.0242 ], [ 100.6965, 18.0246 ], [ 100.6942, 18.023 ], [ 100.6929, 18.0247 ], [ 100.6901, 18.024 ], [ 100.6894, 18.0282 ], [ 100.6855, 18.0287 ], [ 100.6817, 18.0269 ], [ 100.6835, 18.0307 ], [ 100.6809, 18.0311 ], [ 100.6814, 18.0329 ], [ 100.67, 18.0406 ], [ 100.6566, 18.0372 ], [ 100.6496, 18.0402 ], [ 100.6448, 18.04 ], [ 100.633, 18.0431 ], [ 100.6256, 18.0414 ], [ 100.6127, 18.048 ], [ 100.606, 18.0459 ] ] ] ] } },
{ "type": "Feature", "properties": { "NAME_1": "Phayao" }, "geometry": { "type": "MultiPolygon", "coordinates": [ [ [ [ 99.8485, 19.0017 ], [ 99.84, 18.9995 ], [ 99.8316, 19.008 ], [ 99.8314, 19.0117 ], [ 99.8355, 19.016 ], [ 99.8342, 19.0203 ], [ 99.8366, 19.0252 ], [ 99.8311, 19.0301 ], [ 99.8345, 19.0385 ], [ 99.8297, 19.0392 ], [ 99.8227, 19.0431 ], [ 99.8207, 19.0594 ], [ 99.8176, 19.0603 ], [ 99.8146, 19.0567 ], [ 99.807, 19.0565 ], [ 99.7962, 19.0515 ], [ 99.7939, 19.0531 ], [ 99.7856, 19.054 ], [ 99.7834, 19.0558 ], [ 99.7834, 19.0585 ], [ 99.7751, 19.0623 ], [ 99.7743, 19.0655 ], [ 99.7758, 19.0745 ], [ 99.7703, 19.0761 ], [ 99.7648, 19.0893 ], [ 99.7663, 19.0934 ], [ 99.7654, 19.0995 ], [ 99.7616, 19.1136 ], [ 99.7587, 19.119 ], [ 99.76, 19.1314 ], [ 99.7459, 19.1403 ], [ 99.7407, 19.1565 ], [ 99.7361, 19.1608 ], [ 99.7347, 19.1646 ], [ 99.731, 19.1678 ], [ 99.728, 19.1676 ], [ 99.7309, 19.179 ], [ 99.7271, 19.1872 ], [ 99.724, 19.1905 ], [ 99.7239, 19.1967 ], [ 99.7198, 19.2069 ], [ 99.7162, 19.2098 ], [ 99.7177, 19.214 ], [ 99.712, 19.229 ], [ 99.7128, 19.2356 ], [ 99.7073, 19.2384 ], [ 99.7052, 19.2433 ], [ 99.7074, 19.2466 ], [ 99.7044, 19.2531 ], [ 99.7061, 19.2568 ], [ 99.7051, 19.2636 ], [ 99.7071, 19.2746 ], [ 99.7047, 19.2835 ], [ 99.7044, 19.2955 ], [ 99.7001, 19.3006 ], [ 99.6996, 19.3045 ], [ 99.703, 19.3155 ], [ 99.7058, 19.3184 ], [ 99.7099, 19.3279 ], [ 99.7084, 19.3358 ], [ 99.7099, 19.3384 ], [ 99.7084, 19.3437 ], [ 99.7056, 19.3458 ], [ 99.7023, 19.3454 ], [ 99.701, 19.3506 ], [ 99.6969, 19.3531 ], [ 99.6942, 19.3578 ], [ 99.6936, 19.3621 ], [ 99.6966, 19.3736 ], [ 99.6955, 19.3761 ], [ 99.6979, 19.378 ], [ 99.6901, 19.3924 ], [ 99.6847, 19.4204 ], [ 99.6904, 19.4181 ], [ 99.7014, 19.4181 ], [ 99.7038, 19.4206 ], [ 99.7066, 19.4202 ], [ 99.7081, 19.4235 ], [ 99.716, 19.4178 ], [ 99.7191, 19.4204 ], [ 99.7347, 19.423 ], [ 99.7376, 19.4268 ], [ 99.7528, 19.4333 ], [ 99.7574, 19.439 ], [ 99.7783, 19.4406 ], [ 99.7881, 19.4486 ], [ 99.8137, 19.4484 ], [ 99.8295, 19.4441 ], [ 99.8464, 19.4433 ], [ 99.8556, 19.4451 ], [ 99.8656, 19.444 ], [ 99.8736, 19.4527 ], [ 99.8777, 19.4538 ], [ 99.881, 19.4518 ], [ 99.8822, 19.4473 ], [ 99.8877, 19.4466 ], [ 99.8913, 19.4407 ], [ 99.8967, 19.4361 ], [ 99.9013, 19.4241 ], [ 99.9081, 19.4295 ], [ 99.9163, 19.4309 ], [ 99.9233, 19.4048 ], [ 99.9279, 19.4085 ], [ 99.931, 19.4135 ], [ 99.9445, 19.4183 ], [ 99.9463, 19.4247 ], [ 99.9509, 19.4268 ], [ 99.9647, 19.4261 ], [ 99.9715, 19.4277 ], [ 99.9744, 19.4261 ], [ 99.9835, 19.4278 ], [ 99.9849, 19.4299 ], [ 99.9891, 19.4306 ], [ 99.9942, 19.4274 ], [ 99.9992, 19.4291 ], [ 99.9975, 19.4318 ], [ 100.0, 19.4337 ], [ 100.0023, 19.4326 ], [ 100.0031, 19.4297 ], [ 100.0095, 19.428 ], [ 100.0122, 19.4243 ], [ 100.0147, 19.4269 ], [ 100.0102, 19.4319 ], [ 100.0119, 19.4373 ], [ 100.0188, 19.4365 ], [ 100.02, 19.4344 ], [ 100.0289, 19.4346 ], [ 100.0293, 19.4364 ], [ 100.0335, 19.4386 ], [ 100.0327, 19.44 ], [ 100.034, 19.4415 ], [ 100.0394, 19.4403 ], [ 100.0417, 19.4429 ], [ 100.0483, 19.4406 ], [ 100.0529, 19.4474 ], [ 100.0595, 19.4506 ], [ 100.0642, 19.4504 ], [ 100.0677, 19.4552 ], [ 100.0701, 19.4624 ], [ 100.0674, 19.4701 ], [ 100.0721, 19.4824 ], [ 100.0666, 19.5005 ], [ 100.0685, 19.5053 ], [ 100.0668, 19.5086 ], [ 100.0693, 19.519 ], [ 100.062, 19.5244 ], [ 100.0683, 19.5377 ], [ 100.0766, 19.5446 ], [ 100.0856, 19.5502 ], [ 100.0939, 19.5502 ], [ 100.1004, 19.5528 ], [ 100.1044, 19.5514 ], [ 100.1229, 19.5525 ], [ 100.1367, 19.5552 ], [ 100.1396, 19.5535 ], [ 100.1426, 19.5555 ], [ 100.15, 19.5559 ], [ 100.1526, 19.5607 ], [ 100.1614, 19.5616 ], [ 100.1654, 19.5712 ], [ 100.1646, 19.5739 ], [ 100.1673, 19.5727 ], [ 100.1701, 19.5746 ], [ 100.1682, 19.5782 ], [ 100.1694, 19.5806 ], [ 100.1664, 19.5823 ], [ 100.1678, 19.5852 ], [ 100.1719, 19.5864 ], [ 100.1778, 19.5847 ], [ 100.1841, 19.5857 ], [ 100.1959, 19.5923 ], [ 100.201, 19.5983 ], [ 100.208, 19.5982 ], [ 100.2159, 19.6076 ], [ 100.2238, 19.609 ], [ 100.2335, 19.605 ], [ 100.2382, 19.6063 ], [ 100.2427, 19.6147 ], [ 100.2444, 19.6248 ], [ 100.2542, 19.6355 ], [ 100.2549, 19.6393 ], [ 100.2579, 19.6404 ], [ 100.2577, 19.6441 ], [ 100.2633, 19.6441 ], [ 100.2626, 19.6466 ], [ 100.2678, 19.645 ], [ 100.2699, 19.6398 ], [ 100.2713, 19.6403 ], [ 100.2708, 19.6449 ], [ 100.275, 19.6435 ], [ 100.2774, 19.6484 ], [ 100.2824, 19.6501 ], [ 100.2828, 19.6446 ], [ 100.2853, 19.6418 ], [ 100.2918, 19.6413 ], [ 100.2953, 19.6435 ], [ 100.3029, 19.6444 ], [ 100.3059, 19.6429 ], [ 100.3185, 19.6468 ], [ 100.321, 19.6551 ], [ 100.3248, 19.6607 ], [ 100.3268, 19.6707 ], [ 100.3311, 19.6743 ], [ 100.3356, 19.6818 ], [ 100.3433, 19.6862 ], [ 100.3606, 19.6871 ], [ 100.3707, 19.6988 ], [ 100.3731, 19.705 ], [ 100.3869, 19.7085 ], [ 100.392, 19.7139 ], [ 100.3924, 19.7194 ], [ 100.3949, 19.7229 ], [ 100.4, 19.7277 ], [ 100.4056, 19.7294 ], [ 100.4086, 19.7339 ], [ 100.419, 19.7303 ], [ 100.4217, 19.7264 ], [ 100.4276, 19.7269 ], [ 100.4328, 19.7199 ], [ 100.4392, 19.7177 ], [ 100.4416, 19.7127 ], [ 100.4411, 19.7101 ], [ 100.4441, 19.7058 ], [ 100.4397, 19.6964 ], [ 100.4352, 19.6913 ], [ 100.4299, 19.6713 ], [ 100.4434, 19.6628 ], [ 100.4453, 19.6566 ], [ 100.4442, 19.6513 ], [ 100.4455, 19.6495 ], [ 100.4439, 19.6395 ], [ 100.4448, 19.6333 ], [ 100.4495, 19.626 ], [ 100.4528, 19.6269 ], [ 100.4585, 19.6254 ], [ 100.462, 19.6168 ], [ 100.4697, 19.6129 ], [ 100.476, 19.6117 ], [ 100.486, 19.5992 ], [ 100.4882, 19.5937 ], [ 100.4861, 19.5857 ], [ 100.4881, 19.5838 ], [ 100.4894, 19.5658 ], [ 100.4871, 19.561 ], [ 100.4831, 19.5575 ], [ 100.4853, 19.548 ], [ 100.4776, 19.5393 ], [ 100.4754, 19.5324 ], [ 100.4726, 19.5289 ], [ 100.4762, 19.5252 ], [ 100.4776, 19.5174 ], [ 100.4812, 19.5127 ], [ 100.4814, 19.5071 ], [ 100.478, 19.4965 ], [ 100.4814, 19.4882 ], [ 100.4831, 19.4872 ], [ 100.4836, 19.4894 ], [ 100.4857, 19.4899 ], [ 100.4901, 19.4874 ], [ 100.5061, 19.487 ], [ 100.5085, 19.4858 ], [ 100.5307, 19.494 ], [ 100.5444, 19.4877 ], [ 100.5488, 19.4884 ], [ 100.5569, 19.4844 ], [ 100.5704, 19.4815 ], [ 100.583, 19.4843 ], [ 100.5904, 19.473 ], [ 100.5897, 19.4709 ], [ 100.5843, 19.4709 ], [ 100.5815, 19.4692 ], [ 100.5767, 19.4631 ], [ 100.573, 19.4613 ], [ 100.5711, 19.4564 ], [ 100.5675, 19.453 ], [ 100.5666, 19.434 ], [ 100.5434, 19.4151 ], [ 100.5247, 19.4057 ], [ 100.5237, 19.4019 ], [ 100.5198, 19.3972 ], [ 100.5213, 19.3952 ], [ 100.5226, 19.385 ], [ 100.5327, 19.3769 ], [ 100.5334, 19.3721 ], [ 100.5378, 19.3685 ], [ 100.5376, 19.3646 ], [ 100.5332, 19.3585 ], [ 100.536, 19.3525 ], [ 100.5476, 19.349 ], [ 100.5543, 19.3409 ], [ 100.5624, 19.3366 ], [ 100.5616, 19.3316 ], [ 100.563, 19.3243 ], [ 100.5617, 19.319 ], [ 100.5651, 19.3122 ], [ 100.5658, 19.3073 ], [ 100.5705, 19.3066 ], [ 100.5736, 19.3033 ], [ 100.583, 19.3058 ], [ 100.6064, 19.3043 ], [ 100.6115, 19.3064 ], [ 100.6133, 19.3094 ], [ 100.612, 19.2929 ], [ 100.6135, 19.2867 ], [ 100.6116, 19.2784 ], [ 100.6089, 19.276 ], [ 100.606, 19.2668 ], [ 100.6073, 19.2555 ], [ 100.6045, 19.2542 ], [ 100.6023, 19.2493 ], [ 100.6185, 19.2245 ], [ 100.6175, 19.2202 ], [ 100.6235, 19.1972 ], [ 100.6204, 19.1911 ], [ 100.6198, 19.1807 ], [ 100.6243, 19.1749 ], [ 100.6245, 19.172 ], [ 100.6277, 19.1715 ], [ 100.6268, 19.1671 ], [ 100.63, 19.1577 ], [ 100.6308, 19.1476 ], [ 100.6369, 19.1456 ], [ 100.6399, 19.1419 ], [ 100.6396, 19.1255 ], [ 100.6489, 19.1168 ], [ 100.6368, 19.1029 ], [ 100.6298, 19.0982 ], [ 100.6255, 19.0979 ], [ 100.6188, 19.1015 ], [ 100.6074, 19.1008 ], [ 100.6032, 19.1028 ], [ 100.5867, 19.0941 ], [ 100.583, 19.0965 ], [ 100.5818, 19.1017 ], [ 100.5789, 19.1035 ], [ 100.5753, 19.103 ], [ 100.5708, 19.0976 ], [ 100.5704, 19.095 ], [ 100.5706, 19.0911 ], [ 100.5742, 19.09 ], [ 100.5677, 19.083 ], [ 100.5657, 19.0781 ], [ 100.5667, 19.0767 ], [ 100.5701, 19.0766 ], [ 100.5656, 19.0732 ], [ 100.5685, 19.0722 ], [ 100.5676, 19.0707 ], [ 100.5751, 19.0684 ], [ 100.5865, 19.0583 ], [ 100.5873, 19.0557 ], [ 100.5951, 19.0531 ], [ 100.6008, 19.048 ], [ 100.6136, 19.0434 ], [ 100.6189, 19.037 ], [ 100.6212, 19.0315 ], [ 100.6157, 19.026 ], [ 100.6122, 19.0249 ], [ 100.6067, 19.0185 ], [ 100.601, 19.0226 ], [ 100.5975, 19.0228 ], [ 100.5939, 19.0254 ], [ 100.5883, 19.0255 ], [ 100.5843, 19.0287 ], [ 100.5759, 19.0283 ], [ 100.5721, 19.0265 ], [ 100.5689, 19.0275 ], [ 100.5637, 19.032 ], [ 100.5595, 19.0417 ], [ 100.5563, 19.0424 ], [ 100.55, 19.0381 ], [ 100.5466, 19.0433 ], [ 100.5402, 19.0445 ], [ 100.5474, 19.016 ], [ 100.5469, 19.0103 ], [ 100.5489, 19.0021 ], [ 100.5479, 18.9952 ], [ 100.5415, 18.996 ], [ 100.5371, 18.994 ], [ 100.5328, 18.9975 ], [ 100.5235, 18.9983 ], [ 100.5138, 18.9958 ], [ 100.5122, 18.9922 ], [ 100.5067, 18.9878 ], [ 100.5039, 18.9986 ], [ 100.5046, 19.0048 ], [ 100.516, 19.0187 ], [ 100.5165, 19.0225 ], [ 100.5097, 19.0252 ], [ 100.506, 19.0294 ], [ 100.4929, 19.0363 ], [ 100.496, 19.0474 ], [ 100.4951, 19.0506 ], [ 100.4853, 19.0532 ], [ 100.4796, 19.051 ], [ 100.4611, 19.0521 ], [ 100.4513, 19.0307 ], [ 100.443, 19.0231 ], [ 100.4409, 19.0145 ], [ 100.4408, 19.0058 ], [ 100.4306, 18.9941 ], [ 100.4296, 18.9835 ], [ 100.4205, 18.9799 ], [ 100.426, 18.9707 ], [ 100.4243, 18.9653 ], [ 100.4263, 18.9649 ], [ 100.4282, 18.9671 ], [ 100.43, 18.9663 ], [ 100.4264, 18.9589 ], [ 100.4302, 18.9558 ], [ 100.43, 18.953 ], [ 100.4238, 18.9454 ], [ 100.4077, 18.9434 ], [ 100.4069, 18.9408 ], [ 100.4096, 18.9368 ], [ 100.4092, 18.9336 ], [ 100.4038, 18.9308 ], [ 100.4034, 18.9288 ], [ 100.396, 18.928 ], [ 100.3929, 18.9249 ], [ 100.3929, 18.9171 ], [ 100.3915, 18.9152 ], [ 100.3931, 18.9109 ], [ 100.3901, 18.8992 ], [ 100.39, 18.8921 ], [ 100.3833, 18.8826 ], [ 100.3686, 18.87 ], [ 100.3678, 18.8652 ], [ 100.3653, 18.862 ], [ 100.3678, 18.8523 ], [ 100.3653, 18.8462 ], [ 100.3504, 18.8328 ], [ 100.3488, 18.8302 ], [ 100.3501, 18.8276 ], [ 100.3489, 18.8263 ], [ 100.3416, 18.824 ], [ 100.3419, 18.8211 ], [ 100.3402, 18.8186 ], [ 100.3417, 18.8152 ], [ 100.3469, 18.812 ], [ 100.3419, 18.8035 ], [ 100.3398, 18.8116 ], [ 100.3345, 18.8103 ], [ 100.3316, 18.8113 ], [ 100.3272, 18.8091 ], [ 100.3184, 18.8109 ], [ 100.3131, 18.809 ], [ 100.3046, 18.8166 ], [ 100.2929, 18.8158 ], [ 100.2843, 18.8182 ], [ 100.2747, 18.8168 ], [ 100.2602, 18.8189 ], [ 100.2564, 18.8162 ], [ 100.2519, 18.8184 ], [ 100.2414, 18.8177 ], [ 100.2363, 18.8212 ], [ 100.2283, 18.8235 ], [ 100.2238, 18.8189 ], [ 100.2216, 18.8195 ], [ 100.2184, 18.8164 ], [ 100.2104, 18.8176 ], [ 100.2071, 18.8135 ], [ 100.1979, 18.8124 ], [ 100.1899, 18.8164 ], [ 100.1872, 18.8288 ], [ 100.1827, 18.8285 ], [ 100.1789, 18.83 ], [ 100.1736, 18.8227 ], [ 100.161, 18.8324 ], [ 100.156, 18.8313 ], [ 100.1544, 18.8275 ], [ 100.151, 18.8251 ], [ 100.1457, 18.8227 ], [ 100.1407, 18.8224 ], [ 100.1358, 18.8154 ], [ 100.1314, 18.8151 ], [ 100.1274, 18.8171 ], [ 100.1269, 18.8193 ], [ 100.1248, 18.8173 ], [ 100.1194, 18.8176 ], [ 100.116, 18.807 ], [ 100.1129, 18.8063 ], [ 100.1075, 18.8117 ], [ 100.0997, 18.8136 ], [ 100.0977, 18.8186 ], [ 100.0907, 18.8226 ], [ 100.09, 18.8256 ], [ 100.0872, 18.8259 ], [ 100.0865, 18.8239 ], [ 100.077, 18.8205 ], [ 100.0749, 18.8192 ], [ 100.0743, 18.8159 ], [ 100.0685, 18.8153 ], [ 100.0683, 18.8262 ], [ 100.0644, 18.8289 ], [ 100.0635, 18.8326 ], [ 100.0675, 18.8422 ], [ 100.0706, 18.8441 ], [ 100.0689, 18.8505 ], [ 100.0717, 18.8563 ], [ 100.072, 18.8635 ], [ 100.0681, 18.865 ], [ 100.0642, 18.874 ], [ 100.0605, 18.8784 ], [ 100.0522, 18.8841 ], [ 100.0473, 18.8835 ], [ 100.0397, 18.892 ], [ 100.0385, 18.8967 ], [ 100.0355, 18.9003 ], [ 100.0253, 18.8944 ], [ 100.0183, 18.8943 ], [ 100.0105, 18.9031 ], [ 100.0043, 18.9056 ], [ 99.9986, 18.9037 ], [ 99.9826, 18.9177 ], [ 99.9792, 18.9163 ], [ 99.9763, 18.9176 ], [ 99.9697, 18.9248 ], [ 99.9562, 18.933 ], [ 99.9525, 18.9385 ], [ 99.9475, 18.9401 ], [ 99.9416, 18.9582 ], [ 99.9352, 18.9677 ], [ 99.9323, 18.9682 ], [ 99.9283, 18.9771 ], [ 99.9175, 18.9807 ], [ 99.9126, 18.9862 ], [ 99.9082, 18.981 ], [ 99.8961, 18.9871 ], [ 99.8913, 18.9862 ], [ 99.8857, 18.9934 ], [ 99.885, 18.9978 ], [ 99.879, 18.9981 ], [ 99.876, 18.9953 ], [ 99.8717, 18.995 ], [ 99.8596, 18.998 ], [ 99.8562, 19.0008 ], [ 99.8485, 19.0017 ] ] ] ] } },
{ "type": "Feature", "properties": { "NAME_1": "Phrae" }, "geometry": { "type": "MultiPolygon", "coordinates": [ [ [ [ 99.4326, 17.857 ], [ 99.4401, 17.8619 ], [ 99.444, 17.8621 ], [ 99.4462, 17.8659 ], [ 99.4504, 17.8678 ], [ 99.454, 17.8771 ], [ 99.4675, 17.8845 ], [ 99.4707, 17.8876 ], [ 99.4714, 17.891 ], [ 99.477, 17.8927 ], [ 99.4792, 17.8978 ], [ 99.4785, 17.8998 ], [ 99.4847, 17.9108 ], [ 99.4857, 17.9146 ], [ 99.4847, 17.9188 ], [ 99.4876, 17.9181 ], [ 99.4914, 17.9206 ], [ 99.4958, 17.9277 ], [ 99.5003, 17.9302 ], [ 99.5088, 17.9418 ], [ 99.513, 17.9416 ], [ 99.5188, 17.9463 ], [ 99.523, 17.9501 ], [ 99.5244, 17.9555 ], [ 99.5336, 17.9599 ], [ 99.5389, 17.9603 ], [ 99.5451, 17.969 ], [ 99.5591, 17.9719 ], [ 99.5626, 17.9753 ], [ 99.5626, 17.9832 ], [ 99.5659, 17.9893 ], [ 99.5778, 17.9941 ], [ 99.5828, 17.9997 ], [ 99.5952, 18.0063 ], [ 99.5965, 18.0087 ], [ 99.5928, 18.0127 ], [ 99.5932, 18.0158 ], [ 99.59, 18.0203 ], [ 99.5904, 18.0246 ], [ 99.5868, 18.0304 ], [ 99.5883, 18.0344 ], [ 99.6014, 18.0376 ], [ 99.6121, 18.0478 ], [ 99.6164, 18.0462 ], [ 99.6203, 18.0469 ], [ 99.6286, 18.0583 ], [ 99.634, 18.0608 ], [ 99.6434, 18.054 ], [ 99.6519, 18.0548 ], [ 99.652, 18.0505 ], [ 99.6591, 18.0384 ], [ 99.6709, 18.0403 ], [ 99.6817, 18.0439 ], [ 99.6858, 18.0501 ], [ 99.6934, 18.0543 ], [ 99.6913, 18.0628 ], [ 99.7021, 18.0654 ], [ 99.708, 18.0693 ], [ 99.7109, 18.0671 ], [ 99.7175, 18.0699 ], [ 99.7208, 18.0678 ], [ 99.7279, 18.0841 ], [ 99.7357, 18.0936 ], [ 99.7407, 18.1069 ], [ 99.7483, 18.1098 ], [ 99.7561, 18.1193 ], [ 99.7624, 18.1203 ], [ 99.7627, 18.122 ], [ 99.7557, 18.1277 ], [ 99.7572, 18.1337 ], [ 99.7553, 18.1393 ], [ 99.7892, 18.1835 ], [ 99.7918, 18.1905 ], [ 99.8005, 18.1983 ], [ 99.8028, 18.2133 ], [ 99.8229, 18.2361 ], [ 99.8346, 18.2345 ], [ 99.8356, 18.2378 ], [ 99.8416, 18.2442 ], [ 99.8468, 18.2552 ], [ 99.8507, 18.2532 ], [ 99.8521, 18.2543 ], [ 99.8532, 18.2568 ], [ 99.8514, 18.2601 ], [ 99.854, 18.2621 ], [ 99.8577, 18.272 ], [ 99.86, 18.2736 ], [ 99.8581, 18.2776 ], [ 99.8595, 18.2821 ], [ 99.8663, 18.2782 ], [ 99.8762, 18.2767 ], [ 99.8815, 18.2804 ], [ 99.8842, 18.2795 ], [ 99.8903, 18.2815 ], [ 99.8968, 18.2785 ], [ 99.909, 18.2791 ], [ 99.9102, 18.2825 ], [ 99.9131, 18.2841 ], [ 99.9249, 18.3084 ], [ 99.9274, 18.3101 ], [ 99.9379, 18.3267 ], [ 99.9384, 18.3359 ], [ 99.9407, 18.3393 ], [ 99.9409, 18.3492 ], [ 99.9454, 18.3532 ], [ 99.9523, 18.354 ], [ 99.9509, 18.3614 ], [ 99.9564, 18.3739 ], [ 99.9627, 18.3823 ], [ 99.9686, 18.3813 ], [ 99.9703, 18.3831 ], [ 99.9716, 18.387 ], [ 99.9677, 18.3918 ], [ 99.9794, 18.3892 ], [ 99.9829, 18.3908 ], [ 99.9878, 18.39 ], [ 99.9921, 18.3968 ], [ 99.9991, 18.4015 ], [ 100.0022, 18.4013 ], [ 100.0073, 18.4083 ], [ 100.008, 18.4108 ], [ 100.0058, 18.413 ], [ 100.0077, 18.4204 ], [ 100.0157, 18.4353 ], [ 100.0115, 18.4415 ], [ 100.0058, 18.4432 ], [ 100.0065, 18.4443 ], [ 100.0136, 18.444 ], [ 100.0229, 18.446 ], [ 100.0295, 18.4625 ], [ 100.0257, 18.4677 ], [ 100.0301, 18.4669 ], [ 100.0331, 18.4694 ], [ 100.0411, 18.4849 ], [ 100.0508, 18.4954 ], [ 100.053, 18.5104 ], [ 100.0576, 18.5154 ], [ 100.0567, 18.5188 ], [ 100.0582, 18.5245 ], [ 100.0514, 18.5274 ], [ 100.0507, 18.5293 ], [ 100.0548, 18.5363 ], [ 100.0536, 18.5401 ], [ 100.0566, 18.5473 ], [ 100.0572, 18.5554 ], [ 100.0706, 18.5604 ], [ 100.0775, 18.5589 ], [ 100.0923, 18.5711 ], [ 100.1032, 18.5599 ], [ 100.1085, 18.5581 ], [ 100.1103, 18.5614 ], [ 100.1087, 18.5635 ], [ 100.1088, 18.5694 ], [ 100.1102, 18.5726 ], [ 100.1138, 18.5752 ], [ 100.112, 18.5814 ], [ 100.1132, 18.5863 ], [ 100.1118, 18.5881 ], [ 100.1172, 18.5924 ], [ 100.1218, 18.599 ], [ 100.1213, 18.6043 ], [ 100.1181, 18.6079 ], [ 100.1138, 18.6095 ], [ 100.1123, 18.6124 ], [ 100.1095, 18.6131 ], [ 100.1075, 18.6156 ], [ 100.1074, 18.6201 ], [ 100.1014, 18.6275 ], [ 100.1046, 18.6463 ], [ 100.1084, 18.6518 ], [ 100.1088, 18.6567 ], [ 100.1067, 18.6612 ], [ 100.113, 18.6697 ], [ 100.1106, 18.6754 ], [ 100.1107, 18.681 ], [ 100.1062, 18.6836 ], [ 100.1061, 18.6879 ], [ 100.11, 18.6896 ], [ 100.1098, 18.7011 ], [ 100.1052, 18.7031 ], [ 100.1051, 18.7094 ], [ 100.1023, 18.714 ], [ 100.1034, 18.7222 ], [ 100.1012, 18.7227 ], [ 100.0984, 18.7275 ], [ 100.0993, 18.7323 ], [ 100.1036, 18.7363 ], [ 100.1028, 18.7495 ], [ 100.1056, 18.7539 ], [ 100.1096, 18.7566 ], [ 100.1108, 18.7608 ], [ 100.1172, 18.7643 ], [ 100.1167, 18.7744 ], [ 100.1205, 18.7786 ], [ 100.1273, 18.7826 ], [ 100.1273, 18.7882 ], [ 100.1246, 18.7912 ], [ 100.1236, 18.7963 ], [ 100.1171, 18.7985 ], [ 100.1177, 18.8016 ], [ 100.1157, 18.8058 ], [ 100.1194, 18.8176 ], [ 100.1248, 18.8173 ], [ 100.1269, 18.8193 ], [ 100.1274, 18.8171 ], [ 100.1314, 18.8151 ], [ 100.1358, 18.8154 ], [ 100.1407, 18.8224 ], [ 100.1457, 18.8227 ], [ 100.151, 18.8251 ], [ 100.1544, 18.8275 ], [ 100.156, 18.8313 ], [ 100.161, 18.8324 ], [ 100.1736, 18.8227 ], [ 100.1789, 18.83 ], [ 100.1827, 18.8285 ], [ 100.1872, 18.8288 ], [ 100.1899, 18.8164 ], [ 100.1979, 18.8124 ], [ 100.2071, 18.8135 ], [ 100.2104, 18.8176 ], [ 100.2184, 18.8164 ], [ 100.2216, 18.8195 ], [ 100.2238, 18.8189 ], [ 100.2283, 18.8235 ], [ 100.2363, 18.8212 ], [ 100.2414, 18.8177 ], [ 100.2519, 18.8184 ], [ 100.2564, 18.8162 ], [ 100.2602, 18.8189 ], [ 100.2747, 18.8168 ], [ 100.2843, 18.8182 ], [ 100.2929, 18.8158 ], [ 100.3046, 18.8166 ], [ 100.3131, 18.809 ], [ 100.3184, 18.8109 ], [ 100.3272, 18.8091 ], [ 100.3316, 18.8113 ], [ 100.3405, 18.8111 ], [ 100.3419, 18.8035 ], [ 100.3383, 18.7941 ], [ 100.3389, 18.7855 ], [ 100.3427, 18.7832 ], [ 100.3497, 18.7846 ], [ 100.3586, 18.7825 ], [ 100.3645, 18.7748 ], [ 100.3609, 18.7697 ], [ 100.3632, 18.7652 ], [ 100.3599, 18.7601 ], [ 100.36, 18.7495 ], [ 100.3732, 18.7423 ], [ 100.3788, 18.7434 ], [ 100.3814, 18.7413 ], [ 100.3857, 18.7426 ], [ 100.3912, 18.7412 ], [ 100.3935, 18.7389 ], [ 100.3897, 18.7311 ], [ 100.3902, 18.7252 ], [ 100.3835, 18.7245 ], [ 100.3736, 18.7098 ], [ 100.3651, 18.7056 ], [ 100.3658, 18.7022 ], [ 100.3622, 18.6978 ], [ 100.3612, 18.6891 ], [ 100.3538, 18.6788 ], [ 100.3583, 18.6716 ], [ 100.3564, 18.6683 ], [ 100.3585, 18.6633 ], [ 100.3564, 18.6609 ], [ 100.3586, 18.6574 ], [ 100.3616, 18.6578 ], [ 100.3626, 18.6527 ], [ 100.3612, 18.6473 ], [ 100.3637, 18.6425 ], [ 100.3663, 18.6423 ], [ 100.3707, 18.6371 ], [ 100.3739, 18.6373 ], [ 100.3782, 18.6351 ], [ 100.3891, 18.6379 ], [ 100.3918, 18.6361 ], [ 100.3936, 18.6369 ], [ 100.395, 18.6351 ], [ 100.3942, 18.6322 ], [ 100.396, 18.6317 ], [ 100.3983, 18.6256 ], [ 100.3905, 18.623 ], [ 100.3865, 18.6233 ], [ 100.3833, 18.6205 ], [ 100.3831, 18.6151 ], [ 100.3812, 18.6137 ], [ 100.3788, 18.6015 ], [ 100.3792, 18.5917 ], [ 100.3769, 18.5896 ], [ 100.3789, 18.5878 ], [ 100.3799, 18.5828 ], [ 100.3765, 18.5709 ], [ 100.3723, 18.5644 ], [ 100.3894, 18.5565 ], [ 100.3892, 18.541 ], [ 100.3969, 18.5305 ], [ 100.3976, 18.5253 ], [ 100.3886, 18.5108 ], [ 100.3917, 18.5094 ], [ 100.3974, 18.5023 ], [ 100.3993, 18.4962 ], [ 100.3975, 18.4943 ], [ 100.4021, 18.4913 ], [ 100.4009, 18.485 ], [ 100.417, 18.4806 ], [ 100.4197, 18.4829 ], [ 100.4208, 18.4895 ], [ 100.4245, 18.4942 ], [ 100.436, 18.4987 ], [ 100.4375, 18.4986 ], [ 100.4456, 18.4887 ], [ 100.4492, 18.4945 ], [ 100.4566, 18.4941 ], [ 100.4622, 18.4895 ], [ 100.4728, 18.4904 ], [ 100.4773, 18.4937 ], [ 100.4791, 18.4921 ], [ 100.4789, 18.4882 ], [ 100.4839, 18.4805 ], [ 100.4963, 18.4727 ], [ 100.5048, 18.474 ], [ 100.5081, 18.4715 ], [ 100.5136, 18.4753 ], [ 100.5174, 18.4739 ], [ 100.5217, 18.475 ], [ 100.526, 18.4782 ], [ 100.5262, 18.4813 ], [ 100.5337, 18.4836 ], [ 100.5375, 18.4884 ], [ 100.5433, 18.4878 ], [ 100.5453, 18.4675 ], [ 100.5487, 18.4633 ], [ 100.5474, 18.4607 ], [ 100.5516, 18.4536 ], [ 100.5521, 18.4485 ], [ 100.5493, 18.4366 ], [ 100.5504, 18.4303 ], [ 100.5528, 18.4276 ], [ 100.5517, 18.4243 ], [ 100.5531, 18.4198 ], [ 100.5521, 18.4138 ], [ 100.55, 18.4123 ], [ 100.5477, 18.405 ], [ 100.5433, 18.4025 ], [ 100.5384, 18.3889 ], [ 100.5349, 18.3898 ], [ 100.529, 18.3886 ], [ 100.5217, 18.3907 ], [ 100.5185, 18.3897 ], [ 100.5121, 18.3798 ], [ 100.5121, 18.374 ], [ 100.5079, 18.3683 ], [ 100.5071, 18.3602 ], [ 100.5003, 18.3554 ], [ 100.4992, 18.3512 ], [ 100.4829, 18.3484 ], [ 100.4849, 18.345 ], [ 100.4845, 18.3414 ], [ 100.4905, 18.34 ], [ 100.4948, 18.3369 ], [ 100.4864, 18.3228 ], [ 100.4829, 18.3218 ], [ 100.4818, 18.3166 ], [ 100.484, 18.3048 ], [ 100.4882, 18.2975 ], [ 100.4856, 18.2943 ], [ 100.4848, 18.2903 ], [ 100.4937, 18.2811 ], [ 100.4955, 18.2769 ], [ 100.4828, 18.2665 ], [ 100.4801, 18.266 ], [ 100.4775, 18.2626 ], [ 100.4783, 18.2588 ], [ 100.4738, 18.2522 ], [ 100.4719, 18.2444 ], [ 100.47, 18.2434 ], [ 100.469, 18.2351 ], [ 100.4623, 18.2271 ], [ 100.4627, 18.2215 ], [ 100.4608, 18.2165 ], [ 100.4557, 18.2128 ], [ 100.4603, 18.2004 ], [ 100.4613, 18.1923 ], [ 100.4575, 18.1896 ], [ 100.453, 18.1822 ], [ 100.4538, 18.1712 ], [ 100.4506, 18.1664 ], [ 100.448, 18.157 ], [ 100.4404, 18.1511 ], [ 100.4183, 18.1534 ], [ 100.4156, 18.1502 ], [ 100.4115, 18.1399 ], [ 100.4045, 18.1386 ], [ 100.3987, 18.1333 ], [ 100.3977, 18.126 ], [ 100.3934, 18.1157 ], [ 100.4015, 18.0976 ], [ 100.3977, 18.0923 ], [ 100.3993, 18.0888 ], [ 100.3974, 18.0845 ], [ 100.4114, 18.0738 ], [ 100.4049, 18.0632 ], [ 100.4107, 18.0548 ], [ 100.4089, 18.0495 ], [ 100.4095, 18.0455 ], [ 100.4167, 18.0357 ], [ 100.4185, 18.0267 ], [ 100.4158, 18.0202 ], [ 100.4092, 18.0228 ], [ 100.4054, 18.0226 ], [ 100.4001, 18.0194 ], [ 100.3939, 18.0198 ], [ 100.3861, 18.0111 ], [ 100.382, 18.0105 ], [ 100.3802, 18.0026 ], [ 100.3772, 17.9987 ], [ 100.3606, 17.9859 ], [ 100.3518, 17.9816 ], [ 100.3574, 17.962 ], [ 100.356, 17.943 ], [ 100.3614, 17.9347 ], [ 100.3602, 17.931 ], [ 100.3612, 17.9246 ], [ 100.3601, 17.9212 ], [ 100.3555, 17.9192 ], [ 100.3492, 17.9134 ], [ 100.3501, 17.9075 ], [ 100.344, 17.8982 ], [ 100.3445, 17.8948 ], [ 100.3431, 17.8919 ], [ 100.3376, 17.889 ], [ 100.3327, 17.8906 ], [ 100.3278, 17.89 ], [ 100.3265, 17.895 ], [ 100.3202, 17.905 ], [ 100.3148, 17.9076 ], [ 100.3134, 17.9142 ], [ 100.3107, 17.9178 ], [ 100.3106, 17.926 ], [ 100.3086, 17.9309 ], [ 100.3004, 17.937 ], [ 100.2896, 17.9345 ], [ 100.2879, 17.947 ], [ 100.2815, 17.9559 ], [ 100.2658, 17.9513 ], [ 100.2625, 17.9522 ], [ 100.2542, 17.9593 ], [ 100.2483, 17.9601 ], [ 100.2408, 17.9543 ], [ 100.2368, 17.9536 ], [ 100.2331, 17.9474 ], [ 100.2273, 17.9473 ], [ 100.227, 17.9383 ], [ 100.2214, 17.9363 ], [ 100.2198, 17.9343 ], [ 100.2192, 17.9301 ], [ 100.2161, 17.9259 ], [ 100.2162, 17.919 ], [ 100.2087, 17.915 ], [ 100.2038, 17.9158 ], [ 100.1963, 17.9041 ], [ 100.1851, 17.8995 ], [ 100.1709, 17.8882 ], [ 100.1618, 17.8878 ], [ 100.1557, 17.8755 ], [ 100.1485, 17.8695 ], [ 100.1457, 17.8645 ], [ 100.1304, 17.8551 ], [ 100.1266, 17.8572 ], [ 100.1202, 17.8568 ], [ 100.1138, 17.85 ], [ 100.1098, 17.8479 ], [ 100.1024, 17.8453 ], [ 100.0993, 17.8482 ], [ 100.0964, 17.8486 ], [ 100.0918, 17.8453 ], [ 100.0897, 17.8412 ], [ 100.0847, 17.8416 ], [ 100.0821, 17.8381 ], [ 100.0787, 17.8367 ], [ 100.0665, 17.839 ], [ 100.0633, 17.8377 ], [ 100.0592, 17.8318 ], [ 100.0537, 17.8379 ], [ 100.0537, 17.8431 ], [ 100.047, 17.8458 ], [ 100.0364, 17.8421 ], [ 100.0277, 17.8365 ], [ 100.0189, 17.8352 ], [ 100.0147, 17.8319 ], [ 100.0062, 17.8346 ], [ 100.0047, 17.8319 ], [ 99.9991, 17.8304 ], [ 99.9987, 17.8273 ], [ 99.9916, 17.8328 ], [ 99.9886, 17.8325 ], [ 99.9881, 17.8289 ], [ 99.9906, 17.8266 ], [ 99.9905, 17.8186 ], [ 99.9923, 17.8129 ], [ 99.9948, 17.8104 ], [ 99.9906, 17.8081 ], [ 99.9893, 17.8049 ], [ 99.9817, 17.7982 ], [ 99.9756, 17.7971 ], [ 99.9734, 17.7989 ], [ 99.965, 17.7968 ], [ 99.9591, 17.7782 ], [ 99.9479, 17.7772 ], [ 99.9452, 17.7796 ], [ 99.9385, 17.7811 ], [ 99.9339, 17.7888 ], [ 99.9292, 17.7881 ], [ 99.9155, 17.7981 ], [ 99.9125, 17.8021 ], [ 99.9027, 17.8029 ], [ 99.899, 17.8054 ], [ 99.8948, 17.8055 ], [ 99.8929, 17.8031 ], [ 99.8889, 17.8061 ], [ 99.8841, 17.806 ], [ 99.8844, 17.8034 ], [ 99.8809, 17.8006 ], [ 99.88, 17.8042 ], [ 99.8776, 17.8004 ], [ 99.8742, 17.8026 ], [ 99.8724, 17.8009 ], [ 99.8709, 17.8037 ], [ 99.8668, 17.7992 ], [ 99.8608, 17.7972 ], [ 99.8589, 17.7975 ], [ 99.8581, 17.8006 ], [ 99.8575, 17.7985 ], [ 99.854, 17.7966 ], [ 99.8512, 17.8 ], [ 99.848, 17.7998 ], [ 99.8437, 17.7965 ], [ 99.8403, 17.7991 ], [ 99.8384, 17.7955 ], [ 99.8358, 17.797 ], [ 99.8329, 17.8019 ], [ 99.8306, 17.7998 ], [ 99.8271, 17.7994 ], [ 99.8241, 17.8016 ], [ 99.8217, 17.8001 ], [ 99.8135, 17.8018 ], [ 99.8114, 17.8 ], [ 99.8084, 17.8014 ], [ 99.805, 17.799 ], [ 99.8036, 17.7947 ], [ 99.8008, 17.7951 ], [ 99.7973, 17.7907 ], [ 99.795, 17.7916 ], [ 99.792, 17.7896 ], [ 99.7897, 17.7915 ], [ 99.7784, 17.7863 ], [ 99.7773, 17.7805 ], [ 99.7748, 17.7806 ], [ 99.7739, 17.7789 ], [ 99.7749, 17.7778 ], [ 99.7772, 17.7788 ], [ 99.7785, 17.7759 ], [ 99.7736, 17.7738 ], [ 99.7729, 17.77 ], [ 99.7703, 17.7701 ], [ 99.7657, 17.759 ], [ 99.7636, 17.7584 ], [ 99.7625, 17.7605 ], [ 99.7621, 17.7566 ], [ 99.7578, 17.7543 ], [ 99.7569, 17.7514 ], [ 99.7524, 17.7513 ], [ 99.7539, 17.7479 ], [ 99.7579, 17.7481 ], [ 99.754, 17.7425 ], [ 99.7539, 17.7376 ], [ 99.7507, 17.7338 ], [ 99.7468, 17.7347 ], [ 99.7468, 17.7315 ], [ 99.7441, 17.7302 ], [ 99.7432, 17.7264 ], [ 99.7366, 17.7248 ], [ 99.738, 17.7211 ], [ 99.7266, 17.72 ], [ 99.7247, 17.7273 ], [ 99.7207, 17.7299 ], [ 99.7182, 17.7267 ], [ 99.7171, 17.7326 ], [ 99.7112, 17.7372 ], [ 99.7122, 17.7419 ], [ 99.7086, 17.7552 ], [ 99.6992, 17.7551 ], [ 99.6961, 17.7584 ], [ 99.6926, 17.757 ], [ 99.6935, 17.7638 ], [ 99.6921, 17.7666 ], [ 99.6845, 17.771 ], [ 99.6867, 17.7723 ], [ 99.6876, 17.776 ], [ 99.683, 17.7829 ], [ 99.6751, 17.7894 ], [ 99.6713, 17.7989 ], [ 99.6565, 17.7941 ], [ 99.6513, 17.7942 ], [ 99.6372, 17.8041 ], [ 99.637, 17.8064 ], [ 99.6307, 17.8132 ], [ 99.6246, 17.8107 ], [ 99.6183, 17.8158 ], [ 99.6146, 17.8157 ], [ 99.6128, 17.8136 ], [ 99.6003, 17.8198 ], [ 99.5854, 17.8141 ], [ 99.573, 17.8139 ], [ 99.5677, 17.8093 ], [ 99.5522, 17.8102 ], [ 99.5448, 17.8087 ], [ 99.5416, 17.8032 ], [ 99.534, 17.7994 ], [ 99.5209, 17.7957 ], [ 99.518, 17.793 ], [ 99.5188, 17.7901 ], [ 99.5169, 17.787 ], [ 99.5171, 17.7812 ], [ 99.5148, 17.7791 ], [ 99.5117, 17.7803 ], [ 99.5067, 17.7784 ], [ 99.5001, 17.7726 ], [ 99.4974, 17.7677 ], [ 99.4899, 17.7601 ], [ 99.483, 17.7432 ], [ 99.4761, 17.7396 ], [ 99.4736, 17.7366 ], [ 99.4661, 17.7354 ], [ 99.4645, 17.7322 ], [ 99.4617, 17.7308 ], [ 99.4613, 17.7279 ], [ 99.4569, 17.7233 ], [ 99.4596, 17.7207 ], [ 99.4547, 17.7102 ], [ 99.444, 17.7049 ], [ 99.4406, 17.7068 ], [ 99.4337, 17.7064 ], [ 99.4286, 17.709 ], [ 99.4237, 17.7084 ], [ 99.4182, 17.7042 ], [ 99.416, 17.7103 ], [ 99.4097, 17.7174 ], [ 99.4113, 17.723 ], [ 99.4072, 17.7248 ], [ 99.4005, 17.7348 ], [ 99.3818, 17.7425 ], [ 99.3809, 17.7482 ], [ 99.3867, 17.7537 ], [ 99.3819, 17.7587 ], [ 99.3819, 17.7636 ], [ 99.3682, 17.772 ], [ 99.37, 17.7755 ], [ 99.3782, 17.7794 ], [ 99.3869, 17.7879 ], [ 99.3953, 17.8073 ], [ 99.3942, 17.8124 ], [ 99.3954, 17.8141 ], [ 99.4026, 17.8159 ], [ 99.4034, 17.819 ], [ 99.406, 17.8212 ], [ 99.4123, 17.8219 ], [ 99.4139, 17.8236 ], [ 99.4143, 17.8294 ], [ 99.418, 17.8354 ], [ 99.4181, 17.8396 ], [ 99.4227, 17.8422 ], [ 99.423, 17.8486 ], [ 99.4289, 17.8506 ], [ 99.4308, 17.856 ], [ 99.4326, 17.857 ] ] ] ] } }
]
}
